timestamp,exchange_long,exchange_short,symbol,gross_spread_pct,price_long,price_short,funding_long,funding_short,funding_diff_pct,effective_spread_pct
2026-06-08T06:29:11.867353+00:00Z,gate,mexc,ESPORTSUSDT,0.5015,0.07827,0.07866,-0.002017,-0.005228,-0.003211,0.5047
2026-06-08T06:29:15.874143+00:00Z,gate,mexc,ESPORTSUSDT,0.5137,0.07836,0.07876,-0.002017,-0.005228,-0.003211,0.5169
2026-06-08T06:29:57.930621+00:00Z,gate,mexc,ESPORTSUSDT,0.6416,0.0783,0.0788,-0.002232,-0.005228,-0.002996,0.6446
2026-06-08T06:30:01.947853+00:00Z,gate,mexc,ESPORTSUSDT,0.5004,0.07841,0.0788,-0.002232,-0.005228,-0.002996,0.5034
2026-06-08T06:31:56.083593+00:00Z,mexc,bybit,LABUSDT,0.5373,13.021,13.091,0.000206,0.000473,0.000267,0.5371
2026-06-08T06:32:20.115562+00:00Z,gate,mexc,ESPORTSUSDT,0.7449,0.07817,0.07875,-0.00266,-0.005627,-0.002967,0.7479
2026-06-08T06:32:22.121631+00:00Z,gate,mexc,ESPORTSUSDT,0.6419,0.07825,0.07875,-0.00266,-0.005627,-0.002967,0.6449
2026-06-08T06:32:24.137146+00:00Z,gate,mexc,ESPORTSUSDT,0.5648,0.07831,0.07875,-0.00266,-0.005627,-0.002967,0.5678
2026-06-08T06:32:26.151614+00:00Z,gate,mexc,ESPORTSUSDT,0.5648,0.07831,0.07875,-0.00266,-0.005627,-0.002967,0.5678
2026-06-08T06:32:28.167554+00:00Z,gate,mexc,ESPORTSUSDT,0.5648,0.07831,0.07875,-0.00266,-0.005627,-0.002967,0.5678
2026-06-08T06:32:30.183361+00:00Z,gate,mexc,ESPORTSUSDT,0.552,0.07832,0.07875,-0.00266,-0.005627,-0.002967,0.555
2026-06-08T06:33:38.389070+00:00Z,gate,mexc,ESPORTSUSDT,0.5265,0.07837,0.07878,-0.003093,-0.006455,-0.003362,0.5299
2026-06-08T06:34:30.463769+00:00Z,gate,mexc,ESPORTSUSDT,0.5014,0.0783,0.07869,-0.003093,-0.006455,-0.003362,0.5048
2026-06-08T06:35:04.529449+00:00Z,gate,mexc,LABUSDT,0.7189,13.0591,13.153,5e-05,0.00022,0.00017,0.7187
2026-06-08T06:35:04.529449+00:00Z,bybit,mexc,LABUSDT,0.6585,13.067,13.153,0.000563,0.00022,-0.000343,0.6588
2026-06-08T06:35:06.586027+00:00Z,gate,mexc,LABUSDT,0.8324,13.0444,13.153,5e-05,0.00022,0.00017,0.8322
2026-06-08T06:35:06.586027+00:00Z,bybit,mexc,LABUSDT,0.5661,13.079,13.153,0.000563,0.00022,-0.000343,0.5665
2026-06-08T06:35:08.593425+00:00Z,gate,mexc,LABUSDT,0.9612,13.02776,13.153,5e-05,0.00022,0.00017,0.961
2026-06-08T06:35:08.593425+00:00Z,bybit,mexc,LABUSDT,0.8669,13.04,13.153,0.000563,0.00022,-0.000343,0.8672
2026-06-08T06:35:10.611308+00:00Z,gate,mexc,LABUSDT,1.0437,13.01712,13.153,5e-05,0.00022,0.00017,1.0435
2026-06-08T06:35:10.611308+00:00Z,bybit,mexc,LABUSDT,0.8979,13.036,13.153,0.000563,0.00022,-0.000343,0.8982
2026-06-08T06:35:12.628610+00:00Z,gate,mexc,LABUSDT,1.1057,13.00914,13.153,5e-05,0.00022,0.00017,1.1055
2026-06-08T06:35:12.628610+00:00Z,bybit,mexc,LABUSDT,1.0762,13.013,13.153,0.000563,0.00022,-0.000343,1.0765
2026-06-08T06:35:14.644622+00:00Z,gate,mexc,LABUSDT,1.2597,12.98935,13.153,5e-05,0.00022,0.00017,1.2595
2026-06-08T06:35:14.644622+00:00Z,bybit,mexc,LABUSDT,0.8979,13.036,13.153,0.000563,0.00022,-0.000343,0.8982
2026-06-08T06:35:16.660131+00:00Z,gate,mexc,LABUSDT,1.2193,12.99454,13.153,5e-05,0.00022,0.00017,1.2191
2026-06-08T06:35:16.660131+00:00Z,bybit,mexc,LABUSDT,0.9133,13.034,13.153,0.000563,0.00022,-0.000343,0.9137
2026-06-08T06:35:18.676594+00:00Z,gate,mexc,LABUSDT,1.2166,12.99488,13.153,5e-05,0.00022,0.00017,1.2164
2026-06-08T06:35:18.676594+00:00Z,bybit,mexc,LABUSDT,1.1461,13.004,13.153,0.000563,0.00022,-0.000343,1.1465
2026-06-08T06:35:20.714828+00:00Z,gate,mexc,LABUSDT,1.1567,13.00258,13.153,5e-05,0.00022,0.00017,1.1565
2026-06-08T06:35:20.714828+00:00Z,bybit,mexc,LABUSDT,1.1073,13.009,13.153,0.000563,0.00022,-0.000343,1.1076
2026-06-08T06:35:22.731268+00:00Z,gate,mexc,LABUSDT,1.1333,13.00558,13.153,5e-05,0.00022,0.00017,1.1332
2026-06-08T06:35:22.731268+00:00Z,bybit,mexc,LABUSDT,0.9288,13.032,13.153,0.000563,0.00022,-0.000343,0.9292
2026-06-08T06:35:24.758219+00:00Z,gate,mexc,LABUSDT,1.2355,12.99245,13.153,5e-05,0.00022,0.00017,1.2354
2026-06-08T06:35:24.758219+00:00Z,bybit,mexc,LABUSDT,1.1773,13.0,13.153,0.000563,0.00022,-0.000343,1.1776
2026-06-08T06:35:26.779160+00:00Z,gate,mexc,LABUSDT,1.2627,12.98897,13.153,5e-05,0.00022,0.00017,1.2625
2026-06-08T06:35:26.779160+00:00Z,bybit,mexc,LABUSDT,1.2084,12.996,13.153,0.000563,0.00022,-0.000343,1.2087
2026-06-08T06:35:28.807505+00:00Z,gate,mexc,LABUSDT,1.2007,12.99693,13.153,5e-05,0.00022,0.00017,1.2005
2026-06-08T06:35:28.807505+00:00Z,bybit,mexc,LABUSDT,1.1461,13.004,13.153,0.000563,0.00022,-0.000343,1.1465
2026-06-08T06:35:30.824126+00:00Z,gate,mexc,LABUSDT,1.2145,12.99515,13.153,5e-05,0.00022,0.00017,1.2143
2026-06-08T06:35:30.824126+00:00Z,bybit,mexc,LABUSDT,1.0451,13.017,13.153,0.000563,0.00022,-0.000343,1.0455
2026-06-08T06:35:32.839549+00:00Z,gate,mexc,LABUSDT,1.2148,12.99511,13.153,5e-05,0.00022,0.00017,1.2147
2026-06-08T06:35:32.839549+00:00Z,bybit,mexc,LABUSDT,1.1073,13.009,13.153,0.000563,0.00022,-0.000343,1.1076
2026-06-08T06:35:34.843247+00:00Z,bybit,mexc,LABUSDT,1.2318,12.993,13.153,0.000563,0.00022,-0.000343,1.2321
2026-06-08T06:35:34.843247+00:00Z,gate,mexc,LABUSDT,1.1324,13.0057,13.153,5e-05,0.00022,0.00017,1.1322
2026-06-08T06:35:36.861460+00:00Z,gate,mexc,LABUSDT,1.2482,12.99083,13.153,5e-05,0.00022,0.00017,1.248
2026-06-08T06:35:36.861460+00:00Z,bybit,mexc,LABUSDT,0.9908,13.024,13.153,0.000563,0.00022,-0.000343,0.9912
2026-06-08T06:35:38.864290+00:00Z,gate,mexc,LABUSDT,1.2226,12.99411,13.153,5e-05,0.00022,0.00017,1.2224
2026-06-08T06:35:38.864290+00:00Z,bybit,mexc,LABUSDT,1.2006,12.997,13.153,0.000563,0.00022,-0.000343,1.201
2026-06-08T06:35:40.880720+00:00Z,gate,mexc,LABUSDT,1.2593,12.9894,13.153,5e-05,0.00022,0.00017,1.2591
2026-06-08T06:35:40.880720+00:00Z,bybit,mexc,LABUSDT,1.2084,12.996,13.153,0.000563,0.00022,-0.000343,1.2087
2026-06-08T06:35:42.904180+00:00Z,gate,mexc,LABUSDT,1.1475,13.00376,13.153,5e-05,0.00022,0.00017,1.1473
2026-06-08T06:35:42.904180+00:00Z,bybit,mexc,LABUSDT,1.1461,13.004,13.153,0.000563,0.00022,-0.000343,1.1465
2026-06-08T06:35:44.907235+00:00Z,gate,mexc,LABUSDT,1.1463,13.00392,13.153,5e-05,0.00022,0.00017,1.1461
2026-06-08T06:35:44.907235+00:00Z,bybit,mexc,LABUSDT,0.9366,13.031,13.153,0.000563,0.00022,-0.000343,0.9369
2026-06-08T06:35:46.911205+00:00Z,gate,mexc,LABUSDT,1.3054,12.98349,13.153,5e-05,0.00022,0.00017,1.3052
2026-06-08T06:35:46.911205+00:00Z,bybit,mexc,LABUSDT,1.1928,12.998,13.153,0.000563,0.00022,-0.000343,1.1932
2026-06-08T06:35:48.927580+00:00Z,gate,mexc,LABUSDT,1.2766,12.98718,13.153,5e-05,0.00022,0.00017,1.2765
2026-06-08T06:35:48.927580+00:00Z,bybit,mexc,LABUSDT,1.0684,13.014,13.153,0.000563,0.00022,-0.000343,1.0688
2026-06-08T06:35:50.930890+00:00Z,gate,mexc,LABUSDT,1.2786,12.98693,13.153,5e-05,0.00022,0.00017,1.2784
2026-06-08T06:35:50.930890+00:00Z,bybit,mexc,LABUSDT,1.2552,12.99,13.153,0.000563,0.00022,-0.000343,1.2555
2026-06-08T06:35:52.948600+00:00Z,gate,mexc,LABUSDT,1.3565,12.97694,13.153,5e-05,0.00022,0.00017,1.3564
2026-06-08T06:35:52.948600+00:00Z,bybit,mexc,LABUSDT,1.2941,12.985,13.153,0.000563,0.00022,-0.000343,1.2945
2026-06-08T06:35:54.951761+00:00Z,bybit,mexc,LABUSDT,1.4661,12.963,13.153,0.000563,0.00022,-0.000343,1.4664
2026-06-08T06:35:54.951761+00:00Z,gate,mexc,LABUSDT,1.4475,12.96531,13.153,5e-05,0.00022,0.00017,1.4473
2026-06-08T06:35:56.968154+00:00Z,gate,mexc,LABUSDT,1.46,12.96371,13.153,5e-05,0.00022,0.00017,1.4598
2026-06-08T06:35:56.968154+00:00Z,bybit,mexc,LABUSDT,1.2318,12.993,13.153,0.000563,0.00022,-0.000343,1.2321
2026-06-08T06:35:58.988871+00:00Z,gate,mexc,LABUSDT,1.4471,12.96535,13.153,5e-05,0.00022,0.00017,1.447
2026-06-08T06:35:58.988871+00:00Z,bybit,mexc,LABUSDT,1.4426,12.966,13.153,0.000563,0.00022,-0.000343,1.4429
2026-06-08T06:36:01.005585+00:00Z,gate,mexc,LABUSDT,1.4926,12.95955,13.153,5e-05,0.00022,0.00017,1.4924
2026-06-08T06:36:01.005585+00:00Z,bybit,mexc,LABUSDT,1.4348,12.967,13.153,0.000563,0.00022,-0.000343,1.4351
2026-06-08T06:36:03.022290+00:00Z,gate,mexc,LABUSDT,1.4507,12.96489,13.153,5e-05,0.00022,0.00017,1.4506
2026-06-08T06:36:03.022290+00:00Z,bybit,mexc,LABUSDT,1.2239,12.994,13.153,0.00052,0.00022,-0.0003,1.2242
2026-06-08T06:36:05.025576+00:00Z,gate,mexc,LABUSDT,1.408,12.97036,13.153,5e-05,0.00022,0.00017,1.4078
2026-06-08T06:36:05.025576+00:00Z,bybit,mexc,LABUSDT,1.3565,12.977,13.153,0.00052,0.00022,-0.0003,1.3568
2026-06-08T06:36:07.042999+00:00Z,gate,mexc,LABUSDT,1.3559,12.97702,13.153,5e-05,0.00022,0.00017,1.3557
2026-06-08T06:36:07.042999+00:00Z,bybit,mexc,LABUSDT,1.1617,13.002,13.153,0.00052,0.00022,-0.0003,1.162
2026-06-08T06:36:09.045519+00:00Z,gate,mexc,LABUSDT,1.8745,12.91096,13.153,5e-05,0.00022,0.00017,1.8743
2026-06-08T06:36:09.045519+00:00Z,bybit,mexc,LABUSDT,1.7958,12.921,13.153,0.00052,0.00022,-0.0003,1.7961
2026-06-08T06:36:11.061731+00:00Z,gate,mexc,LABUSDT,1.9074,12.90679,13.153,5e-05,0.00022,0.00017,1.9073
2026-06-08T06:36:11.061731+00:00Z,bybit,mexc,LABUSDT,1.8352,12.916,13.153,0.00052,0.00022,-0.0003,1.8355
2026-06-08T06:36:13.081550+00:00Z,gate,mexc,LABUSDT,1.9815,12.89741,13.153,5e-05,0.00022,0.00017,1.9814
2026-06-08T06:36:13.081550+00:00Z,bybit,mexc,LABUSDT,1.7565,12.926,13.153,0.00052,0.00022,-0.0003,1.7568
2026-06-08T06:36:15.103516+00:00Z,gate,mexc,LABUSDT,2.0351,12.89064,13.153,5e-05,0.00022,0.00017,2.0349
2026-06-08T06:36:15.103516+00:00Z,bybit,mexc,LABUSDT,1.9694,12.899,13.153,0.00052,0.00022,-0.0003,1.9697
2026-06-08T06:36:17.121074+00:00Z,gate,mexc,LABUSDT,2.0966,12.88287,13.153,5e-05,0.00022,0.00017,2.0965
2026-06-08T06:36:17.121074+00:00Z,bybit,mexc,LABUSDT,1.8905,12.909,13.153,0.00052,0.00022,-0.0003,1.8908
2026-06-08T06:36:19.138994+00:00Z,gate,mexc,LABUSDT,2.0741,12.88571,13.153,5e-05,0.00022,0.00017,2.074
2026-06-08T06:36:19.138994+00:00Z,bybit,mexc,LABUSDT,1.8983,12.908,13.153,0.00052,0.00022,-0.0003,1.8986
2026-06-08T06:36:21.158803+00:00Z,gate,mexc,LABUSDT,1.8952,12.90834,13.153,5e-05,0.00022,0.00017,1.895
2026-06-08T06:36:21.158803+00:00Z,bybit,mexc,LABUSDT,1.8352,12.916,13.153,0.00052,0.00022,-0.0003,1.8355
2026-06-08T06:36:23.174765+00:00Z,gate,mexc,LABUSDT,2.1086,12.88136,13.153,5e-05,0.00022,0.00017,2.1084
2026-06-08T06:36:23.174765+00:00Z,bybit,mexc,LABUSDT,2.009,12.894,13.153,0.00052,0.00022,-0.0003,2.0093
2026-06-08T06:36:25.191256+00:00Z,gate,mexc,LABUSDT,2.162,12.87463,13.153,5e-05,0.00022,0.00017,2.1618
2026-06-08T06:36:25.191256+00:00Z,bybit,mexc,LABUSDT,1.9299,12.904,13.153,0.00052,0.00022,-0.0003,1.9302
2026-06-08T06:36:27.208377+00:00Z,gate,mexc,LABUSDT,2.0938,12.88323,13.153,5e-05,0.00022,0.00017,2.0936
2026-06-08T06:36:27.208377+00:00Z,bybit,mexc,LABUSDT,2.009,12.894,13.153,0.00052,0.00022,-0.0003,2.0093
2026-06-08T06:36:29.211406+00:00Z,gate,mexc,LABUSDT,2.1773,12.8727,13.153,5e-05,0.00022,0.00017,2.1771
2026-06-08T06:36:29.211406+00:00Z,bybit,mexc,LABUSDT,2.0723,12.886,13.153,0.00052,0.00022,-0.0003,2.0726
2026-06-08T06:36:31.227564+00:00Z,gate,mexc,LABUSDT,2.157,12.87526,13.153,5e-05,0.00022,0.00017,2.1568
2026-06-08T06:36:31.227564+00:00Z,bybit,mexc,LABUSDT,1.8589,12.913,13.153,0.00052,0.00022,-0.0003,1.8592
2026-06-08T06:36:33.230961+00:00Z,gate,mexc,LABUSDT,2.1128,12.88083,13.153,5e-05,0.00022,0.00017,2.1126
2026-06-08T06:36:33.230961+00:00Z,bybit,mexc,LABUSDT,1.9457,12.902,13.153,0.00052,0.00022,-0.0003,1.946
2026-06-08T06:36:35.248005+00:00Z,gate,mexc,LABUSDT,2.0027,12.89473,13.153,5e-05,0.00022,0.00017,2.0026
2026-06-08T06:36:35.248005+00:00Z,bybit,mexc,LABUSDT,1.7486,12.927,13.153,0.00052,0.00022,-0.0003,1.7489
2026-06-08T06:36:37.259467+00:00Z,gate,mexc,LABUSDT,2.1559,12.8754,13.153,5e-05,0.00022,0.00017,2.1557
2026-06-08T06:36:37.259467+00:00Z,bybit,mexc,LABUSDT,2.0802,12.885,13.153,0.00052,0.00022,-0.0003,2.0805
2026-06-08T06:36:39.275756+00:00Z,gate,mexc,LABUSDT,2.1977,12.87013,13.153,5e-05,0.00022,0.00017,2.1975
2026-06-08T06:36:39.275756+00:00Z,bybit,mexc,LABUSDT,2.0961,12.883,13.153,0.00052,0.00022,-0.0003,2.0964
2026-06-08T06:36:41.291596+00:00Z,gate,mexc,LABUSDT,2.0878,12.88399,13.153,5e-05,0.00022,0.00017,2.0876
2026-06-08T06:36:41.291596+00:00Z,bybit,mexc,LABUSDT,2.0327,12.891,13.153,0.00052,0.00022,-0.0003,2.033
2026-06-08T06:36:43.309448+00:00Z,gate,mexc,LABUSDT,2.0437,12.88955,13.153,5e-05,0.00022,0.00017,2.0436
2026-06-08T06:36:43.309448+00:00Z,bybit,mexc,LABUSDT,1.8195,12.918,13.153,0.00052,0.00022,-0.0003,1.8198
2026-06-08T06:36:45.328886+00:00Z,gate,mexc,LABUSDT,2.0104,12.89376,13.153,5e-05,0.00022,0.00017,2.0102
2026-06-08T06:36:45.328886+00:00Z,bybit,mexc,LABUSDT,1.9615,12.9,13.153,0.00052,0.00022,-0.0003,1.9618
2026-06-08T06:36:47.347316+00:00Z,gate,mexc,LABUSDT,1.9619,12.89989,13.153,5e-05,0.00022,0.00017,1.9618
2026-06-08T06:36:47.347316+00:00Z,bybit,mexc,LABUSDT,1.7328,12.929,13.153,0.00052,0.00022,-0.0003,1.7331
2026-06-08T06:36:49.365311+00:00Z,gate,mexc,LABUSDT,1.8822,12.90999,13.153,5e-05,0.00022,0.00017,1.882
2026-06-08T06:36:49.365311+00:00Z,bybit,mexc,LABUSDT,1.8037,12.92,13.153,0.00052,0.00022,-0.0003,1.804
2026-06-08T06:36:51.381273+00:00Z,gate,mexc,LABUSDT,1.8245,12.9173,13.153,5e-05,0.00022,0.00017,1.8243
2026-06-08T06:36:51.381273+00:00Z,bybit,mexc,LABUSDT,1.56,12.951,13.153,0.00052,0.00022,-0.0003,1.5603
2026-06-08T06:36:51.381273+00:00Z,mexc,bybit,EPICUSDT,0.5467,0.6036,0.6069,5e-05,5e-05,0.0,0.5467
2026-06-08T06:36:53.401821+00:00Z,gate,mexc,LABUSDT,1.8466,12.9145,13.153,5e-05,0.00022,0.00017,1.8464
2026-06-08T06:36:53.401821+00:00Z,bybit,mexc,LABUSDT,1.7014,12.933,13.153,0.00052,0.00022,-0.0003,1.7017
2026-06-08T06:36:53.401821+00:00Z,mexc,bybit,EPICUSDT,0.6461,0.6036,0.6075,5e-05,5e-05,0.0,0.6461
2026-06-08T06:36:53.401821+00:00Z,mexc,gate,EPICUSDT,0.58,0.6036,0.6071,5e-05,-0.000132,-0.000182,0.5802
2026-06-08T06:36:55.420204+00:00Z,gate,mexc,LABUSDT,1.7976,12.92071,13.153,5e-05,0.00022,0.00017,1.7975
2026-06-08T06:36:55.420204+00:00Z,bybit,mexc,LABUSDT,1.6071,12.945,13.153,0.00052,0.00022,-0.0003,1.6074
2026-06-08T06:36:55.420204+00:00Z,mexc,bybit,EPICUSDT,0.8449,0.6036,0.6087,5e-05,5e-05,0.0,0.8449
2026-06-08T06:36:55.420204+00:00Z,mexc,gate,EPICUSDT,0.7788,0.6036,0.6083,5e-05,-0.000132,-0.000182,0.779
2026-06-08T06:36:55.420204+00:00Z,bybit,mexc,PIPPINUSDT,0.5333,0.01875,0.01885,5e-05,5e-05,0.0,0.5333
2026-06-08T06:36:57.443984+00:00Z,gate,mexc,LABUSDT,1.8701,12.91152,13.153,5e-05,0.00022,0.00017,1.8699
2026-06-08T06:36:57.443984+00:00Z,bybit,mexc,LABUSDT,1.7565,12.926,13.153,0.00052,0.00022,-0.0003,1.7568
2026-06-08T06:36:57.443984+00:00Z,mexc,bybit,EPICUSDT,0.8781,0.6036,0.6089,5e-05,5e-05,0.0,0.8781
2026-06-08T06:36:57.443984+00:00Z,mexc,gate,EPICUSDT,0.7788,0.6036,0.6083,5e-05,-0.000132,-0.000182,0.779
2026-06-08T06:36:59.471733+00:00Z,gate,mexc,LABUSDT,1.8093,12.91923,13.153,5e-05,0.00022,0.00017,1.8091
2026-06-08T06:36:59.471733+00:00Z,bybit,mexc,LABUSDT,1.4973,12.959,13.153,0.00052,0.00022,-0.0003,1.4976
2026-06-08T06:36:59.471733+00:00Z,mexc,bybit,EPICUSDT,0.7952,0.6036,0.6084,5e-05,5e-05,0.0,0.7952
2026-06-08T06:36:59.471733+00:00Z,mexc,gate,EPICUSDT,0.7788,0.6036,0.6083,5e-05,-0.000132,-0.000182,0.779
2026-06-08T06:37:01.490992+00:00Z,gate,mexc,LABUSDT,1.3089,12.98304,13.153,5e-05,0.00022,0.00017,1.3088
2026-06-08T06:37:01.490992+00:00Z,bybit,mexc,LABUSDT,1.1772,13.0,13.153,0.00052,0.00022,-0.0003,1.1775
2026-06-08T06:37:01.490992+00:00Z,bybit,mexc,PIPPINUSDT,0.8561,0.01869,0.01885,5e-05,5e-05,0.0,0.8561
2026-06-08T06:37:01.490992+00:00Z,mexc,bybit,EPICUSDT,0.6296,0.6036,0.6074,5e-05,5e-05,0.0,0.6296
2026-06-08T06:37:01.490992+00:00Z,mexc,gate,EPICUSDT,0.58,0.6036,0.6071,5e-05,-0.000132,-0.000182,0.5802
2026-06-08T06:37:03.509240+00:00Z,gate,mexc,LABUSDT,1.4468,12.96539,13.153,5e-05,0.00022,0.00017,1.4467
2026-06-08T06:37:03.509240+00:00Z,bybit,mexc,LABUSDT,1.0606,13.015,13.153,0.000534,0.00022,-0.000314,1.0609
2026-06-08T06:37:03.509240+00:00Z,mexc,bybit,EPICUSDT,0.7952,0.6036,0.6084,5e-05,5e-05,0.0,0.7952
2026-06-08T06:37:03.509240+00:00Z,mexc,gate,EPICUSDT,0.6463,0.6036,0.6075,5e-05,-0.000132,-0.000182,0.6465
2026-06-08T06:37:05.530851+00:00Z,gate,mexc,LABUSDT,1.5401,12.95348,13.153,5e-05,0.00022,0.00017,1.5399
2026-06-08T06:37:05.530851+00:00Z,bybit,mexc,LABUSDT,1.3956,12.972,13.153,0.000534,0.00022,-0.000314,1.3959
2026-06-08T06:37:05.530851+00:00Z,bybit,mexc,PIPPINUSDT,0.6407,0.01873,0.01885,5e-05,5e-05,0.0,0.6407
2026-06-08T06:37:05.530851+00:00Z,mexc,bybit,EPICUSDT,0.613,0.6036,0.6073,5e-05,5e-05,0.0,0.613
2026-06-08T06:37:05.530851+00:00Z,mexc,gate,EPICUSDT,0.58,0.6036,0.6071,5e-05,-0.000132,-0.000182,0.5802
2026-06-08T06:37:07.548927+00:00Z,bybit,mexc,LABUSDT,1.3097,12.983,13.153,0.000534,0.00022,-0.000314,1.31
2026-06-08T06:37:07.548927+00:00Z,gate,mexc,LABUSDT,1.3072,12.98326,13.153,5e-05,0.00022,0.00017,1.307
2026-06-08T06:37:07.548927+00:00Z,bybit,mexc,PIPPINUSDT,0.7483,0.01871,0.01885,5e-05,5e-05,0.0,0.7483
2026-06-08T06:37:07.548927+00:00Z,mexc,gate,EPICUSDT,0.58,0.6036,0.6071,5e-05,-0.000132,-0.000182,0.5802
2026-06-08T06:37:09.580852+00:00Z,gate,mexc,LABUSDT,1.3287,12.9805,13.153,5e-05,0.00022,0.00017,1.3286
2026-06-08T06:37:09.580852+00:00Z,bybit,mexc,LABUSDT,1.0684,13.014,13.153,0.000534,0.00022,-0.000314,1.0687
2026-06-08T06:37:09.580852+00:00Z,mexc,bybit,EPICUSDT,0.5964,0.6036,0.6072,5e-05,5e-05,0.0,0.5964
2026-06-08T06:37:09.580852+00:00Z,mexc,gate,EPICUSDT,0.58,0.6036,0.6071,5e-05,-0.000132,-0.000182,0.5802
2026-06-08T06:37:11.600349+00:00Z,gate,mexc,LABUSDT,1.2983,12.9844,13.153,5e-05,0.00022,0.00017,1.2981
2026-06-08T06:37:11.600349+00:00Z,bybit,mexc,LABUSDT,0.8669,13.04,13.153,0.000534,0.00022,-0.000314,0.8672
2026-06-08T06:37:11.600349+00:00Z,mexc,bybit,EPICUSDT,0.7621,0.6036,0.6082,5e-05,5e-05,0.0,0.7621
2026-06-08T06:37:11.600349+00:00Z,bybit,mexc,PIPPINUSDT,0.7483,0.01871,0.01885,5e-05,5e-05,0.0,0.7483
2026-06-08T06:37:11.600349+00:00Z,mexc,gate,EPICUSDT,0.6794,0.6036,0.6077,5e-05,-0.000132,-0.000182,0.6796
2026-06-08T06:37:13.625640+00:00Z,gate,mexc,LABUSDT,1.306,12.98342,13.153,5e-05,0.00022,0.00017,1.3058
2026-06-08T06:37:13.625640+00:00Z,bybit,mexc,LABUSDT,1.0995,13.01,13.153,0.000534,0.00022,-0.000314,1.0998
2026-06-08T06:37:13.625640+00:00Z,mexc,bybit,EPICUSDT,0.7787,0.6036,0.6083,5e-05,5e-05,0.0,0.7787
2026-06-08T06:37:13.625640+00:00Z,bybit,mexc,PIPPINUSDT,0.7483,0.01871,0.01885,5e-05,5e-05,0.0,0.7483
2026-06-08T06:37:13.625640+00:00Z,mexc,gate,EPICUSDT,0.6794,0.6036,0.6077,5e-05,-0.000132,-0.000182,0.6796
2026-06-08T06:37:15.643791+00:00Z,gate,mexc,LABUSDT,1.2983,12.9844,13.153,5e-05,0.00022,0.00017,1.2981
2026-06-08T06:37:15.643791+00:00Z,bybit,mexc,LABUSDT,0.952,13.029,13.153,0.000534,0.00022,-0.000314,0.9524
2026-06-08T06:37:15.643791+00:00Z,mexc,bybit,EPICUSDT,0.8118,0.6036,0.6085,5e-05,5e-05,0.0,0.8118
2026-06-08T06:37:15.643791+00:00Z,bybit,mexc,PIPPINUSDT,0.7483,0.01871,0.01885,5e-05,5e-05,0.0,0.7483
2026-06-08T06:37:15.643791+00:00Z,mexc,gate,EPICUSDT,0.6794,0.6036,0.6077,5e-05,-0.000132,-0.000182,0.6796
2026-06-08T06:37:19.663632+00:00Z,gate,mexc,ESPORTSUSDT,0.5262,0.07833,0.07874,-0.00371,-0.006455,-0.002745,0.5289
2026-06-08T06:37:35.687647+00:00Z,gate,mexc,ESPORTSUSDT,0.5501,0.07853,0.07896,-0.003942,-0.006455,-0.002513,0.5526
2026-06-08T06:37:43.710362+00:00Z,gate,mexc,ESPORTSUSDT,0.6006,0.07859,0.07906,-0.003942,-0.006455,-0.002513,0.6031
2026-06-08T06:37:45.725376+00:00Z,gate,mexc,ESPORTSUSDT,0.5243,0.07857,0.07898,-0.003942,-0.006455,-0.002513,0.5269
2026-06-08T06:37:47.740441+00:00Z,gate,mexc,ESPORTSUSDT,0.538,0.07844,0.07886,-0.003942,-0.006455,-0.002513,0.5405
2026-06-08T06:38:06.192324+00:00Z,gate,mexc,ESPORTSUSDT,0.5127,0.0786,0.079,-0.003942,-0.00772,-0.003778,0.5165
2026-06-08T06:38:22.218547+00:00Z,gate,mexc,ESPORTSUSDT,0.5411,0.07816,0.07858,-0.003942,-0.00772,-0.003778,0.5449
2026-06-08T06:38:24.400764+00:00Z,gate,mexc,ESPORTSUSDT,0.5914,0.07828,0.07874,-0.003942,-0.00772,-0.003778,0.5952
2026-06-08T06:38:28.403847+00:00Z,gate,mexc,ESPORTSUSDT,0.5409,0.07819,0.07861,-0.003942,-0.00772,-0.003778,0.5447
2026-06-08T06:38:32.410981+00:00Z,gate,mexc,ESPORTSUSDT,0.5272,0.07833,0.07874,-0.003942,-0.00772,-0.003778,0.531
2026-06-08T06:38:38.431070+00:00Z,gate,mexc,ESPORTSUSDT,0.5265,0.0784,0.07881,-0.004217,-0.00772,-0.003503,0.53
2026-06-08T06:38:40.449284+00:00Z,gate,mexc,ESPORTSUSDT,0.5652,0.07834,0.07878,-0.004217,-0.00772,-0.003503,0.5687
2026-06-08T06:38:44.469446+00:00Z,gate,mexc,ESPORTSUSDT,0.5127,0.07856,0.07896,-0.004217,-0.00772,-0.003503,0.5162
2026-06-08T06:38:46.485294+00:00Z,gate,mexc,ESPORTSUSDT,0.5902,0.07841,0.07887,-0.004217,-0.00772,-0.003503,0.5937
2026-06-08T06:38:50.501912+00:00Z,gate,mexc,ESPORTSUSDT,0.5646,0.07842,0.07886,-0.004217,-0.00772,-0.003503,0.5681
2026-06-08T06:38:52.520821+00:00Z,gate,mexc,ESPORTSUSDT,0.5258,0.0785,0.07891,-0.004217,-0.00772,-0.003503,0.5293
2026-06-08T06:38:56.538044+00:00Z,gate,mexc,ESPORTSUSDT,0.5385,0.0785,0.07892,-0.004217,-0.00772,-0.003503,0.542
2026-06-08T06:39:02.559352+00:00Z,gate,mexc,ESPORTSUSDT,0.5266,0.07845,0.07886,-0.004217,-0.008168,-0.003951,0.5305
2026-06-08T06:39:02.559352+00:00Z,bybit,mexc,ESPORTSUSDT,0.5066,0.07847,0.07886,0.001398,-0.008168,-0.009566,0.5161
2026-06-08T06:39:26.588237+00:00Z,gate,mexc,ESPORTSUSDT,0.7077,0.07815,0.0787,-0.004217,-0.008168,-0.003951,0.7117
2026-06-08T06:39:26.588237+00:00Z,bybit,mexc,ESPORTSUSDT,0.5718,0.07826,0.0787,0.001369,-0.008168,-0.009537,0.5813
2026-06-08T06:39:30.605437+00:00Z,gate,mexc,ESPORTSUSDT,0.502,0.07831,0.0787,-0.004217,-0.008168,-0.003951,0.5059
2026-06-08T06:39:42.628630+00:00Z,gate,mexc,ALLOUSDT,0.5301,0.38502,0.38706,-0.000291,-0.000515,-0.000224,0.5303
2026-06-08T06:39:44.643657+00:00Z,gate,mexc,ALLOUSDT,0.6085,0.38472,0.38706,-0.000291,-0.000515,-0.000224,0.6087
2026-06-08T06:39:44.643657+00:00Z,bybit,mexc,ALLOUSDT,0.5482,0.38495,0.38706,-0.000445,-0.000515,-7e-05,0.5483
2026-06-08T06:39:46.659896+00:00Z,gate,mexc,ALLOUSDT,0.5823,0.38482,0.38706,-0.000291,-0.000515,-0.000224,0.5825
2026-06-08T06:39:48.676372+00:00Z,gate,mexc,ALLOUSDT,0.8549,0.38378,0.38706,-0.000291,-0.000515,-0.000224,0.8551
2026-06-08T06:39:48.676372+00:00Z,bybit,mexc,ALLOUSDT,0.8416,0.38383,0.38706,-0.000445,-0.000515,-7e-05,0.8417
2026-06-08T06:39:50.699464+00:00Z,bybit,mexc,ALLOUSDT,0.6162,0.38469,0.38706,-0.000445,-0.000515,-7e-05,0.6162
2026-06-08T06:39:50.699464+00:00Z,gate,mexc,ALLOUSDT,0.6085,0.38472,0.38706,-0.000291,-0.000515,-0.000224,0.6087
2026-06-08T06:39:52.715068+00:00Z,gate,mexc,ALLOUSDT,0.6477,0.38457,0.38706,-0.000291,-0.000515,-0.000224,0.6479
2026-06-08T06:39:52.715068+00:00Z,bybit,mexc,ALLOUSDT,0.6345,0.38462,0.38706,-0.000445,-0.000515,-7e-05,0.6345
2026-06-08T06:39:54.731860+00:00Z,gate,mexc,ALLOUSDT,0.6006,0.38475,0.38706,-0.000291,-0.000515,-0.000224,0.6008
2026-06-08T06:39:54.731860+00:00Z,bybit,mexc,ALLOUSDT,0.5456,0.38496,0.38706,-0.000445,-0.000515,-7e-05,0.5457
2026-06-08T06:39:56.759599+00:00Z,gate,mexc,ALLOUSDT,0.5066,0.38511,0.38706,-0.000291,-0.000515,-0.000224,0.5068
2026-06-08T06:40:00.777349+00:00Z,gate,mexc,ESPORTSUSDT,0.5262,0.07847,0.07888,-0.004496,-0.008168,-0.003672,0.5298
2026-06-08T06:40:04.795712+00:00Z,gate,mexc,ESPORTSUSDT,0.5521,0.07848,0.07891,-0.004496,-0.008719,-0.004223,0.5564
2026-06-08T06:40:06.811680+00:00Z,gate,mexc,ESPORTSUSDT,0.5659,0.07833,0.07877,-0.004496,-0.008719,-0.004223,0.5702
2026-06-08T06:40:08.827776+00:00Z,gate,mexc,ESPORTSUSDT,0.5404,0.07833,0.07875,-0.004496,-0.008719,-0.004223,0.5446
2026-06-08T06:40:10.843969+00:00Z,gate,mexc,ESPORTSUSDT,0.5912,0.07837,0.07883,-0.004496,-0.008719,-0.004223,0.5954
2026-06-08T06:40:12.859592+00:00Z,gate,mexc,ESPORTSUSDT,0.5012,0.07847,0.07886,-0.004496,-0.008719,-0.004223,0.5055
2026-06-08T06:40:18.881361+00:00Z,bybit,mexc,ESPORTSUSDT,0.5699,0.07859,0.07903,0.001344,-0.008719,-0.010063,0.58
2026-06-08T06:40:18.881361+00:00Z,gate,mexc,ESPORTSUSDT,0.5513,0.0786,0.07903,-0.004496,-0.008719,-0.004223,0.5555
2026-06-08T06:40:20.884550+00:00Z,gate,mexc,ESPORTSUSDT,0.5514,0.07859,0.07902,-0.004496,-0.008719,-0.004223,0.5556
2026-06-08T06:40:22.899897+00:00Z,gate,mexc,ESPORTSUSDT,0.5506,0.0787,0.07913,-0.004496,-0.008719,-0.004223,0.5548
2026-06-08T06:40:24.902665+00:00Z,gate,mexc,ESPORTSUSDT,0.5761,0.07869,0.07914,-0.004496,-0.008719,-0.004223,0.5803
2026-06-08T06:40:24.902665+00:00Z,bybit,mexc,ESPORTSUSDT,0.5564,0.07871,0.07914,0.001344,-0.008719,-0.010063,0.5664
2026-06-08T06:40:38.916150+00:00Z,gate,mexc,ESPORTSUSDT,0.5243,0.07879,0.0792,-0.004766,-0.008719,-0.003953,0.5283
2026-06-08T06:40:48.925863+00:00Z,gate,mexc,ESPORTSUSDT,0.5376,0.0787,0.07912,-0.004766,-0.008719,-0.003953,0.5416
2026-06-08T06:40:58.937061+00:00Z,gate,mexc,ESPORTSUSDT,0.512,0.07873,0.07913,-0.004766,-0.008719,-0.003953,0.516
2026-06-08T06:41:06.944813+00:00Z,bybit,mexc,ESPORTSUSDT,0.5047,0.07885,0.07924,0.001344,-0.008719,-0.010063,0.5147
2026-06-08T06:41:10.962216+00:00Z,bybit,mexc,ESPORTSUSDT,0.5053,0.07875,0.07914,0.001314,-0.008719,-0.010033,0.5153
2026-06-08T06:41:16.981069+00:00Z,bybit,mexc,ESPORTSUSDT,0.544,0.07866,0.07908,0.001314,-0.008719,-0.010033,0.554
2026-06-08T06:41:16.981069+00:00Z,gate,mexc,ESPORTSUSDT,0.5379,0.07866,0.07908,-0.004766,-0.008719,-0.003953,0.5418
2026-06-08T06:41:18.996171+00:00Z,bybit,mexc,ESPORTSUSDT,0.5058,0.07867,0.07906,0.001314,-0.008719,-0.010033,0.5158
2026-06-08T06:41:29.003731+00:00Z,bybit,mexc,ESPORTSUSDT,0.5057,0.07868,0.07907,0.001314,-0.008719,-0.010033,0.5157
2026-06-08T06:41:33.009547+00:00Z,bybit,mexc,ESPORTSUSDT,0.5695,0.07865,0.07909,0.001314,-0.008719,-0.010033,0.5795
2026-06-08T06:41:35.024334+00:00Z,bybit,mexc,ESPORTSUSDT,0.5948,0.07867,0.07913,0.001314,-0.008719,-0.010033,0.6048
2026-06-08T06:41:45.036453+00:00Z,bybit,mexc,ESPORTSUSDT,0.5303,0.0788,0.07921,0.001314,-0.008719,-0.010033,0.5404
2026-06-08T06:41:47.051581+00:00Z,bybit,mexc,ESPORTSUSDT,0.543,0.0788,0.07922,0.001314,-0.008719,-0.010033,0.5531
2026-06-08T06:41:53.074503+00:00Z,bybit,mexc,ESPORTSUSDT,0.5802,0.07893,0.07938,0.001314,-0.008719,-0.010033,0.5902
2026-06-08T06:41:57.091072+00:00Z,bybit,mexc,ESPORTSUSDT,0.503,0.07912,0.07951,0.001314,-0.008719,-0.010033,0.513
2026-06-08T06:42:03.099036+00:00Z,bybit,mexc,ESPORTSUSDT,0.5536,0.07919,0.07962,0.001314,-0.009268,-0.010582,0.5642
2026-06-08T06:42:07.121939+00:00Z,bybit,mexc,ESPORTSUSDT,0.5403,0.07929,0.07971,0.001314,-0.009268,-0.010582,0.5509
2026-06-08T06:42:23.147043+00:00Z,bybit,mexc,ESPORTSUSDT,0.6286,0.07928,0.07977,0.00128,-0.009268,-0.010548,0.6392
2026-06-08T06:42:25.162879+00:00Z,bybit,mexc,ESPORTSUSDT,0.6032,0.0793,0.07977,0.00128,-0.009268,-0.010548,0.6138
2026-06-08T06:42:25.162879+00:00Z,gate,mexc,ESPORTSUSDT,0.5843,0.07931,0.07977,-0.00502,-0.009268,-0.004248,0.5885
2026-06-08T06:42:31.184566+00:00Z,bybit,mexc,ESPORTSUSDT,0.7552,0.07923,0.07982,0.00128,-0.009268,-0.010548,0.7658
2026-06-08T06:42:31.184566+00:00Z,gate,mexc,ESPORTSUSDT,0.6092,0.07934,0.07982,-0.00502,-0.009268,-0.004248,0.6135
2026-06-08T06:42:39.201159+00:00Z,bybit,mexc,ESPORTSUSDT,0.6848,0.08009,0.08063,0.00128,-0.009268,-0.010548,0.6953
2026-06-08T06:42:51.209915+00:00Z,gate,mexc,ESPORTSUSDT,0.5158,0.08011,0.08052,-0.005313,-0.009268,-0.003955,0.5197
2026-06-08T06:42:55.213639+00:00Z,bybit,mexc,ESPORTSUSDT,0.573,0.08,0.08045,0.00128,-0.009268,-0.010548,0.5836
2026-06-08T06:42:55.213639+00:00Z,gate,mexc,ESPORTSUSDT,0.5036,0.08005,0.08045,-0.005313,-0.009268,-0.003955,0.5076
2026-06-08T06:42:59.230135+00:00Z,bybit,mexc,ESPORTSUSDT,0.8136,0.0797,0.08034,0.00128,-0.009268,-0.010548,0.8241
2026-06-08T06:43:03.235476+00:00Z,bybit,mexc,ESPORTSUSDT,0.8028,0.07957,0.0802,0.00128,-0.009803,-0.011083,0.8139
2026-06-08T06:43:03.235476+00:00Z,gate,mexc,ESPORTSUSDT,0.6192,0.07971,0.0802,-0.005313,-0.009803,-0.00449,0.6237
2026-06-08T06:43:05.250922+00:00Z,bybit,mexc,ESPORTSUSDT,0.5008,0.07963,0.08002,0.00128,-0.009803,-0.011083,0.5119
2026-06-08T06:43:09.259789+00:00Z,gate,bybit,JCTUSDT,0.7536,0.004433,0.004466,0.000207,5e-05,-0.000157,0.7538
2026-06-08T06:43:11.261991+00:00Z,bybit,mexc,ESPORTSUSDT,0.6751,0.07981,0.08034,0.001232,-0.009803,-0.011035,0.6861
2026-06-08T06:43:17.283265+00:00Z,bybit,mexc,ESPORTSUSDT,0.7377,0.07982,0.0804,0.001232,-0.009803,-0.011035,0.7487
2026-06-08T06:43:17.283265+00:00Z,gate,mexc,ESPORTSUSDT,0.5673,0.07995,0.0804,-0.005313,-0.009803,-0.00449,0.5718
2026-06-08T06:43:33.485031+00:00Z,bybit,mexc,ALLOUSDT,0.5212,0.38953,0.39156,-0.000418,-0.0005,-8.2e-05,0.5213
2026-06-08T06:43:33.485031+00:00Z,gate,mexc,ALLOUSDT,0.5033,0.3896,0.39156,-0.000282,-0.0005,-0.000218,0.5035
2026-06-08T06:43:35.501290+00:00Z,gate,mexc,ALLOUSDT,0.6454,0.38905,0.39156,-0.000282,-0.0005,-0.000218,0.6456
2026-06-08T06:43:35.501290+00:00Z,bybit,mexc,ALLOUSDT,0.6452,0.38905,0.39156,-0.000418,-0.0005,-8.2e-05,0.6453
2026-06-08T06:43:37.580694+00:00Z,bybit,mexc,ALLOUSDT,0.6659,0.38897,0.39156,-0.000418,-0.0005,-8.2e-05,0.666
2026-06-08T06:43:37.580694+00:00Z,gate,mexc,ALLOUSDT,0.6635,0.38898,0.39156,-0.000282,-0.0005,-0.000218,0.6637
2026-06-08T06:43:49.612911+00:00Z,bybit,mexc,ALLOUSDT,0.6478,0.38904,0.39156,-0.000418,-0.0005,-8.2e-05,0.6479
2026-06-08T06:43:49.612911+00:00Z,gate,mexc,ALLOUSDT,0.6273,0.38912,0.39156,-0.000282,-0.0005,-0.000218,0.6275
2026-06-08T06:43:51.628391+00:00Z,gate,mexc,ALLOUSDT,0.5575,0.38939,0.39156,-0.000282,-0.0005,-0.000218,0.5577
2026-06-08T06:43:51.628391+00:00Z,bybit,mexc,ALLOUSDT,0.5264,0.38951,0.39156,-0.000418,-0.0005,-8.2e-05,0.5265
2026-06-08T06:43:59.667083+00:00Z,gate,mexc,ESPORTSUSDT,0.5026,0.08026,0.08066,-0.005542,-0.009803,-0.004261,0.5069
2026-06-08T06:44:01.673615+00:00Z,mexc,bybit,ALLOUSDT,0.6923,0.38995,0.39265,-0.000498,-0.000418,8e-05,0.6922
2026-06-08T06:44:19.709849+00:00Z,gate,mexc,ESPORTSUSDT,0.5044,0.08006,0.08046,-0.005542,-0.010313,-0.004771,0.5092
2026-06-08T06:44:25.760261+00:00Z,gate,mexc,ESPORTSUSDT,0.5032,0.08026,0.08066,-0.005542,-0.010313,-0.004771,0.5079
2026-06-08T06:44:29.782424+00:00Z,bybit,mexc,ESPORTSUSDT,0.5477,0.0802,0.08063,0.001211,-0.010313,-0.011524,0.5592
2026-06-08T06:44:29.782424+00:00Z,gate,mexc,ESPORTSUSDT,0.5284,0.08021,0.08063,-0.005542,-0.010313,-0.004771,0.5332
2026-06-08T06:44:33.786060+00:00Z,gate,mexc,ESPORTSUSDT,0.515,0.08033,0.08074,-0.005754,-0.010313,-0.004559,0.5195
2026-06-08T06:44:35.794041+00:00Z,gate,mexc,ESPORTSUSDT,0.5524,0.08031,0.08075,-0.005754,-0.010313,-0.004559,0.557
2026-06-08T06:44:51.822971+00:00Z,bybit,mexc,ESPORTSUSDT,0.5089,0.08042,0.08082,0.001211,-0.010313,-0.011524,0.5204
2026-06-08T06:44:57.842456+00:00Z,bybit,mexc,ESPORTSUSDT,0.5186,0.08085,0.08126,0.001211,-0.010313,-0.011524,0.5302
2026-06-08T06:45:05.848840+00:00Z,bybit,mexc,ESPORTSUSDT,0.6155,0.08113,0.08162,0.001211,-0.010313,-0.011524,0.627
2026-06-08T06:45:05.848840+00:00Z,gate,mexc,ESPORTSUSDT,0.5713,0.08116,0.08162,-0.005754,-0.010313,-0.004559,0.5759
2026-06-08T06:45:07.865185+00:00Z,bybit,mexc,ESPORTSUSDT,0.6403,0.08111,0.08162,0.001211,-0.010313,-0.011524,0.6518
2026-06-08T06:45:07.865185+00:00Z,gate,mexc,ESPORTSUSDT,0.6333,0.08111,0.08162,-0.005754,-0.010313,-0.004559,0.6379
2026-06-08T06:45:09.869741+00:00Z,bybit,mexc,ESPORTSUSDT,0.5169,0.08113,0.08154,0.001179,-0.010313,-0.011492,0.5283
2026-06-08T06:45:11.884519+00:00Z,bybit,mexc,ESPORTSUSDT,0.8018,0.08098,0.08162,0.001179,-0.010313,-0.011492,0.8133
2026-06-08T06:45:11.884519+00:00Z,gate,mexc,ESPORTSUSDT,0.6209,0.08112,0.08162,-0.005754,-0.010313,-0.004559,0.6255
2026-06-08T06:45:13.894604+00:00Z,bybit,mexc,ESPORTSUSDT,0.6924,0.08077,0.08132,0.001179,-0.010313,-0.011492,0.7039
2026-06-08T06:45:13.894604+00:00Z,gate,mexc,ESPORTSUSDT,0.5113,0.08091,0.08132,-0.005754,-0.010313,-0.004559,0.5159
2026-06-08T06:45:29.927850+00:00Z,bybit,mexc,ESPORTSUSDT,0.7739,0.08132,0.08194,0.001179,-0.010313,-0.011492,0.7854
2026-06-08T06:45:29.927850+00:00Z,gate,mexc,ESPORTSUSDT,0.5198,0.08152,0.08194,-0.005754,-0.010313,-0.004559,0.5243
2026-06-08T06:45:31.954358+00:00Z,bybit,mexc,ESPORTSUSDT,0.7244,0.08136,0.08194,0.001179,-0.010313,-0.011492,0.7359
2026-06-08T06:45:43.979578+00:00Z,bybit,mexc,ESPORTSUSDT,0.7863,0.08131,0.08194,0.001179,-0.010313,-0.011492,0.7978
2026-06-08T06:45:47.997459+00:00Z,bybit,mexc,ESPORTSUSDT,0.7725,0.08147,0.08209,0.001179,-0.010313,-0.011492,0.784
2026-06-08T06:45:50.012032+00:00Z,bybit,mexc,ESPORTSUSDT,0.845,0.08158,0.08226,0.001179,-0.010313,-0.011492,0.8565
2026-06-08T06:46:00.041541+00:00Z,bybit,mexc,ESPORTSUSDT,1.1301,0.08135,0.08226,0.001179,-0.010313,-0.011492,1.1416
2026-06-08T06:46:00.041541+00:00Z,gate,mexc,ESPORTSUSDT,0.5298,0.08183,0.08226,-0.005956,-0.010313,-0.004357,0.5342
2026-06-08T06:46:04.052139+00:00Z,bybit,mexc,ESPORTSUSDT,0.5519,0.0815,0.08194,0.001179,-0.010812,-0.011991,0.5639
2026-06-08T06:46:06.071296+00:00Z,bybit,mexc,ESPORTSUSDT,0.795,0.08174,0.08238,0.001179,-0.010812,-0.011991,0.807
2026-06-08T06:46:10.087248+00:00Z,bybit,mexc,ESPORTSUSDT,0.9668,0.08169,0.08247,0.001115,-0.010812,-0.011927,0.9787
2026-06-08T06:46:10.087248+00:00Z,gate,mexc,ESPORTSUSDT,0.5658,0.08201,0.08247,-0.005956,-0.010812,-0.004856,0.5706
2026-06-08T06:46:12.102825+00:00Z,bybit,mexc,ESPORTSUSDT,0.8715,0.08144,0.08214,0.001115,-0.010812,-0.011927,0.8834
2026-06-08T06:46:16.124796+00:00Z,bybit,mexc,ESPORTSUSDT,0.8578,0.08157,0.08226,0.001115,-0.010812,-0.011927,0.8698
2026-06-08T06:46:16.124796+00:00Z,gate,mexc,ESPORTSUSDT,0.5303,0.08183,0.08226,-0.005956,-0.010812,-0.004856,0.5352
2026-06-08T06:46:18.127440+00:00Z,bybit,mexc,ESPORTSUSDT,0.8323,0.08167,0.08234,0.001115,-0.010812,-0.011927,0.8442
2026-06-08T06:46:18.127440+00:00Z,gate,mexc,ESPORTSUSDT,0.5421,0.0819,0.08234,-0.005956,-0.010812,-0.004856,0.547
2026-06-08T06:46:20.142494+00:00Z,gate,mexc,ESPORTSUSDT,0.6041,0.08177,0.08226,-0.005956,-0.010812,-0.004856,0.609
2026-06-08T06:46:20.142494+00:00Z,bybit,mexc,ESPORTSUSDT,0.5743,0.0818,0.08226,0.001115,-0.010812,-0.011927,0.5862
2026-06-08T06:46:22.145098+00:00Z,bybit,mexc,ESPORTSUSDT,0.8222,0.08145,0.08211,0.001115,-0.010812,-0.011927,0.8342
2026-06-08T06:46:24.147220+00:00Z,bybit,mexc,ESPORTSUSDT,0.6612,0.08163,0.08216,0.001115,-0.010812,-0.011927,0.6731
2026-06-08T06:46:26.150032+00:00Z,bybit,mexc,ESPORTSUSDT,1.0045,0.08161,0.08242,0.001115,-0.010812,-0.011927,1.0164
2026-06-08T06:46:26.150032+00:00Z,gate,mexc,ESPORTSUSDT,0.5048,0.08201,0.08242,-0.005956,-0.010812,-0.004856,0.5097
2026-06-08T06:46:36.177762+00:00Z,bybit,mexc,ESPORTSUSDT,0.955,0.08165,0.08242,0.001115,-0.010812,-0.011927,0.9669
2026-06-08T06:46:42.198378+00:00Z,bybit,mexc,ESPORTSUSDT,0.8685,0.08172,0.08242,0.001115,-0.010812,-0.011927,0.8804
2026-06-08T06:46:42.198378+00:00Z,gate,mexc,ESPORTSUSDT,0.5291,0.08199,0.08242,-0.006177,-0.010812,-0.004635,0.5337
2026-06-08T06:46:44.219605+00:00Z,bybit,mexc,ESPORTSUSDT,0.7837,0.08163,0.08226,0.001115,-0.010812,-0.011927,0.7956
2026-06-08T06:46:46.234606+00:00Z,bybit,mexc,ESPORTSUSDT,0.7837,0.08163,0.08226,0.001115,-0.010812,-0.011927,0.7956
2026-06-08T06:46:48.249268+00:00Z,bybit,mexc,ESPORTSUSDT,0.9689,0.08151,0.08229,0.001115,-0.010812,-0.011927,0.9808
2026-06-08T06:46:50.263875+00:00Z,bybit,mexc,ESPORTSUSDT,0.8211,0.08156,0.08222,0.001115,-0.010812,-0.011927,0.8331
2026-06-08T06:46:54.276419+00:00Z,bybit,mexc,ESPORTSUSDT,0.856,0.08175,0.08244,0.001115,-0.010812,-0.011927,0.8679
2026-06-08T06:46:56.279341+00:00Z,bybit,mexc,ESPORTSUSDT,0.9299,0.0817,0.08245,0.001115,-0.010812,-0.011927,0.9418
2026-06-08T06:46:56.279341+00:00Z,gate,mexc,ESPORTSUSDT,0.5044,0.08204,0.08245,-0.006177,-0.010812,-0.004635,0.509
2026-06-08T06:47:00.304571+00:00Z,bybit,mexc,ESPORTSUSDT,0.8068,0.08177,0.08242,0.001115,-0.010812,-0.011927,0.8188
2026-06-08T06:47:02.306729+00:00Z,bybit,mexc,ESPORTSUSDT,1.0049,0.08161,0.08242,0.001115,-0.011305,-0.01242,1.0174
2026-06-08T06:47:02.306729+00:00Z,gate,mexc,ESPORTSUSDT,0.6032,0.08193,0.08242,-0.006177,-0.011305,-0.005128,0.6083
2026-06-08T06:47:04.322450+00:00Z,bybit,mexc,ESPORTSUSDT,0.9412,0.08183,0.08259,0.001115,-0.011305,-0.01242,0.9536
2026-06-08T06:47:04.322450+00:00Z,gate,mexc,ESPORTSUSDT,0.5163,0.08217,0.08259,-0.006177,-0.011305,-0.005128,0.5214
2026-06-08T06:47:06.339725+00:00Z,bybit,mexc,ESPORTSUSDT,0.7324,0.08195,0.08254,0.001115,-0.011305,-0.01242,0.7448
2026-06-08T06:47:06.339725+00:00Z,gate,mexc,ESPORTSUSDT,0.5411,0.0821,0.08254,-0.006177,-0.011305,-0.005128,0.5462
2026-06-08T06:47:08.360472+00:00Z,bybit,mexc,ESPORTSUSDT,0.6224,0.08197,0.08247,0.001115,-0.011305,-0.01242,0.6348
2026-06-08T06:47:08.360472+00:00Z,gate,mexc,ESPORTSUSDT,0.5293,0.08204,0.08247,-0.006177,-0.011305,-0.005128,0.5344
2026-06-08T06:47:12.387187+00:00Z,bybit,mexc,ESPORTSUSDT,0.9289,0.08183,0.08258,0.001067,-0.011305,-0.012372,0.9413
2026-06-08T06:47:12.387187+00:00Z,gate,mexc,ESPORTSUSDT,0.5653,0.08212,0.08258,-0.006177,-0.011305,-0.005128,0.5704
2026-06-08T06:47:14.400539+00:00Z,bybit,mexc,ESPORTSUSDT,0.9042,0.08185,0.08258,0.001067,-0.011305,-0.012372,0.9166
2026-06-08T06:47:14.400539+00:00Z,gate,mexc,ESPORTSUSDT,0.5163,0.08216,0.08258,-0.006177,-0.011305,-0.005128,0.5215
2026-06-08T06:47:20.419128+00:00Z,bybit,mexc,ESPORTSUSDT,0.8916,0.08189,0.08261,0.001067,-0.011305,-0.012372,0.904
2026-06-08T06:47:20.419128+00:00Z,gate,mexc,ESPORTSUSDT,0.5039,0.0822,0.08261,-0.006177,-0.011305,-0.005128,0.509
2026-06-08T06:47:22.441225+00:00Z,bybit,mexc,ESPORTSUSDT,0.9288,0.08184,0.08259,0.001067,-0.011305,-0.012372,0.9412
2026-06-08T06:47:24.459340+00:00Z,bybit,mexc,ESPORTSUSDT,0.5992,0.0818,0.08228,0.001067,-0.011305,-0.012372,0.6115
2026-06-08T06:47:26.462608+00:00Z,bybit,mexc,ESPORTSUSDT,0.9658,0.08181,0.08259,0.001067,-0.011305,-0.012372,0.9782
2026-06-08T06:47:26.462608+00:00Z,gate,mexc,ESPORTSUSDT,0.504,0.08218,0.08259,-0.006177,-0.011305,-0.005128,0.5092
2026-06-08T06:47:28.465519+00:00Z,bybit,mexc,ESPORTSUSDT,0.8432,0.08185,0.08253,0.001067,-0.011305,-0.012372,0.8555
2026-06-08T06:47:30.472278+00:00Z,bybit,mexc,ESPORTSUSDT,0.9289,0.08183,0.08258,0.001067,-0.011305,-0.012372,0.9413
2026-06-08T06:47:32.487345+00:00Z,bybit,mexc,ESPORTSUSDT,0.9173,0.08177,0.08251,0.001067,-0.011305,-0.012372,0.9297
2026-06-08T06:47:32.487345+00:00Z,gate,mexc,ESPORTSUSDT,0.5168,0.08209,0.08251,-0.006177,-0.011305,-0.005128,0.5219
2026-06-08T06:47:36.491309+00:00Z,bybit,mexc,ESPORTSUSDT,0.5747,0.08181,0.08227,0.001067,-0.011305,-0.012372,0.587
2026-06-08T06:47:38.493168+00:00Z,bybit,mexc,ESPORTSUSDT,0.7741,0.08139,0.08201,0.001067,-0.011305,-0.012372,0.7865
2026-06-08T06:47:40.507734+00:00Z,bybit,mexc,ESPORTSUSDT,0.6336,0.08049,0.08099,0.001067,-0.011305,-0.012372,0.6459
2026-06-08T06:47:42.521935+00:00Z,bybit,mexc,ESPORTSUSDT,0.6612,0.08014,0.08066,0.001067,-0.011305,-0.012372,0.6736
2026-06-08T06:47:46.537729+00:00Z,bybit,mexc,ESPORTSUSDT,0.7318,0.08062,0.0812,0.001067,-0.011305,-0.012372,0.7442
2026-06-08T06:47:48.552957+00:00Z,bybit,mexc,ESPORTSUSDT,0.9671,0.08065,0.08142,0.001067,-0.011305,-0.012372,0.9795
2026-06-08T06:47:50.567676+00:00Z,bybit,mexc,ESPORTSUSDT,0.544,0.08088,0.08131,0.001067,-0.011305,-0.012372,0.5564
2026-06-08T06:47:54.571839+00:00Z,bybit,mexc,ESPORTSUSDT,0.9648,0.08085,0.08162,0.001067,-0.011305,-0.012372,0.9771
2026-06-08T06:47:56.583445+00:00Z,bybit,mexc,ESPORTSUSDT,0.8649,0.08094,0.08163,0.001067,-0.011305,-0.012372,0.8772
2026-06-08T06:47:58.599057+00:00Z,bybit,mexc,ESPORTSUSDT,0.7042,0.08095,0.08151,0.001067,-0.011305,-0.012372,0.7165
2026-06-08T06:48:02.614612+00:00Z,bybit,mexc,ESPORTSUSDT,0.7622,0.08002,0.08062,0.001067,-0.011305,-0.012372,0.7746
2026-06-08T06:48:04.629715+00:00Z,bybit,mexc,ESPORTSUSDT,0.9189,0.08053,0.08126,0.001067,-0.011305,-0.012372,0.9312
2026-06-08T06:48:08.646598+00:00Z,bybit,mexc,ESPORTSUSDT,0.6809,0.08077,0.08131,0.000996,-0.011305,-0.012301,0.6932
2026-06-08T06:48:10.650160+00:00Z,bybit,mexc,ESPORTSUSDT,0.9041,0.08074,0.08146,0.000996,-0.011305,-0.012301,0.9164
2026-06-08T06:48:12.652613+00:00Z,bybit,gate,ESPORTSUSDT,0.5015,0.08095,0.08135,0.000996,-0.006386,-0.007382,0.5089
2026-06-08T06:48:16.671062+00:00Z,bybit,mexc,ESPORTSUSDT,0.7875,0.08127,0.0819,0.000996,-0.011305,-0.012301,0.7998
2026-06-08T06:48:18.689964+00:00Z,bybit,mexc,ESPORTSUSDT,0.7004,0.08138,0.08194,0.000996,-0.011305,-0.012301,0.7127
2026-06-08T06:48:20.705029+00:00Z,bybit,mexc,ESPORTSUSDT,0.9199,0.08153,0.08227,0.000996,-0.011305,-0.012301,0.9322
2026-06-08T06:48:22.722177+00:00Z,bybit,mexc,ESPORTSUSDT,0.8088,0.08161,0.08226,0.000996,-0.011305,-0.012301,0.8211
2026-06-08T06:48:24.739139+00:00Z,bybit,mexc,ESPORTSUSDT,0.7249,0.08139,0.08197,0.000996,-0.011305,-0.012301,0.7372
2026-06-08T06:48:24.739139+00:00Z,bybit,gate,ESPORTSUSDT,0.5357,0.08139,0.08182,0.000996,-0.006386,-0.007382,0.5431
2026-06-08T06:48:26.886251+00:00Z,bybit,mexc,ESPORTSUSDT,1.0315,0.08144,0.08227,0.000996,-0.011305,-0.012301,1.0438
2026-06-08T06:48:26.886251+00:00Z,bybit,gate,ESPORTSUSDT,0.5477,0.08144,0.08188,0.000996,-0.006386,-0.007382,0.555
2026-06-08T06:48:28.899766+00:00Z,bybit,mexc,ESPORTSUSDT,0.9329,0.08147,0.08222,0.000996,-0.011305,-0.012301,0.9452
2026-06-08T06:48:28.899766+00:00Z,bybit,gate,ESPORTSUSDT,0.6579,0.08147,0.082,0.000996,-0.006386,-0.007382,0.6653
2026-06-08T06:48:30.919713+00:00Z,bybit,gate,ESPORTSUSDT,0.6585,0.0814,0.08193,0.000996,-0.006386,-0.007382,0.6659
2026-06-08T06:48:32.936557+00:00Z,bybit,mexc,ESPORTSUSDT,1.0052,0.08158,0.08239,0.000996,-0.011305,-0.012301,1.0175
2026-06-08T06:48:34.952919+00:00Z,bybit,mexc,ESPORTSUSDT,0.5047,0.08123,0.08163,0.000996,-0.011305,-0.012301,0.517
2026-06-08T06:48:36.973507+00:00Z,bybit,mexc,ESPORTSUSDT,0.6003,0.08163,0.08211,0.000996,-0.011305,-0.012301,0.6126
2026-06-08T06:48:40.992873+00:00Z,bybit,mexc,ESPORTSUSDT,0.9838,0.08132,0.08211,0.000996,-0.011305,-0.012301,0.9961
2026-06-08T06:48:43.007735+00:00Z,bybit,mexc,ESPORTSUSDT,0.982,0.08147,0.08226,0.000996,-0.011305,-0.012301,0.9943
2026-06-08T06:48:45.022324+00:00Z,bybit,mexc,ESPORTSUSDT,1.0316,0.08143,0.08226,0.000996,-0.011305,-0.012301,1.0439
2026-06-08T06:48:47.038678+00:00Z,bybit,mexc,ESPORTSUSDT,0.9817,0.08149,0.08228,0.000996,-0.011305,-0.012301,0.994
2026-06-08T06:48:49.053718+00:00Z,bybit,mexc,ESPORTSUSDT,1.0673,0.08152,0.08238,0.000996,-0.011305,-0.012301,1.0796
2026-06-08T06:48:49.053718+00:00Z,bybit,gate,ESPORTSUSDT,0.5105,0.08152,0.08193,0.000996,-0.006597,-0.007593,0.5181
2026-06-08T06:48:51.086338+00:00Z,bybit,mexc,ESPORTSUSDT,1.0039,0.08169,0.0825,0.000996,-0.011305,-0.012301,1.0162
2026-06-08T06:48:53.102865+00:00Z,bybit,mexc,ESPORTSUSDT,0.8815,0.08168,0.08239,0.000996,-0.011305,-0.012301,0.8938
2026-06-08T06:48:55.106537+00:00Z,bybit,mexc,ESPORTSUSDT,0.8219,0.08152,0.08218,0.000996,-0.011305,-0.012301,0.8342
2026-06-08T06:48:57.121666+00:00Z,bybit,mexc,ESPORTSUSDT,0.6349,0.08191,0.08242,0.000996,-0.011305,-0.012301,0.6472
2026-06-08T06:48:59.123529+00:00Z,bybit,mexc,ESPORTSUSDT,0.7945,0.08182,0.08246,0.000996,-0.011305,-0.012301,0.8068
2026-06-08T06:49:01.138757+00:00Z,bybit,mexc,ESPORTSUSDT,0.7347,0.08167,0.08226,0.000996,-0.011305,-0.012301,0.747
2026-06-08T06:49:03.140891+00:00Z,bybit,mexc,ESPORTSUSDT,0.9324,0.08156,0.08231,0.000996,-0.011794,-0.01279,0.9451
2026-06-08T06:49:05.161459+00:00Z,bybit,mexc,ESPORTSUSDT,0.6487,0.08177,0.08229,0.000996,-0.011794,-0.01279,0.6615
2026-06-08T06:49:07.163526+00:00Z,bybit,mexc,ESPORTSUSDT,0.7733,0.08152,0.08214,0.000996,-0.011794,-0.01279,0.7861
2026-06-08T06:49:09.181710+00:00Z,bybit,mexc,ESPORTSUSDT,0.9449,0.08153,0.08229,0.000941,-0.011794,-0.012735,0.9576
2026-06-08T06:49:11.183906+00:00Z,bybit,mexc,ESPORTSUSDT,0.7009,0.08138,0.08194,0.000941,-0.011794,-0.012735,0.7136
2026-06-08T06:49:15.205847+00:00Z,bybit,mexc,ESPORTSUSDT,0.7752,0.08132,0.08194,0.000941,-0.011794,-0.012735,0.7879
2026-06-08T06:49:37.245892+00:00Z,bybit,gate,ESPORTSUSDT,0.5096,0.08169,0.0821,0.000941,-0.006795,-0.007736,0.5174
2026-06-08T06:49:49.280209+00:00Z,bybit,mexc,ESPORTSUSDT,1.147,0.08199,0.08292,0.000941,-0.011794,-0.012735,1.1598
2026-06-08T06:49:49.280209+00:00Z,bybit,gate,ESPORTSUSDT,0.5688,0.08199,0.08245,0.000941,-0.006795,-0.007736,0.5765
2026-06-08T06:49:53.297744+00:00Z,bybit,mexc,ESPORTSUSDT,0.6439,0.08239,0.08291,0.000941,-0.011794,-0.012735,0.6566
2026-06-08T06:49:55.302152+00:00Z,bybit,mexc,ESPORTSUSDT,0.9222,0.08247,0.08322,0.000941,-0.011794,-0.012735,0.9349
2026-06-08T06:49:55.302152+00:00Z,gate,mexc,ESPORTSUSDT,0.5851,0.08274,0.08322,-0.006795,-0.011794,-0.004999,0.5901
2026-06-08T06:49:57.320104+00:00Z,bybit,mexc,ESPORTSUSDT,1.2266,0.08238,0.08338,0.000941,-0.011794,-0.012735,1.2394
2026-06-08T06:49:57.320104+00:00Z,gate,mexc,ESPORTSUSDT,0.584,0.0829,0.08338,-0.006795,-0.011794,-0.004999,0.589
2026-06-08T06:49:59.336967+00:00Z,bybit,mexc,ESPORTSUSDT,1.2266,0.08238,0.08338,0.000941,-0.011794,-0.012735,1.2394
2026-06-08T06:49:59.336967+00:00Z,gate,mexc,ESPORTSUSDT,0.5598,0.08292,0.08338,-0.006795,-0.011794,-0.004999,0.5647
2026-06-08T06:49:59.336967+00:00Z,bybit,gate,ESPORTSUSDT,0.5297,0.08238,0.08281,0.000941,-0.006795,-0.007736,0.5374
2026-06-08T06:50:01.360116+00:00Z,bybit,mexc,ESPORTSUSDT,1.0216,0.08227,0.0831,0.000941,-0.011794,-0.012735,1.0343
2026-06-08T06:50:01.360116+00:00Z,bybit,gate,ESPORTSUSDT,0.6763,0.08227,0.08282,0.000941,-0.006795,-0.007736,0.684
2026-06-08T06:50:03.377423+00:00Z,bybit,mexc,ESPORTSUSDT,1.1791,0.08234,0.0833,0.000941,-0.012294,-0.013235,1.1924
2026-06-08T06:50:03.377423+00:00Z,gate,mexc,ESPORTSUSDT,0.6458,0.08277,0.0833,-0.006795,-0.012294,-0.005499,0.6513
2026-06-08T06:50:05.393708+00:00Z,bybit,mexc,ESPORTSUSDT,1.2784,0.0822,0.08324,0.000941,-0.012294,-0.013235,1.2917
2026-06-08T06:50:05.393708+00:00Z,bybit,gate,ESPORTSUSDT,0.5917,0.0822,0.08268,0.000941,-0.006795,-0.007736,0.5994
2026-06-08T06:50:05.393708+00:00Z,gate,mexc,ESPORTSUSDT,0.5369,0.0828,0.08324,-0.006795,-0.012294,-0.005499,0.5424
2026-06-08T06:50:07.414945+00:00Z,bybit,gate,ESPORTSUSDT,0.6037,0.08222,0.08271,0.000941,-0.006795,-0.007736,0.6114
2026-06-08T06:50:09.429035+00:00Z,bybit,mexc,ESPORTSUSDT,1.239,0.08239,0.0834,0.000835,-0.012294,-0.013129,1.2521
2026-06-08T06:50:09.429035+00:00Z,bybit,gate,ESPORTSUSDT,0.6388,0.08239,0.08291,0.000835,-0.006795,-0.00763,0.6464
2026-06-08T06:50:11.433263+00:00Z,bybit,mexc,ESPORTSUSDT,1.3002,0.08236,0.08342,0.000835,-0.012294,-0.013129,1.3133
2026-06-08T06:50:11.433263+00:00Z,bybit,gate,ESPORTSUSDT,0.6511,0.08236,0.08289,0.000835,-0.006795,-0.00763,0.6588
2026-06-08T06:50:11.433263+00:00Z,gate,mexc,ESPORTSUSDT,0.5115,0.083,0.08342,-0.006795,-0.012294,-0.005499,0.517
2026-06-08T06:50:15.452638+00:00Z,bybit,mexc,ESPORTSUSDT,1.1346,0.08293,0.08386,0.000835,-0.012294,-0.013129,1.1477
2026-06-08T06:50:15.452638+00:00Z,gate,mexc,ESPORTSUSDT,0.6536,0.08332,0.08386,-0.006795,-0.012294,-0.005499,0.6591
2026-06-08T06:50:17.469486+00:00Z,bybit,mexc,ESPORTSUSDT,0.9726,0.08338,0.08418,0.000835,-0.012294,-0.013129,0.9857
2026-06-08T06:50:17.469486+00:00Z,bybit,gate,ESPORTSUSDT,0.5953,0.08338,0.08387,0.000835,-0.006795,-0.00763,0.6029
2026-06-08T06:50:19.477984+00:00Z,bybit,mexc,ESPORTSUSDT,1.066,0.08358,0.08446,0.000835,-0.012294,-0.013129,1.0791
2026-06-08T06:50:19.477984+00:00Z,bybit,gate,ESPORTSUSDT,0.6298,0.08358,0.0841,0.000835,-0.006795,-0.00763,0.6374
2026-06-08T06:50:21.493411+00:00Z,bybit,mexc,ESPORTSUSDT,0.6206,0.08395,0.08446,0.000835,-0.012294,-0.013129,0.6338
2026-06-08T06:50:23.497975+00:00Z,bybit,mexc,ESPORTSUSDT,1.0526,0.0837,0.08457,0.000835,-0.012294,-0.013129,1.0657
2026-06-08T06:50:23.497975+00:00Z,gate,mexc,ESPORTSUSDT,0.5524,0.08411,0.08457,-0.006795,-0.012294,-0.005499,0.5579
2026-06-08T06:50:27.503235+00:00Z,bybit,mexc,ESPORTSUSDT,1.3904,0.0835,0.08465,0.000835,-0.012294,-0.013129,1.4035
2026-06-08T06:50:27.503235+00:00Z,gate,mexc,ESPORTSUSDT,0.6595,0.0841,0.08465,-0.006795,-0.012294,-0.005499,0.665
2026-06-08T06:50:27.503235+00:00Z,bybit,gate,ESPORTSUSDT,0.6064,0.0835,0.084,0.000835,-0.006795,-0.00763,0.6141
2026-06-08T06:50:29.518808+00:00Z,bybit,mexc,ESPORTSUSDT,1.1381,0.08267,0.0836,0.000835,-0.012294,-0.013129,1.1512
2026-06-08T06:50:29.518808+00:00Z,bybit,gate,ESPORTSUSDT,0.7697,0.08267,0.0833,0.000835,-0.006795,-0.00763,0.7773
2026-06-08T06:50:31.535005+00:00Z,bybit,mexc,ESPORTSUSDT,1.1839,0.08285,0.08382,0.000835,-0.012294,-0.013129,1.197
2026-06-08T06:50:31.535005+00:00Z,bybit,gate,ESPORTSUSDT,0.5266,0.08285,0.08328,0.000835,-0.006795,-0.00763,0.5343
2026-06-08T06:50:31.535005+00:00Z,gate,mexc,ESPORTSUSDT,0.5211,0.08339,0.08382,-0.006795,-0.012294,-0.005499,0.5266
2026-06-08T06:50:33.566475+00:00Z,bybit,mexc,ESPORTSUSDT,1.2459,0.08274,0.08376,0.000835,-0.012294,-0.013129,1.259
2026-06-08T06:50:33.566475+00:00Z,bybit,gate,ESPORTSUSDT,0.6,0.08274,0.08323,0.000835,-0.006982,-0.007817,0.6079
2026-06-08T06:50:33.566475+00:00Z,gate,mexc,ESPORTSUSDT,0.5334,0.08332,0.08376,-0.006982,-0.012294,-0.005312,0.5387
2026-06-08T06:50:35.584010+00:00Z,bybit,mexc,ESPORTSUSDT,0.6321,0.0824,0.08291,0.000835,-0.012294,-0.013129,0.6452
2026-06-08T06:50:35.584010+00:00Z,bybit,gate,ESPORTSUSDT,0.5539,0.0824,0.08285,0.000835,-0.006982,-0.007817,0.5618
2026-06-08T06:50:37.621943+00:00Z,bybit,mexc,ESPORTSUSDT,1.1503,0.08266,0.0836,0.000835,-0.012294,-0.013129,1.1634
2026-06-08T06:50:37.621943+00:00Z,bybit,gate,ESPORTSUSDT,0.5764,0.08266,0.08313,0.000835,-0.006982,-0.007817,0.5842
2026-06-08T06:50:39.637331+00:00Z,bybit,mexc,ESPORTSUSDT,1.22,0.08286,0.08386,0.000835,-0.012294,-0.013129,1.2331
2026-06-08T06:50:39.637331+00:00Z,gate,mexc,ESPORTSUSDT,0.5689,0.08339,0.08386,-0.006982,-0.012294,-0.005312,0.5742
2026-06-08T06:50:39.637331+00:00Z,bybit,gate,ESPORTSUSDT,0.563,0.08286,0.08332,0.000835,-0.006982,-0.007817,0.5708
2026-06-08T06:50:41.670648+00:00Z,bybit,mexc,ESPORTSUSDT,1.2684,0.08285,0.08389,0.000835,-0.012294,-0.013129,1.2815
2026-06-08T06:50:41.670648+00:00Z,gate,mexc,ESPORTSUSDT,0.5687,0.08342,0.08389,-0.006982,-0.012294,-0.005312,0.574
2026-06-08T06:50:41.670648+00:00Z,bybit,gate,ESPORTSUSDT,0.563,0.08285,0.08331,0.000835,-0.006982,-0.007817,0.5709
2026-06-08T06:50:43.676646+00:00Z,bybit,mexc,ESPORTSUSDT,1.1948,0.08293,0.08391,0.000835,-0.012294,-0.013129,1.208
2026-06-08T06:50:43.676646+00:00Z,gate,mexc,ESPORTSUSDT,0.5324,0.08347,0.08391,-0.006982,-0.012294,-0.005312,0.5378
2026-06-08T06:50:43.676646+00:00Z,bybit,gate,ESPORTSUSDT,0.5143,0.08293,0.08335,0.000835,-0.006982,-0.007817,0.5221
2026-06-08T06:50:45.693732+00:00Z,bybit,mexc,ESPORTSUSDT,0.9407,0.08301,0.08378,0.000835,-0.012294,-0.013129,0.9539
2026-06-08T06:50:45.693732+00:00Z,bybit,gate,ESPORTSUSDT,0.5379,0.08301,0.08345,0.000835,-0.006982,-0.007817,0.5457
2026-06-08T06:50:47.696908+00:00Z,bybit,mexc,ESPORTSUSDT,1.2306,0.08296,0.08397,0.000835,-0.012294,-0.013129,1.2437
2026-06-08T06:50:47.696908+00:00Z,bybit,gate,ESPORTSUSDT,0.5985,0.08296,0.08345,0.000835,-0.006982,-0.007817,0.6063
2026-06-08T06:50:47.696908+00:00Z,gate,mexc,ESPORTSUSDT,0.52,0.08354,0.08397,-0.006982,-0.012294,-0.005312,0.5253
2026-06-08T06:50:49.702313+00:00Z,bybit,mexc,ESPORTSUSDT,1.3494,0.08307,0.08418,0.000835,-0.012294,-0.013129,1.3625
2026-06-08T06:50:49.702313+00:00Z,bybit,gate,ESPORTSUSDT,0.6218,0.08307,0.08358,0.000835,-0.006982,-0.007817,0.6296
2026-06-08T06:50:49.702313+00:00Z,gate,mexc,ESPORTSUSDT,0.5908,0.08369,0.08418,-0.006982,-0.012294,-0.005312,0.5961
2026-06-08T06:50:51.720403+00:00Z,bybit,mexc,ESPORTSUSDT,1.2932,0.08281,0.08387,0.000835,-0.012294,-0.013129,1.3063
2026-06-08T06:50:51.720403+00:00Z,bybit,gate,ESPORTSUSDT,0.6358,0.08281,0.08333,0.000835,-0.006982,-0.007817,0.6436
2026-06-08T06:50:53.746524+00:00Z,bybit,mexc,ESPORTSUSDT,1.0493,0.083,0.08386,0.000835,-0.012294,-0.013129,1.0624
2026-06-08T06:50:53.746524+00:00Z,bybit,gate,ESPORTSUSDT,0.562,0.083,0.08346,0.000835,-0.006982,-0.007817,0.5699
2026-06-08T06:50:55.749474+00:00Z,bybit,gate,ESPORTSUSDT,0.6346,0.08296,0.08348,0.000835,-0.006982,-0.007817,0.6424
2026-06-08T06:50:57.751750+00:00Z,bybit,mexc,ESPORTSUSDT,1.2913,0.08293,0.08399,0.000835,-0.012294,-0.013129,1.3044
2026-06-08T06:50:57.751750+00:00Z,gate,mexc,ESPORTSUSDT,0.6042,0.08349,0.08399,-0.006982,-0.012294,-0.005312,0.6095
2026-06-08T06:50:57.751750+00:00Z,bybit,gate,ESPORTSUSDT,0.5746,0.08293,0.0834,0.000835,-0.006982,-0.007817,0.5824
2026-06-08T06:50:59.763612+00:00Z,bybit,mexc,ESPORTSUSDT,1.2791,0.08294,0.08399,0.000835,-0.012294,-0.013129,1.2922
2026-06-08T06:50:59.763612+00:00Z,bybit,gate,ESPORTSUSDT,0.6589,0.08294,0.08348,0.000835,-0.006982,-0.007817,0.6667
2026-06-08T06:51:01.767494+00:00Z,bybit,mexc,ESPORTSUSDT,1.5976,0.08268,0.08399,0.000835,-0.012294,-0.013129,1.6107
2026-06-08T06:51:01.767494+00:00Z,gate,mexc,ESPORTSUSDT,0.7732,0.08335,0.08399,-0.006982,-0.012294,-0.005312,0.7785
2026-06-08T06:51:01.767494+00:00Z,bybit,gate,ESPORTSUSDT,0.6609,0.08268,0.08322,0.000835,-0.006982,-0.007817,0.6688
2026-06-08T06:51:03.796695+00:00Z,bybit,mexc,ESPORTSUSDT,1.5116,0.08275,0.08399,0.000835,-0.012294,-0.013129,1.5247
2026-06-08T06:51:03.796695+00:00Z,gate,mexc,ESPORTSUSDT,0.8094,0.08332,0.08399,-0.006982,-0.012294,-0.005312,0.8148
2026-06-08T06:51:03.796695+00:00Z,bybit,gate,ESPORTSUSDT,0.6,0.08275,0.08324,0.000835,-0.006982,-0.007817,0.6078
2026-06-08T06:51:05.803363+00:00Z,bybit,mexc,ESPORTSUSDT,1.4503,0.0828,0.08399,0.000835,-0.012294,-0.013129,1.4635
2026-06-08T06:51:05.803363+00:00Z,gate,mexc,ESPORTSUSDT,0.7007,0.08341,0.08399,-0.006982,-0.012294,-0.005312,0.706
2026-06-08T06:51:05.803363+00:00Z,bybit,gate,ESPORTSUSDT,0.6117,0.0828,0.0833,0.000835,-0.006982,-0.007817,0.6195
2026-06-08T06:51:07.821879+00:00Z,bybit,mexc,ESPORTSUSDT,1.5853,0.08269,0.08399,0.000835,-0.012294,-0.013129,1.5984
2026-06-08T06:51:07.821879+00:00Z,bybit,gate,ESPORTSUSDT,0.7213,0.08269,0.08328,0.000835,-0.006982,-0.007817,0.7291
2026-06-08T06:51:07.821879+00:00Z,gate,mexc,ESPORTSUSDT,0.7007,0.08341,0.08399,-0.006982,-0.012294,-0.005312,0.706
2026-06-08T06:51:09.829776+00:00Z,bybit,mexc,ESPORTSUSDT,1.6466,0.08264,0.08399,0.000721,-0.012294,-0.013015,1.6596
2026-06-08T06:51:09.829776+00:00Z,gate,mexc,ESPORTSUSDT,0.8336,0.0833,0.08399,-0.006982,-0.012294,-0.005312,0.839
2026-06-08T06:51:09.829776+00:00Z,bybit,gate,ESPORTSUSDT,0.6974,0.08264,0.08321,0.000721,-0.006982,-0.007703,0.7051
2026-06-08T06:51:11.857089+00:00Z,bybit,mexc,ESPORTSUSDT,1.5606,0.08271,0.08399,0.000721,-0.012294,-0.013015,1.5736
2026-06-08T06:51:11.857089+00:00Z,bybit,gate,ESPORTSUSDT,0.7331,0.08271,0.08331,0.000721,-0.006982,-0.007703,0.7408
2026-06-08T06:51:11.857089+00:00Z,gate,mexc,ESPORTSUSDT,0.6765,0.08343,0.08399,-0.006982,-0.012294,-0.005312,0.6818
2026-06-08T06:51:13.873653+00:00Z,bybit,mexc,ESPORTSUSDT,1.4502,0.0828,0.08399,0.000721,-0.012294,-0.013015,1.4632
2026-06-08T06:51:13.873653+00:00Z,gate,mexc,ESPORTSUSDT,0.7369,0.08338,0.08399,-0.006982,-0.012294,-0.005312,0.7422
2026-06-08T06:51:13.873653+00:00Z,bybit,gate,ESPORTSUSDT,0.5512,0.0828,0.08325,0.000721,-0.006982,-0.007703,0.5589
2026-06-08T06:51:15.884086+00:00Z,bybit,mexc,ESPORTSUSDT,1.6835,0.08261,0.08399,0.000721,-0.012294,-0.013015,1.6965
2026-06-08T06:51:15.884086+00:00Z,gate,mexc,ESPORTSUSDT,0.87,0.08327,0.08399,-0.006982,-0.012294,-0.005312,0.8753
2026-06-08T06:51:15.884086+00:00Z,bybit,gate,ESPORTSUSDT,0.6251,0.08261,0.08312,0.000721,-0.006982,-0.007703,0.6328
2026-06-08T06:51:17.913247+00:00Z,bybit,mexc,ESPORTSUSDT,2.7279,0.08177,0.08399,0.000721,-0.012294,-0.013015,2.741
2026-06-08T06:51:17.913247+00:00Z,gate,mexc,ESPORTSUSDT,2.0712,0.08229,0.08399,-0.006982,-0.012294,-0.005312,2.0765
2026-06-08T06:51:19.938824+00:00Z,bybit,mexc,ESPORTSUSDT,2.6652,0.08182,0.08399,0.000721,-0.012294,-0.013015,2.6782
2026-06-08T06:51:19.938824+00:00Z,gate,mexc,ESPORTSUSDT,2.034,0.08232,0.08399,-0.006982,-0.012294,-0.005312,2.0393
2026-06-08T06:51:19.938824+00:00Z,bybit,gate,ESPORTSUSDT,0.5577,0.08182,0.08227,0.000721,-0.006982,-0.007703,0.5654
2026-06-08T06:51:21.967212+00:00Z,bybit,mexc,ESPORTSUSDT,2.2902,0.08212,0.08399,0.000721,-0.012294,-0.013015,2.3032
2026-06-08T06:51:21.967212+00:00Z,gate,mexc,ESPORTSUSDT,1.5652,0.0827,0.08399,-0.006982,-0.012294,-0.005312,1.5705
2026-06-08T06:51:21.967212+00:00Z,bybit,gate,ESPORTSUSDT,0.5557,0.08212,0.08257,0.000721,-0.006982,-0.007703,0.5634
2026-06-08T06:51:23.989450+00:00Z,bybit,mexc,ESPORTSUSDT,2.3774,0.08205,0.08399,0.000721,-0.012294,-0.013015,2.3904
2026-06-08T06:51:23.989450+00:00Z,gate,mexc,ESPORTSUSDT,1.602,0.08267,0.08399,-0.006982,-0.012294,-0.005312,1.6073
2026-06-08T06:51:23.989450+00:00Z,bybit,gate,ESPORTSUSDT,0.6049,0.08205,0.08254,0.000721,-0.006982,-0.007703,0.6126
2026-06-08T06:51:26.018824+00:00Z,bybit,mexc,ESPORTSUSDT,2.8034,0.08171,0.08399,0.000721,-0.012294,-0.013015,2.8164
2026-06-08T06:51:26.018824+00:00Z,gate,mexc,ESPORTSUSDT,2.0464,0.08231,0.08399,-0.006982,-0.012294,-0.005312,2.0517
2026-06-08T06:51:26.018824+00:00Z,bybit,gate,ESPORTSUSDT,0.5829,0.08171,0.08218,0.000721,-0.006982,-0.007703,0.5906
2026-06-08T06:51:28.035966+00:00Z,bybit,mexc,ESPORTSUSDT,2.7908,0.08172,0.08399,0.000721,-0.012294,-0.013015,2.8038
2026-06-08T06:51:28.035966+00:00Z,gate,mexc,ESPORTSUSDT,2.1457,0.08223,0.08399,-0.006982,-0.012294,-0.005312,2.151
2026-06-08T06:51:30.040725+00:00Z,bybit,mexc,ESPORTSUSDT,2.9546,0.08159,0.08399,0.000721,-0.012294,-0.013015,2.9676
2026-06-08T06:51:30.040725+00:00Z,gate,mexc,ESPORTSUSDT,2.1954,0.08219,0.08399,-0.006982,-0.012294,-0.005312,2.2007
2026-06-08T06:51:30.040725+00:00Z,bybit,gate,ESPORTSUSDT,0.6083,0.08159,0.08208,0.000721,-0.006982,-0.007703,0.616
2026-06-08T06:51:32.060211+00:00Z,bybit,mexc,ESPORTSUSDT,2.3899,0.08204,0.08399,0.000721,-0.012294,-0.013015,2.4029
2026-06-08T06:51:32.060211+00:00Z,gate,mexc,ESPORTSUSDT,1.7497,0.08255,0.08399,-0.006982,-0.012294,-0.005312,1.755
2026-06-08T06:51:32.060211+00:00Z,bybit,gate,ESPORTSUSDT,0.5075,0.08204,0.08245,0.000721,-0.006982,-0.007703,0.5152
2026-06-08T06:51:34.077696+00:00Z,bybit,mexc,ESPORTSUSDT,2.3151,0.0821,0.08399,0.000721,-0.012294,-0.013015,2.3281
2026-06-08T06:51:34.077696+00:00Z,gate,mexc,ESPORTSUSDT,1.602,0.08267,0.08399,-0.006982,-0.012294,-0.005312,1.6073
2026-06-08T06:51:34.077696+00:00Z,bybit,gate,ESPORTSUSDT,0.568,0.0821,0.08256,0.000721,-0.006982,-0.007703,0.5757
2026-06-08T06:51:36.094034+00:00Z,bybit,mexc,ESPORTSUSDT,2.2031,0.08219,0.08399,0.000721,-0.012294,-0.013015,2.2161
2026-06-08T06:51:36.094034+00:00Z,gate,mexc,ESPORTSUSDT,1.5404,0.08272,0.08399,-0.007178,-0.012294,-0.005116,1.5455
2026-06-08T06:51:38.112212+00:00Z,bybit,mexc,ESPORTSUSDT,1.9798,0.08237,0.08399,0.000721,-0.012294,-0.013015,1.9928
2026-06-08T06:51:38.112212+00:00Z,gate,mexc,ESPORTSUSDT,1.1979,0.083,0.08399,-0.007178,-0.012294,-0.005116,1.203
2026-06-08T06:51:38.112212+00:00Z,bybit,gate,ESPORTSUSDT,0.6028,0.08237,0.08286,0.000721,-0.007178,-0.007899,0.6107
2026-06-08T06:51:40.128314+00:00Z,bybit,mexc,ESPORTSUSDT,2.2404,0.08216,0.08399,0.000721,-0.012294,-0.013015,2.2534
2026-06-08T06:51:40.128314+00:00Z,gate,mexc,ESPORTSUSDT,1.4301,0.08281,0.08399,-0.007178,-0.012294,-0.005116,1.4352
2026-06-08T06:51:40.128314+00:00Z,bybit,gate,ESPORTSUSDT,0.6773,0.08216,0.08271,0.000721,-0.007178,-0.007899,0.6852
2026-06-08T06:51:42.170898+00:00Z,bybit,mexc,ESPORTSUSDT,2.0541,0.08231,0.08399,0.000721,-0.012294,-0.013015,2.0671
2026-06-08T06:51:42.170898+00:00Z,gate,mexc,ESPORTSUSDT,1.3566,0.08287,0.08399,-0.007178,-0.012294,-0.005116,1.3617
2026-06-08T06:51:42.170898+00:00Z,bybit,gate,ESPORTSUSDT,0.5789,0.08231,0.08278,0.000721,-0.007178,-0.007899,0.5868
2026-06-08T06:51:44.214868+00:00Z,bybit,mexc,ESPORTSUSDT,2.0417,0.08232,0.08399,0.000721,-0.012294,-0.013015,2.0547
2026-06-08T06:51:44.214868+00:00Z,gate,mexc,ESPORTSUSDT,1.3811,0.08285,0.08399,-0.007178,-0.012294,-0.005116,1.3862
2026-06-08T06:51:44.214868+00:00Z,bybit,gate,ESPORTSUSDT,0.5545,0.08232,0.08277,0.000721,-0.007178,-0.007899,0.5624
2026-06-08T06:51:46.231593+00:00Z,bybit,mexc,ESPORTSUSDT,1.1692,0.08303,0.08399,0.000721,-0.012294,-0.013015,1.1822
2026-06-08T06:51:46.231593+00:00Z,bybit,gate,ESPORTSUSDT,0.5499,0.08303,0.08348,0.000721,-0.007178,-0.007899,0.5578
2026-06-08T06:51:48.267726+00:00Z,bybit,mexc,ESPORTSUSDT,2.2528,0.08215,0.08399,0.000721,-0.012294,-0.013015,2.2658
2026-06-08T06:51:48.267726+00:00Z,gate,mexc,ESPORTSUSDT,1.5404,0.08272,0.08399,-0.007178,-0.012294,-0.005116,1.5455
2026-06-08T06:51:48.267726+00:00Z,bybit,gate,ESPORTSUSDT,0.6165,0.08215,0.08265,0.000721,-0.007178,-0.007899,0.6244
2026-06-08T06:51:50.284215+00:00Z,bybit,mexc,ESPORTSUSDT,1.7574,0.08255,0.08399,0.000721,-0.012294,-0.013015,1.7704
2026-06-08T06:51:50.284215+00:00Z,gate,mexc,ESPORTSUSDT,1.2345,0.08297,0.08399,-0.007178,-0.012294,-0.005116,1.2396
2026-06-08T06:51:52.301219+00:00Z,bybit,mexc,ESPORTSUSDT,2.2404,0.08216,0.08399,0.000721,-0.012294,-0.013015,2.2534
2026-06-08T06:51:52.301219+00:00Z,gate,mexc,ESPORTSUSDT,1.5036,0.08275,0.08399,-0.007178,-0.012294,-0.005116,1.5087
2026-06-08T06:51:52.301219+00:00Z,bybit,gate,ESPORTSUSDT,0.58,0.08216,0.08263,0.000721,-0.007178,-0.007899,0.5879
2026-06-08T06:51:54.339761+00:00Z,bybit,mexc,ESPORTSUSDT,2.0913,0.08228,0.08399,0.000721,-0.012294,-0.013015,2.1043
2026-06-08T06:51:54.339761+00:00Z,gate,mexc,ESPORTSUSDT,1.4056,0.08283,0.08399,-0.007178,-0.012294,-0.005116,1.4107
2026-06-08T06:51:54.339761+00:00Z,bybit,gate,ESPORTSUSDT,0.5305,0.08228,0.08271,0.000721,-0.007178,-0.007899,0.5384
2026-06-08T06:51:56.360217+00:00Z,bybit,mexc,ESPORTSUSDT,2.9167,0.08162,0.08399,0.000721,-0.012294,-0.013015,2.9297
2026-06-08T06:51:56.360217+00:00Z,gate,mexc,ESPORTSUSDT,2.22,0.08217,0.08399,-0.007178,-0.012294,-0.005116,2.2252
2026-06-08T06:51:56.360217+00:00Z,bybit,gate,ESPORTSUSDT,0.5102,0.08162,0.08203,0.000721,-0.007178,-0.007899,0.5181
2026-06-08T06:51:58.403627+00:00Z,bybit,mexc,ESPORTSUSDT,0.8725,0.08144,0.08214,0.000721,-0.012294,-0.013015,0.8856
2026-06-08T06:51:58.403627+00:00Z,bybit,gate,ESPORTSUSDT,0.6587,0.08144,0.08197,0.000721,-0.007178,-0.007899,0.6666
2026-06-08T06:51:58.403627+00:00Z,gate,mexc,EPICUSDT,0.5155,0.6011,0.6042,-0.000127,5e-05,0.000177,0.5154
2026-06-08T06:52:00.427482+00:00Z,bybit,mexc,ESPORTSUSDT,2.0599,0.08061,0.08226,0.000721,-0.012294,-0.013015,2.0729
2026-06-08T06:52:00.427482+00:00Z,gate,mexc,ESPORTSUSDT,1.4229,0.08111,0.08226,-0.007178,-0.012294,-0.005116,1.4281
2026-06-08T06:52:00.427482+00:00Z,bybit,gate,ESPORTSUSDT,0.591,0.08061,0.08108,0.000721,-0.007178,-0.007899,0.5989
2026-06-08T06:52:02.443395+00:00Z,bybit,mexc,ESPORTSUSDT,1.0004,0.08106,0.08186,0.000721,-0.012778,-0.013499,1.0139
2026-06-08T06:52:02.443395+00:00Z,bybit,gate,ESPORTSUSDT,0.7234,0.08106,0.08164,0.000721,-0.007178,-0.007899,0.7313
2026-06-08T06:52:04.446165+00:00Z,bybit,mexc,ESPORTSUSDT,0.8209,0.08051,0.08116,0.000721,-0.012778,-0.013499,0.8344
2026-06-08T06:52:04.446165+00:00Z,bybit,gate,ESPORTSUSDT,0.6538,0.08051,0.08103,0.000721,-0.007178,-0.007899,0.6617
2026-06-08T06:52:06.484434+00:00Z,bybit,mexc,ESPORTSUSDT,1.2461,0.08032,0.08131,0.000721,-0.012778,-0.013499,1.2596
2026-06-08T06:52:06.484434+00:00Z,bybit,gate,ESPORTSUSDT,0.5806,0.08032,0.08078,0.000721,-0.007178,-0.007899,0.5885
2026-06-08T06:52:06.484434+00:00Z,gate,mexc,ESPORTSUSDT,0.5373,0.08088,0.08131,-0.007178,-0.012778,-0.0056,0.5429
2026-06-08T06:52:08.488154+00:00Z,bybit,mexc,ESPORTSUSDT,1.0168,0.07974,0.08054,0.000721,-0.012778,-0.013499,1.0303
2026-06-08T06:52:08.488154+00:00Z,bybit,gate,ESPORTSUSDT,0.66,0.07974,0.08026,0.000721,-0.007178,-0.007899,0.6679
2026-06-08T06:52:10.490952+00:00Z,bybit,mexc,ESPORTSUSDT,0.7248,0.08011,0.08068,0.000537,-0.012778,-0.013315,0.7382
2026-06-08T06:52:10.490952+00:00Z,bybit,gate,ESPORTSUSDT,0.5694,0.08011,0.08056,0.000537,-0.007178,-0.007715,0.5772
2026-06-08T06:52:12.502822+00:00Z,bybit,gate,ESPORTSUSDT,0.5315,0.08018,0.0806,0.000537,-0.007178,-0.007715,0.5393
2026-06-08T06:52:14.518329+00:00Z,bybit,mexc,ESPORTSUSDT,1.5053,0.08043,0.08163,0.000537,-0.012778,-0.013315,1.5186
2026-06-08T06:52:14.518329+00:00Z,bybit,gate,ESPORTSUSDT,0.7413,0.08043,0.08102,0.000537,-0.007178,-0.007715,0.749
2026-06-08T06:52:14.518329+00:00Z,gate,mexc,ESPORTSUSDT,0.5971,0.08115,0.08163,-0.007178,-0.012778,-0.0056,0.6027
2026-06-08T06:52:16.548207+00:00Z,bybit,mexc,ESPORTSUSDT,1.3164,0.08058,0.08163,0.000537,-0.012778,-0.013315,1.3297
2026-06-08T06:52:16.548207+00:00Z,bybit,gate,ESPORTSUSDT,0.7151,0.08058,0.08115,0.000537,-0.007178,-0.007715,0.7228
2026-06-08T06:52:18.565977+00:00Z,bybit,mexc,ESPORTSUSDT,1.1679,0.08055,0.08148,0.000537,-0.012778,-0.013315,1.1812
2026-06-08T06:52:18.565977+00:00Z,bybit,gate,ESPORTSUSDT,0.616,0.08055,0.08104,0.000537,-0.007178,-0.007715,0.6237
2026-06-08T06:52:20.583388+00:00Z,bybit,gate,ESPORTSUSDT,0.6517,0.08075,0.08127,0.000537,-0.007178,-0.007715,0.6594
2026-06-08T06:52:22.585989+00:00Z,bybit,mexc,ESPORTSUSDT,1.0262,0.08096,0.08178,0.000537,-0.012778,-0.013315,1.0395
2026-06-08T06:52:22.585989+00:00Z,bybit,gate,ESPORTSUSDT,0.6377,0.08096,0.08147,0.000537,-0.007178,-0.007715,0.6454
2026-06-08T06:52:24.610881+00:00Z,bybit,mexc,ESPORTSUSDT,1.0615,0.08109,0.08194,0.000537,-0.012778,-0.013315,1.0748
2026-06-08T06:52:24.610881+00:00Z,bybit,gate,ESPORTSUSDT,0.6983,0.08109,0.08165,0.000537,-0.007178,-0.007715,0.706
2026-06-08T06:52:26.628266+00:00Z,bybit,mexc,ESPORTSUSDT,1.1399,0.08166,0.08258,0.000537,-0.012778,-0.013315,1.1533
2026-06-08T06:52:26.628266+00:00Z,bybit,gate,ESPORTSUSDT,0.6445,0.08166,0.08218,0.000537,-0.007178,-0.007715,0.6522
2026-06-08T06:52:28.644205+00:00Z,bybit,mexc,ESPORTSUSDT,1.1395,0.08169,0.08261,0.000537,-0.012778,-0.013315,1.1528
2026-06-08T06:52:28.644205+00:00Z,bybit,gate,ESPORTSUSDT,0.6565,0.08169,0.08222,0.000537,-0.007178,-0.007715,0.6642
2026-06-08T06:52:30.684022+00:00Z,bybit,mexc,ESPORTSUSDT,1.2763,0.08155,0.08258,0.000537,-0.012778,-0.013315,1.2897
2026-06-08T06:52:30.684022+00:00Z,bybit,gate,ESPORTSUSDT,0.7435,0.08155,0.08215,0.000537,-0.007178,-0.007715,0.7512
2026-06-08T06:52:32.701697+00:00Z,bybit,mexc,ESPORTSUSDT,1.0574,0.08141,0.08226,0.000537,-0.012778,-0.013315,1.0707
2026-06-08T06:52:32.701697+00:00Z,bybit,gate,ESPORTSUSDT,0.7693,0.08141,0.08203,0.000537,-0.007178,-0.007715,0.777
2026-06-08T06:52:34.717740+00:00Z,bybit,mexc,ESPORTSUSDT,1.0703,0.08136,0.08222,0.000537,-0.012778,-0.013315,1.0837
2026-06-08T06:52:34.717740+00:00Z,bybit,gate,ESPORTSUSDT,0.8561,0.08136,0.08205,0.000537,-0.007431,-0.007968,0.864
2026-06-08T06:52:36.742779+00:00Z,bybit,mexc,ESPORTSUSDT,1.6502,0.08125,0.08258,0.000537,-0.012778,-0.013315,1.6636
2026-06-08T06:52:36.742779+00:00Z,bybit,gate,ESPORTSUSDT,0.808,0.08125,0.0819,0.000537,-0.007431,-0.007968,0.8159
2026-06-08T06:52:36.742779+00:00Z,gate,mexc,ESPORTSUSDT,0.7495,0.08197,0.08258,-0.007431,-0.012778,-0.005347,0.7549
2026-06-08T06:52:38.761879+00:00Z,bybit,mexc,ESPORTSUSDT,1.0035,0.0818,0.08261,0.000537,-0.012778,-0.013315,1.0168
2026-06-08T06:52:38.761879+00:00Z,bybit,gate,ESPORTSUSDT,0.5459,0.0818,0.08224,0.000537,-0.007431,-0.007968,0.5538
2026-06-08T06:52:40.764613+00:00Z,bybit,mexc,ESPORTSUSDT,1.3882,0.08146,0.08258,0.000537,-0.012778,-0.013315,1.4015
2026-06-08T06:52:40.764613+00:00Z,bybit,gate,ESPORTSUSDT,0.6586,0.08146,0.08199,0.000537,-0.007431,-0.007968,0.6666
2026-06-08T06:52:40.764613+00:00Z,gate,mexc,ESPORTSUSDT,0.5288,0.08215,0.08258,-0.007431,-0.012778,-0.005347,0.5341
2026-06-08T06:52:42.782883+00:00Z,bybit,mexc,ESPORTSUSDT,1.1613,0.08101,0.08194,0.000537,-0.012778,-0.013315,1.1746
2026-06-08T06:52:42.782883+00:00Z,bybit,gate,ESPORTSUSDT,0.6499,0.08101,0.08153,0.000537,-0.007431,-0.007968,0.6578
2026-06-08T06:52:44.798903+00:00Z,bybit,mexc,ESPORTSUSDT,1.0083,0.0804,0.0812,0.000537,-0.012778,-0.013315,1.0217
2026-06-08T06:52:44.798903+00:00Z,bybit,gate,ESPORTSUSDT,0.5179,0.0804,0.08081,0.000537,-0.007431,-0.007968,0.5259
2026-06-08T06:52:46.824253+00:00Z,bybit,gate,ESPORTSUSDT,0.743,0.08027,0.08086,0.000537,-0.007431,-0.007968,0.751
2026-06-08T06:52:48.839279+00:00Z,bybit,mexc,ESPORTSUSDT,0.9519,0.07991,0.08066,0.000537,-0.012778,-0.013315,0.9652
2026-06-08T06:52:50.848140+00:00Z,bybit,mexc,ESPORTSUSDT,0.9049,0.07963,0.08034,0.000537,-0.012778,-0.013315,0.9183
2026-06-08T06:52:50.848140+00:00Z,bybit,gate,ESPORTSUSDT,0.5228,0.07963,0.08004,0.000537,-0.007431,-0.007968,0.5308
2026-06-08T06:52:52.851137+00:00Z,bybit,gate,ESPORTSUSDT,0.5937,0.08024,0.08071,0.000537,-0.007431,-0.007968,0.6017
2026-06-08T06:52:54.853673+00:00Z,bybit,mexc,ESPORTSUSDT,1.2029,0.07986,0.08081,0.000537,-0.012778,-0.013315,1.2162
2026-06-08T06:52:54.853673+00:00Z,bybit,gate,ESPORTSUSDT,0.5715,0.07986,0.08031,0.000537,-0.007431,-0.007968,0.5794
2026-06-08T06:53:00.884804+00:00Z,bybit,mexc,ESPORTSUSDT,1.2909,0.08062,0.08165,0.000537,-0.012778,-0.013315,1.3042
2026-06-08T06:53:00.884804+00:00Z,bybit,gate,ESPORTSUSDT,0.6654,0.08062,0.08115,0.000537,-0.007431,-0.007968,0.6733
2026-06-08T06:53:02.900563+00:00Z,bybit,mexc,ESPORTSUSDT,0.6992,0.08171,0.08227,0.000537,-0.013265,-0.013802,0.713
2026-06-08T06:53:04.915406+00:00Z,bybit,mexc,ESPORTSUSDT,0.8754,0.08124,0.08194,0.000537,-0.013265,-0.013802,0.8892
2026-06-08T06:53:06.930922+00:00Z,bybit,mexc,ESPORTSUSDT,1.2415,0.08064,0.08163,0.000537,-0.013265,-0.013802,1.2553
2026-06-08T06:53:06.930922+00:00Z,gate,mexc,ESPORTSUSDT,0.6221,0.08113,0.08163,-0.007431,-0.013265,-0.005834,0.628
2026-06-08T06:53:08.946200+00:00Z,bybit,gate,ESPORTSUSDT,0.5402,0.08078,0.08121,0.000474,-0.007431,-0.007905,0.5481
2026-06-08T06:53:10.961453+00:00Z,bybit,mexc,ESPORTSUSDT,1.4395,0.08066,0.08181,0.000474,-0.013265,-0.013739,1.4532
2026-06-08T06:53:10.961453+00:00Z,bybit,gate,ESPORTSUSDT,0.7146,0.08066,0.08123,0.000474,-0.007431,-0.007905,0.7225
2026-06-08T06:53:10.961453+00:00Z,gate,mexc,ESPORTSUSDT,0.5837,0.08134,0.08181,-0.007431,-0.013265,-0.005834,0.5895
2026-06-08T06:53:12.989539+00:00Z,bybit,mexc,ESPORTSUSDT,1.1493,0.08102,0.08194,0.000474,-0.013265,-0.013739,1.163
2026-06-08T06:53:12.989539+00:00Z,bybit,gate,ESPORTSUSDT,0.6374,0.08102,0.08153,0.000474,-0.007431,-0.007905,0.6453
2026-06-08T06:53:15.007435+00:00Z,bybit,mexc,ESPORTSUSDT,1.1533,0.08161,0.08254,0.000474,-0.013265,-0.013739,1.167
2026-06-08T06:53:15.007435+00:00Z,bybit,gate,ESPORTSUSDT,0.5225,0.08161,0.08203,0.000474,-0.007431,-0.007905,0.5305
2026-06-08T06:53:19.024845+00:00Z,bybit,gate,ESPORTSUSDT,0.7536,0.0818,0.08241,0.000474,-0.007431,-0.007905,0.7615
2026-06-08T06:53:21.039491+00:00Z,bybit,gate,ESPORTSUSDT,0.6052,0.08204,0.08253,0.000474,-0.007431,-0.007905,0.6131
2026-06-08T06:53:23.043337+00:00Z,bybit,mexc,ESPORTSUSDT,1.2768,0.08234,0.08338,0.000474,-0.013265,-0.013739,1.2905
2026-06-08T06:53:23.043337+00:00Z,bybit,gate,ESPORTSUSDT,0.6759,0.08234,0.08289,0.000474,-0.007431,-0.007905,0.6838
2026-06-08T06:53:23.043337+00:00Z,gate,mexc,ESPORTSUSDT,0.5242,0.08295,0.08338,-0.007431,-0.013265,-0.005834,0.5301
2026-06-08T06:53:25.060500+00:00Z,bybit,mexc,ESPORTSUSDT,1.2423,0.08221,0.08322,0.000474,-0.013265,-0.013739,1.256
2026-06-08T06:53:25.060500+00:00Z,bybit,gate,ESPORTSUSDT,0.7134,0.08221,0.08279,0.000474,-0.007431,-0.007905,0.7213
2026-06-08T06:53:27.077389+00:00Z,bybit,mexc,ESPORTSUSDT,1.2662,0.08224,0.08327,0.000474,-0.013265,-0.013739,1.2799
2026-06-08T06:53:27.077389+00:00Z,bybit,gate,ESPORTSUSDT,0.5916,0.08224,0.08272,0.000474,-0.007431,-0.007905,0.5995
2026-06-08T06:53:27.077389+00:00Z,gate,mexc,ESPORTSUSDT,0.5492,0.08282,0.08327,-0.007431,-0.013265,-0.005834,0.555
2026-06-08T06:53:29.221434+00:00Z,bybit,mexc,ESPORTSUSDT,1.1975,0.08194,0.08291,0.000474,-0.013265,-0.013739,1.2113
2026-06-08T06:53:29.221434+00:00Z,bybit,gate,ESPORTSUSDT,0.6547,0.08194,0.08247,0.000474,-0.007431,-0.007905,0.6626
2026-06-08T06:53:31.241751+00:00Z,bybit,mexc,ESPORTSUSDT,0.9805,0.08275,0.08355,0.000474,-0.013265,-0.013739,0.9942
2026-06-08T06:53:31.241751+00:00Z,bybit,gate,ESPORTSUSDT,0.6846,0.08275,0.08331,0.000474,-0.007431,-0.007905,0.6925
2026-06-08T06:53:33.262033+00:00Z,bybit,mexc,ESPORTSUSDT,1.0292,0.08272,0.08356,0.000474,-0.013265,-0.013739,1.043
2026-06-08T06:53:33.262033+00:00Z,bybit,gate,ESPORTSUSDT,0.7332,0.08272,0.08332,0.000474,-0.007431,-0.007905,0.7411
2026-06-08T06:53:35.277962+00:00Z,bybit,mexc,ESPORTSUSDT,1.0189,0.08257,0.0834,0.000474,-0.013265,-0.013739,1.0327
2026-06-08T06:53:35.277962+00:00Z,bybit,gate,ESPORTSUSDT,0.65,0.08257,0.0831,0.000474,-0.007596,-0.00807,0.658
2026-06-08T06:53:37.305931+00:00Z,bybit,mexc,ESPORTSUSDT,1.2585,0.08275,0.08378,0.000474,-0.013265,-0.013739,1.2722
2026-06-08T06:53:37.305931+00:00Z,bybit,gate,ESPORTSUSDT,0.6486,0.08275,0.08328,0.000474,-0.007596,-0.00807,0.6566
2026-06-08T06:53:37.305931+00:00Z,gate,mexc,ESPORTSUSDT,0.5216,0.08335,0.08378,-0.007596,-0.013265,-0.005669,0.5272
2026-06-08T06:53:39.323462+00:00Z,bybit,mexc,ESPORTSUSDT,1.3453,0.08261,0.08371,0.000474,-0.013265,-0.013739,1.359
2026-06-08T06:53:39.323462+00:00Z,bybit,gate,ESPORTSUSDT,0.6981,0.08261,0.08318,0.000474,-0.007596,-0.00807,0.7061
2026-06-08T06:53:39.323462+00:00Z,gate,mexc,ESPORTSUSDT,0.5099,0.08329,0.08371,-0.007596,-0.013265,-0.005669,0.5156
2026-06-08T06:53:41.329796+00:00Z,bybit,mexc,ESPORTSUSDT,0.8104,0.08285,0.08351,0.000474,-0.013265,-0.013739,0.8241
2026-06-08T06:53:43.344228+00:00Z,bybit,mexc,ESPORTSUSDT,1.1265,0.08268,0.0836,0.000474,-0.013265,-0.013739,1.1402
2026-06-08T06:53:43.344228+00:00Z,bybit,gate,ESPORTSUSDT,0.5644,0.08268,0.08314,0.000474,-0.007596,-0.00807,0.5725
2026-06-08T06:53:45.348021+00:00Z,bybit,mexc,ESPORTSUSDT,1.1823,0.08301,0.08398,0.000474,-0.013265,-0.013739,1.196
2026-06-08T06:53:45.348021+00:00Z,bybit,gate,ESPORTSUSDT,0.5261,0.08301,0.08344,0.000474,-0.007596,-0.00807,0.5342
2026-06-08T06:53:47.383712+00:00Z,bybit,mexc,ESPORTSUSDT,1.1562,0.08228,0.08322,0.000474,-0.013265,-0.013739,1.1699
2026-06-08T06:53:47.383712+00:00Z,bybit,gate,ESPORTSUSDT,0.5914,0.08228,0.08276,0.000474,-0.007596,-0.00807,0.5995
2026-06-08T06:53:51.390019+00:00Z,bybit,gate,ESPORTSUSDT,0.5091,0.08183,0.08224,0.000474,-0.007596,-0.00807,0.5172
2026-06-08T06:53:53.392478+00:00Z,bybit,mexc,ESPORTSUSDT,1.1431,0.08146,0.08238,0.000474,-0.013265,-0.013739,1.1569
2026-06-08T06:53:57.418266+00:00Z,bybit,mexc,ESPORTSUSDT,1.1156,0.08168,0.08258,0.000474,-0.013265,-0.013739,1.1293
2026-06-08T06:53:57.418266+00:00Z,bybit,gate,ESPORTSUSDT,0.5835,0.08168,0.08215,0.000474,-0.007596,-0.00807,0.5916
2026-06-08T06:53:59.434690+00:00Z,bybit,mexc,ESPORTSUSDT,0.5861,0.08211,0.08258,0.000474,-0.013265,-0.013739,0.5999
2026-06-08T06:54:01.450128+00:00Z,bybit,mexc,ESPORTSUSDT,1.2109,0.08189,0.08287,0.000474,-0.013747,-0.014221,1.2252
2026-06-08T06:54:01.450128+00:00Z,bybit,gate,ESPORTSUSDT,0.5698,0.08189,0.08235,0.000474,-0.007596,-0.00807,0.5779
2026-06-08T06:54:03.453349+00:00Z,bybit,mexc,ESPORTSUSDT,1.334,0.08183,0.08291,0.000474,-0.013747,-0.014221,1.3483
2026-06-08T06:54:03.453349+00:00Z,bybit,gate,ESPORTSUSDT,0.6191,0.08183,0.08233,0.000474,-0.007596,-0.00807,0.6272
2026-06-08T06:54:03.453349+00:00Z,gate,mexc,ESPORTSUSDT,0.5519,0.08246,0.08291,-0.007596,-0.013747,-0.006151,0.558
2026-06-08T06:54:05.485985+00:00Z,bybit,mexc,ESPORTSUSDT,1.1129,0.08192,0.08282,0.000474,-0.013747,-0.014221,1.1271
2026-06-08T06:54:05.485985+00:00Z,bybit,gate,ESPORTSUSDT,0.594,0.08192,0.0824,0.000474,-0.007596,-0.00807,0.6021
2026-06-08T06:54:07.502850+00:00Z,bybit,mexc,ESPORTSUSDT,1.1228,0.08209,0.083,0.000474,-0.013747,-0.014221,1.137
2026-06-08T06:54:07.502850+00:00Z,bybit,gate,ESPORTSUSDT,0.6172,0.08209,0.08259,0.000474,-0.007596,-0.00807,0.6252
2026-06-08T06:54:09.506313+00:00Z,bybit,mexc,ESPORTSUSDT,1.2696,0.08204,0.08307,0.000414,-0.013747,-0.014161,1.2838
2026-06-08T06:54:09.506313+00:00Z,bybit,gate,ESPORTSUSDT,0.6418,0.08204,0.08256,0.000414,-0.007596,-0.00801,0.6499
2026-06-08T06:54:11.522392+00:00Z,bybit,gate,ESPORTSUSDT,0.65,0.08255,0.08308,0.000414,-0.007596,-0.00801,0.6581
2026-06-08T06:54:13.537963+00:00Z,bybit,mexc,ESPORTSUSDT,1.3114,0.08248,0.08355,0.000414,-0.013747,-0.014161,1.3256
2026-06-08T06:54:13.537963+00:00Z,bybit,gate,ESPORTSUSDT,0.6506,0.08248,0.08301,0.000414,-0.007596,-0.00801,0.6586
2026-06-08T06:54:15.553653+00:00Z,bybit,mexc,ESPORTSUSDT,1.437,0.08223,0.0834,0.000414,-0.013747,-0.014161,1.4512
2026-06-08T06:54:15.553653+00:00Z,bybit,gate,ESPORTSUSDT,0.762,0.08223,0.08285,0.000414,-0.007596,-0.00801,0.77
2026-06-08T06:54:15.553653+00:00Z,gate,mexc,ESPORTSUSDT,0.5123,0.08298,0.0834,-0.007596,-0.013747,-0.006151,0.5184
2026-06-08T06:54:15.553653+00:00Z,gate,mexc,ALLOUSDT,0.5038,0.423,0.42513,-0.000207,-0.000473,-0.000266,0.5041
2026-06-08T06:54:17.593579+00:00Z,bybit,mexc,ESPORTSUSDT,1.0704,0.08237,0.08324,0.000414,-0.013747,-0.014161,1.0845
2026-06-08T06:54:17.593579+00:00Z,bybit,gate,ESPORTSUSDT,0.5786,0.08237,0.08284,0.000414,-0.007596,-0.00801,0.5866
2026-06-08T06:54:19.610247+00:00Z,bybit,gate,ESPORTSUSDT,0.6609,0.08271,0.08325,0.000414,-0.007596,-0.00801,0.6689
2026-06-08T06:54:23.641405+00:00Z,bybit,mexc,ESPORTSUSDT,1.4789,0.08261,0.08382,0.000414,-0.013747,-0.014161,1.493
2026-06-08T06:54:23.641405+00:00Z,bybit,gate,ESPORTSUSDT,0.8069,0.08261,0.08327,0.000414,-0.007596,-0.00801,0.815
2026-06-08T06:54:25.645744+00:00Z,bybit,mexc,ESPORTSUSDT,1.1147,0.08269,0.0836,0.000414,-0.013747,-0.014161,1.1288
2026-06-08T06:54:25.645744+00:00Z,bybit,gate,ESPORTSUSDT,0.7215,0.08269,0.08328,0.000414,-0.007596,-0.00801,0.7295
2026-06-08T06:54:27.650548+00:00Z,bybit,mexc,ESPORTSUSDT,1.5034,0.08259,0.08382,0.000414,-0.013747,-0.014161,1.5176
2026-06-08T06:54:27.650548+00:00Z,bybit,gate,ESPORTSUSDT,0.7587,0.08259,0.08321,0.000414,-0.007596,-0.00801,0.7667
2026-06-08T06:54:27.650548+00:00Z,gate,mexc,ESPORTSUSDT,0.57,0.08335,0.08382,-0.007596,-0.013747,-0.006151,0.5762
2026-06-08T06:54:29.671349+00:00Z,bybit,mexc,ESPORTSUSDT,1.4262,0.08215,0.08331,0.000414,-0.013747,-0.014161,1.4404
2026-06-08T06:54:29.671349+00:00Z,bybit,gate,ESPORTSUSDT,0.6532,0.08215,0.08268,0.000414,-0.007596,-0.00801,0.6612
2026-06-08T06:54:29.671349+00:00Z,gate,mexc,ESPORTSUSDT,0.5978,0.08282,0.08331,-0.007596,-0.013747,-0.006151,0.6039
2026-06-08T06:54:31.676218+00:00Z,bybit,mexc,ESPORTSUSDT,0.6807,0.08251,0.08306,0.000414,-0.013747,-0.014161,0.6949
2026-06-08T06:54:31.676218+00:00Z,bybit,gate,ESPORTSUSDT,0.6504,0.08251,0.08304,0.000414,-0.007596,-0.00801,0.6584
2026-06-08T06:54:33.699421+00:00Z,bybit,mexc,ESPORTSUSDT,1.3721,0.08248,0.0836,0.000414,-0.013747,-0.014161,1.3862
2026-06-08T06:54:33.699421+00:00Z,gate,mexc,ESPORTSUSDT,0.6561,0.08306,0.0836,-0.007757,-0.013747,-0.00599,0.6621
2026-06-08T06:54:33.699421+00:00Z,bybit,gate,ESPORTSUSDT,0.6023,0.08248,0.08297,0.000414,-0.007757,-0.008171,0.6104
2026-06-08T06:54:35.718387+00:00Z,bybit,mexc,ESPORTSUSDT,1.2722,0.08267,0.08371,0.000414,-0.013747,-0.014161,1.2863
2026-06-08T06:54:35.718387+00:00Z,bybit,gate,ESPORTSUSDT,0.6614,0.08267,0.08321,0.000414,-0.007757,-0.008171,0.6695
2026-06-08T06:54:37.733857+00:00Z,bybit,mexc,ESPORTSUSDT,1.1644,0.08259,0.08354,0.000414,-0.013747,-0.014161,1.1786
2026-06-08T06:54:37.733857+00:00Z,bybit,gate,ESPORTSUSDT,0.7589,0.08259,0.08321,0.000414,-0.007757,-0.008171,0.767
2026-06-08T06:54:39.737810+00:00Z,bybit,mexc,ESPORTSUSDT,1.4929,0.0825,0.08372,0.000414,-0.013747,-0.014161,1.5071
2026-06-08T06:54:39.737810+00:00Z,bybit,gate,ESPORTSUSDT,0.7476,0.0825,0.08311,0.000414,-0.007757,-0.008171,0.7557
2026-06-08T06:54:39.737810+00:00Z,gate,mexc,ESPORTSUSDT,0.5585,0.08326,0.08372,-0.007757,-0.013747,-0.00599,0.5645
2026-06-08T06:54:41.768639+00:00Z,bybit,mexc,ESPORTSUSDT,1.238,0.08253,0.08354,0.000414,-0.013747,-0.014161,1.2521
2026-06-08T06:54:41.768639+00:00Z,bybit,gate,ESPORTSUSDT,0.6746,0.08253,0.08308,0.000414,-0.007757,-0.008171,0.6828
2026-06-08T06:54:43.803684+00:00Z,bybit,mexc,ESPORTSUSDT,1.3245,0.08242,0.0835,0.000414,-0.013747,-0.014161,1.3387
2026-06-08T06:54:43.803684+00:00Z,bybit,gate,ESPORTSUSDT,0.6755,0.08242,0.08297,0.000414,-0.007757,-0.008171,0.6837
2026-06-08T06:54:45.820028+00:00Z,bybit,mexc,ESPORTSUSDT,1.2427,0.08221,0.08322,0.000414,-0.013747,-0.014161,1.2569
2026-06-08T06:54:45.820028+00:00Z,bybit,gate,ESPORTSUSDT,0.7988,0.08221,0.08286,0.000414,-0.007757,-0.008171,0.807
2026-06-08T06:54:47.835072+00:00Z,bybit,mexc,ESPORTSUSDT,1.4031,0.08208,0.08322,0.000414,-0.013747,-0.014161,1.4172
2026-06-08T06:54:47.835072+00:00Z,bybit,gate,ESPORTSUSDT,0.7757,0.08208,0.08271,0.000414,-0.007757,-0.008171,0.7839
2026-06-08T06:54:49.852242+00:00Z,bybit,mexc,ESPORTSUSDT,1.5605,0.08213,0.0834,0.000414,-0.013747,-0.014161,1.5747
2026-06-08T06:54:49.852242+00:00Z,bybit,gate,ESPORTSUSDT,0.8483,0.08213,0.08282,0.000414,-0.007757,-0.008171,0.8565
2026-06-08T06:54:49.852242+00:00Z,gate,mexc,ESPORTSUSDT,0.6091,0.0829,0.0834,-0.007757,-0.013747,-0.00599,0.6151
2026-06-08T06:54:51.888273+00:00Z,bybit,mexc,ESPORTSUSDT,0.903,0.08213,0.08286,0.000414,-0.013747,-0.014161,0.9172
2026-06-08T06:54:51.888273+00:00Z,bybit,gate,ESPORTSUSDT,0.5196,0.08213,0.08255,0.000414,-0.007757,-0.008171,0.5277
2026-06-08T06:54:55.905900+00:00Z,bybit,mexc,ESPORTSUSDT,1.5114,0.08215,0.08338,0.000414,-0.013747,-0.014161,1.5256
2026-06-08T06:54:55.905900+00:00Z,bybit,gate,ESPORTSUSDT,0.8116,0.08215,0.08281,0.000414,-0.007757,-0.008171,0.8198
2026-06-08T06:54:55.905900+00:00Z,gate,mexc,ESPORTSUSDT,0.5607,0.08292,0.08338,-0.007757,-0.013747,-0.00599,0.5667
2026-06-08T06:54:57.922300+00:00Z,bybit,mexc,ESPORTSUSDT,1.4768,0.08273,0.08394,0.000414,-0.013747,-0.014161,1.4909
2026-06-08T06:54:57.922300+00:00Z,bybit,gate,ESPORTSUSDT,0.8664,0.08273,0.08344,0.000414,-0.007757,-0.008171,0.8746
2026-06-08T06:54:57.922300+00:00Z,gate,mexc,ESPORTSUSDT,0.5089,0.08352,0.08394,-0.007757,-0.013747,-0.00599,0.5149
2026-06-08T06:54:59.933527+00:00Z,bybit,mexc,ESPORTSUSDT,1.5197,0.08236,0.0836,0.000414,-0.013747,-0.014161,1.5339
2026-06-08T06:54:59.933527+00:00Z,bybit,gate,ESPORTSUSDT,0.8217,0.08236,0.08303,0.000414,-0.007757,-0.008171,0.8298
2026-06-08T06:54:59.933527+00:00Z,gate,mexc,ESPORTSUSDT,0.5593,0.08314,0.0836,-0.007757,-0.013747,-0.00599,0.5653
2026-06-08T06:55:01.951238+00:00Z,bybit,mexc,ESPORTSUSDT,1.1895,0.08253,0.0835,0.000414,-0.013747,-0.014161,1.2037
2026-06-08T06:55:01.951238+00:00Z,bybit,gate,ESPORTSUSDT,0.5534,0.08253,0.08298,0.000414,-0.007757,-0.008171,0.5616
2026-06-08T06:55:03.966593+00:00Z,bybit,mexc,ESPORTSUSDT,1.0676,0.08259,0.08346,0.000414,-0.013747,-0.014161,1.0817
2026-06-08T06:55:03.966593+00:00Z,bybit,gate,ESPORTSUSDT,0.7468,0.08259,0.0832,0.000414,-0.007757,-0.008171,0.7549
2026-06-08T06:55:05.983839+00:00Z,bybit,gate,ESPORTSUSDT,0.5404,0.08267,0.08311,0.000414,-0.007757,-0.008171,0.5486
2026-06-08T06:55:08.001955+00:00Z,bybit,mexc,ESPORTSUSDT,1.547,0.0822,0.08346,0.000414,-0.013747,-0.014161,1.5612
2026-06-08T06:55:08.001955+00:00Z,bybit,gate,ESPORTSUSDT,0.8962,0.0822,0.08293,0.000414,-0.007757,-0.008171,0.9044
2026-06-08T06:55:08.001955+00:00Z,gate,mexc,ESPORTSUSDT,0.5239,0.08303,0.08346,-0.007757,-0.013747,-0.00599,0.5299
2026-06-08T06:55:10.020384+00:00Z,bybit,mexc,ESPORTSUSDT,1.5073,0.08237,0.0836,0.000316,-0.013747,-0.014063,1.5214
2026-06-08T06:55:10.020384+00:00Z,bybit,gate,ESPORTSUSDT,0.8093,0.08237,0.08303,0.000316,-0.007757,-0.008073,0.8174
2026-06-08T06:55:10.020384+00:00Z,gate,mexc,ESPORTSUSDT,0.5351,0.08316,0.0836,-0.007757,-0.013747,-0.00599,0.5411
2026-06-08T06:55:12.039968+00:00Z,bybit,mexc,ESPORTSUSDT,1.606,0.08229,0.0836,0.000316,-0.013747,-0.014063,1.6201
2026-06-08T06:55:12.039968+00:00Z,bybit,gate,ESPORTSUSDT,0.798,0.08229,0.08294,0.000316,-0.007757,-0.008073,0.806
2026-06-08T06:55:12.039968+00:00Z,gate,mexc,ESPORTSUSDT,0.644,0.08307,0.0836,-0.007757,-0.013747,-0.00599,0.65
2026-06-08T06:55:14.057779+00:00Z,bybit,mexc,ESPORTSUSDT,1.4704,0.0824,0.0836,0.000316,-0.013747,-0.014063,1.4844
2026-06-08T06:55:14.057779+00:00Z,bybit,gate,ESPORTSUSDT,0.7848,0.0824,0.08304,0.000316,-0.007757,-0.008073,0.7928
2026-06-08T06:55:14.057779+00:00Z,gate,mexc,ESPORTSUSDT,0.5472,0.08315,0.0836,-0.007757,-0.013747,-0.00599,0.5532
2026-06-08T06:55:16.077175+00:00Z,bybit,mexc,ESPORTSUSDT,1.238,0.08252,0.08353,0.000316,-0.013747,-0.014063,1.2521
2026-06-08T06:55:16.077175+00:00Z,bybit,gate,ESPORTSUSDT,0.7109,0.08252,0.0831,0.000316,-0.007757,-0.008073,0.719
2026-06-08T06:55:18.092321+00:00Z,bybit,gate,ESPORTSUSDT,0.7488,0.08235,0.08296,0.000316,-0.007757,-0.008073,0.7569
2026-06-08T06:55:20.107112+00:00Z,bybit,gate,ESPORTSUSDT,0.7846,0.08242,0.08306,0.000316,-0.007757,-0.008073,0.7927
2026-06-08T06:55:22.122628+00:00Z,bybit,mexc,ESPORTSUSDT,1.457,0.08247,0.08366,0.000316,-0.013747,-0.014063,1.4711
2026-06-08T06:55:22.122628+00:00Z,bybit,gate,ESPORTSUSDT,0.772,0.08247,0.0831,0.000316,-0.007757,-0.008073,0.7801
2026-06-08T06:55:22.122628+00:00Z,gate,mexc,ESPORTSUSDT,0.5468,0.08321,0.08366,-0.007757,-0.013747,-0.00599,0.5528
2026-06-08T06:55:24.141067+00:00Z,bybit,mexc,ESPORTSUSDT,1.5272,0.08261,0.08386,0.000316,-0.013747,-0.014063,1.5413
2026-06-08T06:55:24.141067+00:00Z,bybit,gate,ESPORTSUSDT,0.8675,0.08261,0.08332,0.000316,-0.007757,-0.008073,0.8756
2026-06-08T06:55:24.141067+00:00Z,gate,mexc,ESPORTSUSDT,0.5455,0.08341,0.08386,-0.007757,-0.013747,-0.00599,0.5515
2026-06-08T06:55:26.145878+00:00Z,bybit,gate,ESPORTSUSDT,0.8427,0.08267,0.08336,0.000316,-0.007757,-0.008073,0.8508
2026-06-08T06:55:28.160283+00:00Z,bybit,mexc,ESPORTSUSDT,1.4407,0.08271,0.08389,0.000316,-0.013747,-0.014063,1.4548
2026-06-08T06:55:28.160283+00:00Z,bybit,gate,ESPORTSUSDT,0.8423,0.08271,0.0834,0.000316,-0.007757,-0.008073,0.8504
2026-06-08T06:55:30.163936+00:00Z,bybit,mexc,ESPORTSUSDT,1.2949,0.08276,0.08382,0.000316,-0.013747,-0.014063,1.3089
2026-06-08T06:55:30.163936+00:00Z,bybit,gate,ESPORTSUSDT,0.8539,0.08276,0.08346,0.000316,-0.007757,-0.008073,0.862
2026-06-08T06:55:32.184385+00:00Z,bybit,mexc,ESPORTSUSDT,1.0994,0.08292,0.08382,0.000316,-0.013747,-0.014063,1.1135
2026-06-08T06:55:32.184385+00:00Z,bybit,gate,ESPORTSUSDT,0.6834,0.08292,0.08348,0.000316,-0.007757,-0.008073,0.6915
2026-06-08T06:55:34.200776+00:00Z,bybit,mexc,ESPORTSUSDT,1.7612,0.08242,0.08386,0.000316,-0.013747,-0.014063,1.7753
2026-06-08T06:55:34.200776+00:00Z,bybit,gate,ESPORTSUSDT,0.821,0.08242,0.08309,0.000316,-0.007757,-0.008073,0.8291
2026-06-08T06:55:34.200776+00:00Z,gate,mexc,ESPORTSUSDT,0.7508,0.08324,0.08386,-0.007757,-0.013747,-0.00599,0.7568
2026-06-08T06:55:36.219976+00:00Z,bybit,mexc,ESPORTSUSDT,1.3922,0.08272,0.08386,0.000316,-0.013747,-0.014063,1.4063
2026-06-08T06:55:36.219976+00:00Z,bybit,gate,ESPORTSUSDT,0.8545,0.08272,0.08342,0.000316,-0.007912,-0.008228,0.8627
2026-06-08T06:55:38.238361+00:00Z,bybit,mexc,ESPORTSUSDT,1.1721,0.0829,0.08386,0.000316,-0.013747,-0.014063,1.1861
2026-06-08T06:55:38.238361+00:00Z,bybit,gate,ESPORTSUSDT,0.8044,0.0829,0.08356,0.000316,-0.007912,-0.008228,0.8126
2026-06-08T06:55:40.264506+00:00Z,bybit,mexc,ESPORTSUSDT,1.4298,0.08264,0.08381,0.000316,-0.013747,-0.014063,1.4439
2026-06-08T06:55:40.264506+00:00Z,bybit,gate,ESPORTSUSDT,0.7827,0.08264,0.08328,0.000316,-0.007912,-0.008228,0.7909
2026-06-08T06:55:42.302972+00:00Z,bybit,mexc,ESPORTSUSDT,1.5149,0.08262,0.08386,0.000316,-0.013747,-0.014063,1.529
2026-06-08T06:55:42.302972+00:00Z,bybit,gate,ESPORTSUSDT,0.8192,0.08262,0.08329,0.000316,-0.007912,-0.008228,0.8274
2026-06-08T06:55:42.302972+00:00Z,gate,mexc,ESPORTSUSDT,0.5695,0.08339,0.08386,-0.007912,-0.013747,-0.005835,0.5753
2026-06-08T06:55:44.344156+00:00Z,bybit,mexc,ESPORTSUSDT,1.2321,0.0821,0.0831,0.000316,-0.013747,-0.014063,1.2462
2026-06-08T06:55:44.344156+00:00Z,bybit,gate,ESPORTSUSDT,0.8121,0.0821,0.08276,0.000316,-0.007912,-0.008228,0.8204
2026-06-08T06:55:46.360335+00:00Z,bybit,mexc,ESPORTSUSDT,1.3166,0.08215,0.08322,0.000316,-0.013747,-0.014063,1.3306
2026-06-08T06:55:46.360335+00:00Z,bybit,gate,ESPORTSUSDT,0.8603,0.08215,0.08285,0.000316,-0.007912,-0.008228,0.8686
2026-06-08T06:55:48.383737+00:00Z,bybit,mexc,ESPORTSUSDT,1.4246,0.08224,0.0834,0.000316,-0.013747,-0.014063,1.4386
2026-06-08T06:55:48.383737+00:00Z,bybit,gate,ESPORTSUSDT,0.8594,0.08224,0.08294,0.000316,-0.007912,-0.008228,0.8676
2026-06-08T06:55:50.400708+00:00Z,bybit,mexc,ESPORTSUSDT,1.532,0.08235,0.0836,0.000316,-0.013747,-0.014063,1.546
2026-06-08T06:55:50.400708+00:00Z,bybit,gate,ESPORTSUSDT,0.8583,0.08235,0.08305,0.000316,-0.007912,-0.008228,0.8665
2026-06-08T06:55:50.400708+00:00Z,gate,mexc,ESPORTSUSDT,0.5591,0.08314,0.0836,-0.007912,-0.013747,-0.005835,0.565
2026-06-08T06:55:52.420596+00:00Z,bybit,mexc,ESPORTSUSDT,1.548,0.08214,0.0834,0.000316,-0.013747,-0.014063,1.5621
2026-06-08T06:55:52.420596+00:00Z,bybit,gate,ESPORTSUSDT,0.8604,0.08214,0.08284,0.000316,-0.007912,-0.008228,0.8687
2026-06-08T06:55:52.420596+00:00Z,gate,mexc,ESPORTSUSDT,0.609,0.0829,0.0834,-0.007912,-0.013747,-0.005835,0.6148
2026-06-08T06:55:54.458903+00:00Z,bybit,mexc,ESPORTSUSDT,1.3989,0.08232,0.08346,0.000316,-0.013747,-0.014063,1.413
2026-06-08T06:55:54.458903+00:00Z,bybit,gate,ESPORTSUSDT,0.7614,0.08232,0.08294,0.000316,-0.007912,-0.008228,0.7696
2026-06-08T06:55:54.458903+00:00Z,gate,mexc,ESPORTSUSDT,0.5601,0.083,0.08346,-0.007912,-0.013747,-0.005835,0.5659
2026-06-08T06:55:56.475266+00:00Z,bybit,mexc,ESPORTSUSDT,1.4232,0.08232,0.08348,0.000316,-0.013747,-0.014063,1.4373
2026-06-08T06:55:56.475266+00:00Z,bybit,gate,ESPORTSUSDT,0.8221,0.08232,0.08299,0.000316,-0.007912,-0.008228,0.8304
2026-06-08T06:55:58.494098+00:00Z,bybit,mexc,ESPORTSUSDT,1.2017,0.08252,0.0835,0.000316,-0.013747,-0.014063,1.2157
2026-06-08T06:55:58.494098+00:00Z,bybit,gate,ESPORTSUSDT,0.6141,0.08252,0.08302,0.000316,-0.007912,-0.008228,0.6224
2026-06-08T06:56:00.531574+00:00Z,bybit,mexc,ESPORTSUSDT,1.4347,0.08236,0.08353,0.000316,-0.013747,-0.014063,1.4487
2026-06-08T06:56:00.531574+00:00Z,bybit,gate,ESPORTSUSDT,0.7974,0.08236,0.08301,0.000316,-0.007912,-0.008228,0.8057
2026-06-08T06:56:00.531574+00:00Z,gate,mexc,ESPORTSUSDT,0.5354,0.08309,0.08353,-0.007912,-0.013747,-0.005835,0.5412
2026-06-08T06:56:02.548865+00:00Z,bybit,mexc,ESPORTSUSDT,1.2811,0.0829,0.08395,0.000316,-0.014197,-0.014513,1.2956
2026-06-08T06:56:02.548865+00:00Z,bybit,gate,ESPORTSUSDT,0.6355,0.0829,0.08342,0.000316,-0.007912,-0.008228,0.6437
2026-06-08T06:56:02.548865+00:00Z,gate,mexc,ESPORTSUSDT,0.5572,0.08349,0.08395,-0.007912,-0.014197,-0.006285,0.5635
2026-06-08T06:56:04.589131+00:00Z,bybit,mexc,ESPORTSUSDT,1.5876,0.08264,0.08394,0.000316,-0.014197,-0.014513,1.6021
2026-06-08T06:56:04.589131+00:00Z,bybit,gate,ESPORTSUSDT,0.8916,0.08264,0.08337,0.000316,-0.007912,-0.008228,0.8998
2026-06-08T06:56:04.589131+00:00Z,gate,mexc,ESPORTSUSDT,0.5935,0.08345,0.08394,-0.007912,-0.014197,-0.006285,0.5997
2026-06-08T06:56:06.605974+00:00Z,bybit,mexc,ESPORTSUSDT,1.359,0.08256,0.08367,0.000316,-0.014197,-0.014513,1.3735
2026-06-08T06:56:06.605974+00:00Z,bybit,gate,ESPORTSUSDT,0.7955,0.08256,0.08321,0.000316,-0.007912,-0.008228,0.8038
2026-06-08T06:56:08.620916+00:00Z,bybit,mexc,ESPORTSUSDT,1.4293,0.08269,0.08386,0.000226,-0.014197,-0.014423,1.4438
2026-06-08T06:56:08.620916+00:00Z,bybit,gate,ESPORTSUSDT,0.8063,0.08269,0.08335,0.000226,-0.007912,-0.008138,0.8144
2026-06-08T06:56:08.620916+00:00Z,gate,mexc,ESPORTSUSDT,0.5096,0.08344,0.08386,-0.007912,-0.014197,-0.006285,0.5159
2026-06-08T06:56:10.657981+00:00Z,bybit,mexc,ESPORTSUSDT,1.38,0.08275,0.08388,0.000226,-0.014197,-0.014423,1.3944
2026-06-08T06:56:10.657981+00:00Z,bybit,gate,ESPORTSUSDT,0.9024,0.08275,0.08349,0.000226,-0.007912,-0.008138,0.9105
2026-06-08T06:56:12.671539+00:00Z,bybit,mexc,ESPORTSUSDT,1.38,0.08275,0.08388,0.000226,-0.014197,-0.014423,1.3944
2026-06-08T06:56:12.671539+00:00Z,bybit,gate,ESPORTSUSDT,0.8903,0.08275,0.08348,0.000226,-0.007912,-0.008138,0.8985
2026-06-08T06:56:14.686714+00:00Z,bybit,mexc,ESPORTSUSDT,1.1356,0.08295,0.08388,0.000226,-0.014197,-0.014423,1.15
2026-06-08T06:56:14.686714+00:00Z,gate,mexc,ESPORTSUSDT,0.5939,0.08339,0.08388,-0.007912,-0.014197,-0.006285,0.6002
2026-06-08T06:56:14.686714+00:00Z,bybit,gate,ESPORTSUSDT,0.5145,0.08295,0.08337,0.000226,-0.007912,-0.008138,0.5226
2026-06-08T06:56:16.694686+00:00Z,bybit,mexc,ESPORTSUSDT,1.331,0.08279,0.08388,0.000226,-0.014197,-0.014423,1.3454
2026-06-08T06:56:16.694686+00:00Z,gate,mexc,ESPORTSUSDT,0.7267,0.08328,0.08388,-0.007912,-0.014197,-0.006285,0.733
2026-06-08T06:56:16.694686+00:00Z,bybit,gate,ESPORTSUSDT,0.5275,0.08279,0.08322,0.000226,-0.007912,-0.008138,0.5357
2026-06-08T06:56:18.711783+00:00Z,bybit,mexc,ESPORTSUSDT,1.331,0.08279,0.08388,0.000226,-0.014197,-0.014423,1.3454
2026-06-08T06:56:18.711783+00:00Z,gate,mexc,ESPORTSUSDT,0.7388,0.08327,0.08388,-0.007912,-0.014197,-0.006285,0.7451
2026-06-08T06:56:18.711783+00:00Z,bybit,gate,ESPORTSUSDT,0.5517,0.08279,0.08324,0.000226,-0.007912,-0.008138,0.5598
2026-06-08T06:56:20.715294+00:00Z,bybit,mexc,ESPORTSUSDT,1.5887,0.08258,0.08388,0.000226,-0.014197,-0.014423,1.6031
2026-06-08T06:56:20.715294+00:00Z,bybit,gate,ESPORTSUSDT,0.8074,0.08258,0.08324,0.000226,-0.007912,-0.008138,0.8155
2026-06-08T06:56:20.715294+00:00Z,gate,mexc,ESPORTSUSDT,0.7388,0.08327,0.08388,-0.007912,-0.014197,-0.006285,0.7451
2026-06-08T06:56:22.731035+00:00Z,bybit,mexc,ESPORTSUSDT,1.6379,0.08254,0.08388,0.000226,-0.014197,-0.014423,1.6523
2026-06-08T06:56:22.731035+00:00Z,bybit,gate,ESPORTSUSDT,0.8441,0.08254,0.08323,0.000226,-0.007912,-0.008138,0.8522
2026-06-08T06:56:22.731035+00:00Z,gate,mexc,ESPORTSUSDT,0.6663,0.08333,0.08388,-0.007912,-0.014197,-0.006285,0.6726
2026-06-08T06:56:24.743415+00:00Z,bybit,mexc,ESPORTSUSDT,1.7858,0.08242,0.08388,0.000226,-0.014197,-0.014423,1.8003
2026-06-08T06:56:24.743415+00:00Z,bybit,gate,ESPORTSUSDT,0.8696,0.08242,0.08313,0.000226,-0.007912,-0.008138,0.8777
2026-06-08T06:56:24.743415+00:00Z,gate,mexc,ESPORTSUSDT,0.7994,0.08322,0.08388,-0.007912,-0.014197,-0.006285,0.8056
2026-06-08T06:56:26.761634+00:00Z,bybit,mexc,ESPORTSUSDT,1.5764,0.08259,0.08388,0.000226,-0.014197,-0.014423,1.5908
2026-06-08T06:56:26.761634+00:00Z,bybit,gate,ESPORTSUSDT,0.7952,0.08259,0.08324,0.000226,-0.007912,-0.008138,0.8033
2026-06-08T06:56:26.761634+00:00Z,gate,mexc,ESPORTSUSDT,0.6905,0.08331,0.08388,-0.007912,-0.014197,-0.006285,0.6968
2026-06-08T06:56:28.764911+00:00Z,bybit,mexc,ESPORTSUSDT,1.4781,0.08267,0.08388,0.000226,-0.014197,-0.014423,1.4925
2026-06-08T06:56:28.764911+00:00Z,bybit,gate,ESPORTSUSDT,0.7218,0.08267,0.08326,0.000226,-0.007912,-0.008138,0.73
2026-06-08T06:56:28.764911+00:00Z,gate,mexc,ESPORTSUSDT,0.6905,0.08331,0.08388,-0.007912,-0.014197,-0.006285,0.6968
2026-06-08T06:56:30.784974+00:00Z,bybit,mexc,ESPORTSUSDT,1.331,0.08279,0.08388,0.000226,-0.014197,-0.014423,1.3454
2026-06-08T06:56:30.784974+00:00Z,bybit,gate,ESPORTSUSDT,0.8416,0.08279,0.08348,0.000226,-0.007912,-0.008138,0.8497
2026-06-08T06:56:32.801222+00:00Z,bybit,mexc,ESPORTSUSDT,1.1966,0.0829,0.08388,0.000226,-0.014197,-0.014423,1.211
2026-06-08T06:56:32.801222+00:00Z,bybit,gate,ESPORTSUSDT,0.8767,0.0829,0.08362,0.000226,-0.007912,-0.008138,0.8848
2026-06-08T06:56:34.817497+00:00Z,bybit,mexc,ESPORTSUSDT,1.38,0.08275,0.08388,0.000226,-0.014197,-0.014423,1.3944
2026-06-08T06:56:34.817497+00:00Z,bybit,gate,ESPORTSUSDT,0.8179,0.08275,0.08342,0.000226,-0.008056,-0.008282,0.8262
2026-06-08T06:56:36.839762+00:00Z,bybit,mexc,ESPORTSUSDT,1.2943,0.08282,0.08388,0.000226,-0.014197,-0.014423,1.3087
2026-06-08T06:56:36.839762+00:00Z,bybit,gate,ESPORTSUSDT,0.8776,0.08282,0.08354,0.000226,-0.008056,-0.008282,0.8859
2026-06-08T06:56:38.857997+00:00Z,bybit,mexc,ESPORTSUSDT,1.2576,0.08285,0.08388,0.000226,-0.014197,-0.014423,1.2721
2026-06-08T06:56:38.857997+00:00Z,bybit,gate,ESPORTSUSDT,0.8653,0.08285,0.08356,0.000226,-0.008056,-0.008282,0.8735
2026-06-08T06:56:38.857997+00:00Z,bybit,mexc,ALLOUSDT,0.8066,0.4154,0.41875,-0.000282,-0.000461,-0.000179,0.8068
2026-06-08T06:56:38.857997+00:00Z,gate,mexc,ALLOUSDT,0.7534,0.41562,0.41875,-0.000194,-0.000461,-0.000267,0.7536
2026-06-08T06:56:40.863818+00:00Z,bybit,mexc,ESPORTSUSDT,1.2088,0.08289,0.08388,0.000226,-0.014197,-0.014423,1.2232
2026-06-08T06:56:40.863818+00:00Z,bybit,gate,ESPORTSUSDT,0.8286,0.08289,0.08357,0.000226,-0.008056,-0.008282,0.8369
2026-06-08T06:56:40.863818+00:00Z,gate,mexc,ALLOUSDT,0.6565,0.41602,0.41875,-0.000194,-0.000461,-0.000267,0.6568
2026-06-08T06:56:40.863818+00:00Z,bybit,mexc,ALLOUSDT,0.5307,0.41654,0.41875,-0.000282,-0.000461,-0.000179,0.5309
2026-06-08T06:56:42.886357+00:00Z,bybit,mexc,ESPORTSUSDT,1.4781,0.08267,0.08388,0.000226,-0.014197,-0.014423,1.4925
2026-06-08T06:56:42.886357+00:00Z,bybit,gate,ESPORTSUSDT,0.8429,0.08267,0.08336,0.000226,-0.008056,-0.008282,0.8512
2026-06-08T06:56:42.886357+00:00Z,gate,mexc,ESPORTSUSDT,0.5937,0.08339,0.08388,-0.008056,-0.014197,-0.006141,0.5999
2026-06-08T06:56:44.890831+00:00Z,bybit,mexc,ESPORTSUSDT,1.4903,0.08266,0.08388,0.000226,-0.014197,-0.014423,1.5048
2026-06-08T06:56:44.890831+00:00Z,bybit,gate,ESPORTSUSDT,0.8793,0.08266,0.08338,0.000226,-0.008056,-0.008282,0.8876
2026-06-08T06:56:44.890831+00:00Z,gate,mexc,ESPORTSUSDT,0.5214,0.08345,0.08388,-0.008056,-0.014197,-0.006141,0.5276
2026-06-08T06:56:46.916227+00:00Z,bybit,mexc,ESPORTSUSDT,1.3188,0.0828,0.08388,0.000226,-0.014197,-0.014423,1.3332
2026-06-08T06:56:46.916227+00:00Z,bybit,gate,ESPORTSUSDT,0.7329,0.0828,0.0834,0.000226,-0.008056,-0.008282,0.7412
2026-06-08T06:56:48.933701+00:00Z,bybit,mexc,ESPORTSUSDT,1.2943,0.08282,0.08388,0.000226,-0.014197,-0.014423,1.3087
2026-06-08T06:56:48.933701+00:00Z,bybit,gate,ESPORTSUSDT,0.8414,0.08282,0.08351,0.000226,-0.008056,-0.008282,0.8497
2026-06-08T06:56:50.951456+00:00Z,bybit,mexc,ESPORTSUSDT,1.2088,0.08289,0.08388,0.000226,-0.014197,-0.014423,1.2232
2026-06-08T06:56:50.951456+00:00Z,bybit,gate,ESPORTSUSDT,0.7442,0.08289,0.0835,0.000226,-0.008056,-0.008282,0.7525
2026-06-08T06:56:50.951456+00:00Z,bybit,mexc,ALLOUSDT,0.579,0.41634,0.41875,-0.000282,-0.000461,-0.000179,0.5792
2026-06-08T06:56:50.951456+00:00Z,gate,mexc,ALLOUSDT,0.5695,0.41638,0.41875,-0.000194,-0.000461,-0.000267,0.5697
2026-06-08T06:56:52.972091+00:00Z,bybit,mexc,ESPORTSUSDT,1.2943,0.08282,0.08388,0.000226,-0.014197,-0.014423,1.3087
2026-06-08T06:56:52.972091+00:00Z,bybit,gate,ESPORTSUSDT,0.8293,0.08282,0.0835,0.000226,-0.008056,-0.008282,0.8376
2026-06-08T06:56:52.972091+00:00Z,gate,mexc,ALLOUSDT,0.567,0.41639,0.41875,-0.000194,-0.000461,-0.000267,0.5673
2026-06-08T06:56:52.972091+00:00Z,bybit,mexc,ALLOUSDT,0.5476,0.41647,0.41875,-0.000282,-0.000461,-0.000179,0.5478
2026-06-08T06:56:54.993639+00:00Z,bybit,mexc,ESPORTSUSDT,1.3188,0.0828,0.08388,0.000226,-0.014197,-0.014423,1.3332
2026-06-08T06:56:54.993639+00:00Z,bybit,gate,ESPORTSUSDT,0.8537,0.0828,0.0835,0.000226,-0.008056,-0.008282,0.862
2026-06-08T06:56:54.993639+00:00Z,gate,mexc,ALLOUSDT,0.8431,0.41525,0.41875,-0.000194,-0.000461,-0.000267,0.8434
2026-06-08T06:56:54.993639+00:00Z,bybit,mexc,ALLOUSDT,0.8018,0.41542,0.41875,-0.000282,-0.000461,-0.000179,0.802
2026-06-08T06:56:57.010418+00:00Z,bybit,mexc,ESPORTSUSDT,1.2821,0.08283,0.08388,0.000226,-0.014197,-0.014423,1.2965
2026-06-08T06:56:57.010418+00:00Z,gate,mexc,ALLOUSDT,0.8966,0.41503,0.41875,-0.000194,-0.000461,-0.000267,0.8969
2026-06-08T06:56:57.010418+00:00Z,bybit,mexc,ALLOUSDT,0.8746,0.41512,0.41875,-0.000282,-0.000461,-0.000179,0.8748
2026-06-08T06:56:57.010418+00:00Z,bybit,gate,ESPORTSUSDT,0.8292,0.08283,0.08351,0.000226,-0.008056,-0.008282,0.8375
2026-06-08T06:56:59.042333+00:00Z,gate,mexc,ALLOUSDT,1.2405,0.41362,0.41875,-0.000194,-0.000461,-0.000267,1.2408
2026-06-08T06:56:59.042333+00:00Z,bybit,mexc,ALLOUSDT,1.2307,0.41366,0.41875,-0.000282,-0.000461,-0.000179,1.2308
2026-06-08T06:56:59.042333+00:00Z,bybit,mexc,ESPORTSUSDT,1.1722,0.08292,0.08388,0.000226,-0.014197,-0.014423,1.1866
2026-06-08T06:56:59.042333+00:00Z,bybit,gate,ESPORTSUSDT,0.5992,0.08292,0.08341,0.000226,-0.008056,-0.008282,0.6075
2026-06-08T06:57:01.060680+00:00Z,bybit,mexc,ESPORTSUSDT,1.38,0.08275,0.08388,0.000226,-0.014197,-0.014423,1.3944
2026-06-08T06:57:01.060680+00:00Z,gate,mexc,ALLOUSDT,1.0622,0.41435,0.41875,-0.000194,-0.000461,-0.000267,1.0624
2026-06-08T06:57:01.060680+00:00Z,bybit,mexc,ALLOUSDT,1.0011,0.4146,0.41875,-0.000282,-0.000461,-0.000179,1.0013
2026-06-08T06:57:01.060680+00:00Z,bybit,gate,ESPORTSUSDT,0.8784,0.08275,0.08347,0.000226,-0.008056,-0.008282,0.8867
2026-06-08T06:57:03.080626+00:00Z,bybit,mexc,ESPORTSUSDT,1.2576,0.08285,0.08388,0.000226,-0.014197,-0.014423,1.2721
2026-06-08T06:57:03.080626+00:00Z,bybit,mexc,ALLOUSDT,0.9354,0.41487,0.41875,-0.000281,-0.000461,-0.00018,0.9356
2026-06-08T06:57:03.080626+00:00Z,gate,mexc,ALLOUSDT,0.9015,0.41501,0.41875,-0.000194,-0.000461,-0.000267,0.9017
2026-06-08T06:57:03.080626+00:00Z,bybit,gate,ESPORTSUSDT,0.7446,0.08285,0.08346,0.000226,-0.008056,-0.008282,0.7528
2026-06-08T06:57:05.110235+00:00Z,bybit,mexc,ESPORTSUSDT,0.9652,0.08309,0.08388,0.000226,-0.014197,-0.014423,0.9796
2026-06-08T06:57:05.110235+00:00Z,bybit,mexc,ALLOUSDT,0.7702,0.41555,0.41875,-0.000281,-0.000461,-0.00018,0.7704
2026-06-08T06:57:05.110235+00:00Z,gate,mexc,ALLOUSDT,0.7461,0.41565,0.41875,-0.000194,-0.000461,-0.000267,0.7464
2026-06-08T06:57:05.110235+00:00Z,gate,mexc,ESPORTSUSDT,0.6299,0.08336,0.08388,-0.008056,-0.014197,-0.006141,0.6361
2026-06-08T06:57:07.114862+00:00Z,bybit,mexc,ESPORTSUSDT,1.0381,0.08303,0.08388,0.000226,-0.014197,-0.014423,1.0526
2026-06-08T06:57:07.114862+00:00Z,bybit,mexc,ALLOUSDT,0.5597,0.41642,0.41875,-0.000281,-0.000461,-0.00018,0.5599
2026-06-08T06:57:07.114862+00:00Z,gate,mexc,ALLOUSDT,0.5477,0.41647,0.41875,-0.000194,-0.000461,-0.000267,0.548
2026-06-08T06:57:09.134330+00:00Z,bybit,mexc,ESPORTSUSDT,1.038,0.08303,0.08388,0.000124,-0.014197,-0.014321,1.0524
2026-06-08T06:57:09.134330+00:00Z,bybit,mexc,ALLOUSDT,0.9014,0.41501,0.41875,-0.000281,-0.000461,-0.00018,0.9015
2026-06-08T06:57:09.134330+00:00Z,gate,mexc,ALLOUSDT,0.7606,0.41559,0.41875,-0.000194,-0.000461,-0.000267,0.7609
2026-06-08T06:57:11.137334+00:00Z,bybit,gate,ESPORTSUSDT,0.6713,0.08294,0.08349,0.000124,-0.008056,-0.00818,0.6795
2026-06-08T06:57:13.151960+00:00Z,bybit,gate,ESPORTSUSDT,0.5504,0.08299,0.08344,0.000124,-0.008056,-0.00818,0.5586
2026-06-08T06:57:15.165135+00:00Z,bybit,mexc,ESPORTSUSDT,1.5884,0.08259,0.08389,0.000124,-0.014197,-0.014321,1.6027
2026-06-08T06:57:15.165135+00:00Z,gate,mexc,ESPORTSUSDT,0.8476,0.08319,0.08389,-0.008056,-0.014197,-0.006141,0.8537
2026-06-08T06:57:15.165135+00:00Z,bybit,gate,ESPORTSUSDT,0.6015,0.08259,0.08308,0.000124,-0.008056,-0.00818,0.6097
2026-06-08T06:57:19.182151+00:00Z,bybit,mexc,ESPORTSUSDT,1.2821,0.08282,0.08387,0.000124,-0.014197,-0.014321,1.2965
2026-06-08T06:57:19.182151+00:00Z,bybit,gate,ESPORTSUSDT,0.636,0.08282,0.08334,0.000124,-0.008056,-0.00818,0.6442
2026-06-08T06:57:19.182151+00:00Z,gate,mexc,ESPORTSUSDT,0.5215,0.08344,0.08387,-0.008056,-0.014197,-0.006141,0.5276
2026-06-08T06:57:21.201686+00:00Z,bybit,gate,ESPORTSUSDT,0.5869,0.08294,0.08342,0.000124,-0.008056,-0.00818,0.5951
2026-06-08T06:57:23.217431+00:00Z,bybit,mexc,ESPORTSUSDT,1.1357,0.08293,0.08386,0.000124,-0.014197,-0.014321,1.1501
2026-06-08T06:57:23.217431+00:00Z,bybit,gate,ESPORTSUSDT,0.6111,0.08293,0.08343,0.000124,-0.008056,-0.00818,0.6193
2026-06-08T06:57:25.235617+00:00Z,bybit,gate,ESPORTSUSDT,0.6356,0.08288,0.0834,0.000124,-0.008056,-0.00818,0.6438
2026-06-08T06:57:27.250479+00:00Z,bybit,mexc,ESPORTSUSDT,0.8438,0.08318,0.08387,0.000124,-0.014197,-0.014321,0.8582
2026-06-08T06:57:29.266992+00:00Z,bybit,mexc,ESPORTSUSDT,1.2798,0.08297,0.08402,0.000124,-0.014197,-0.014321,1.2942
2026-06-08T06:57:29.266992+00:00Z,gate,mexc,ESPORTSUSDT,0.6168,0.08351,0.08402,-0.008056,-0.014197,-0.006141,0.623
2026-06-08T06:57:29.266992+00:00Z,bybit,gate,ESPORTSUSDT,0.5747,0.08297,0.08344,0.000124,-0.008056,-0.00818,0.5828
2026-06-08T06:57:31.283086+00:00Z,bybit,gate,ESPORTSUSDT,0.5868,0.08296,0.08344,0.000124,-0.008056,-0.00818,0.595
2026-06-08T06:57:33.297401+00:00Z,bybit,gate,ESPORTSUSDT,0.611,0.08295,0.08345,0.000124,-0.008056,-0.00818,0.6191
2026-06-08T06:57:35.312969+00:00Z,bybit,gate,ESPORTSUSDT,0.5273,0.08286,0.08329,0.000124,-0.008205,-0.008329,0.5356
2026-06-08T06:57:37.330908+00:00Z,bybit,mexc,ESPORTSUSDT,1.1723,0.0829,0.08386,0.000124,-0.014197,-0.014321,1.1867
2026-06-08T06:57:37.330908+00:00Z,bybit,gate,ESPORTSUSDT,0.5512,0.0829,0.08335,0.000124,-0.008205,-0.008329,0.5595
2026-06-08T06:57:39.346764+00:00Z,bybit,mexc,ESPORTSUSDT,1.0032,0.08292,0.08374,0.000124,-0.014197,-0.014321,1.0175
2026-06-08T06:57:39.346764+00:00Z,bybit,gate,ESPORTSUSDT,0.551,0.08292,0.08337,0.000124,-0.008205,-0.008329,0.5594
2026-06-08T06:57:41.362180+00:00Z,bybit,mexc,ESPORTSUSDT,0.6876,0.08318,0.08374,0.000124,-0.014197,-0.014321,0.7019
2026-06-08T06:57:43.377351+00:00Z,bybit,mexc,ESPORTSUSDT,0.9544,0.08297,0.08375,0.000124,-0.014197,-0.014321,0.9687
2026-06-08T06:57:43.377351+00:00Z,gate,mexc,ESPORTSUSDT,0.5341,0.08331,0.08375,-0.008205,-0.014197,-0.005992,0.5401
2026-06-08T06:57:45.393826+00:00Z,bybit,mexc,ESPORTSUSDT,0.7356,0.08318,0.08378,0.000124,-0.014197,-0.014321,0.75
2026-06-08T06:57:45.393826+00:00Z,gate,mexc,ESPORTSUSDT,0.546,0.08333,0.08378,-0.008205,-0.014197,-0.005992,0.552
2026-06-08T06:57:47.410916+00:00Z,bybit,mexc,ESPORTSUSDT,1.1834,0.08297,0.08394,0.000124,-0.014197,-0.014321,1.1977
2026-06-08T06:57:47.410916+00:00Z,gate,mexc,ESPORTSUSDT,0.6293,0.08342,0.08394,-0.008205,-0.014197,-0.005992,0.6353
2026-06-08T06:58:03.426480+00:00Z,bybit,mexc,ESPORTSUSDT,1.2852,0.08422,0.08529,0.000124,-0.014622,-0.014746,1.3
2026-06-08T06:58:03.426480+00:00Z,gate,mexc,ESPORTSUSDT,0.6792,0.08472,0.08529,-0.008205,-0.014622,-0.006417,0.6856
2026-06-08T06:58:03.426480+00:00Z,bybit,gate,ESPORTSUSDT,0.5189,0.08422,0.08465,0.000124,-0.008205,-0.008329,0.5272
2026-06-08T06:58:05.442290+00:00Z,bybit,mexc,ESPORTSUSDT,1.3452,0.08418,0.0853,0.000124,-0.014622,-0.014746,1.36
2026-06-08T06:58:05.442290+00:00Z,gate,mexc,ESPORTSUSDT,0.6673,0.08474,0.0853,-0.008205,-0.014622,-0.006417,0.6737
2026-06-08T06:58:05.442290+00:00Z,bybit,gate,ESPORTSUSDT,0.6023,0.08418,0.08468,0.000124,-0.008205,-0.008329,0.6106
2026-06-08T06:58:09.471983+00:00Z,bybit,mexc,ESPORTSUSDT,1.2425,0.0847,0.08574,5e-05,-0.014622,-0.014672,1.2572
2026-06-08T06:58:09.471983+00:00Z,gate,mexc,ESPORTSUSDT,0.723,0.08513,0.08574,-0.008205,-0.014622,-0.006417,0.7294
2026-06-08T06:58:11.501084+00:00Z,bybit,mexc,ESPORTSUSDT,1.0872,0.08485,0.08576,5e-05,-0.014622,-0.014672,1.1018
2026-06-08T06:58:11.501084+00:00Z,gate,mexc,ESPORTSUSDT,0.5221,0.08532,0.08576,-0.008205,-0.014622,-0.006417,0.5285
2026-06-08T06:58:11.501084+00:00Z,bybit,gate,ESPORTSUSDT,0.515,0.08485,0.08528,5e-05,-0.008205,-0.008255,0.5233
2026-06-08T06:58:13.525099+00:00Z,bybit,gate,ESPORTSUSDT,0.6339,0.08471,0.08524,5e-05,-0.008205,-0.008255,0.6422
2026-06-08T06:58:15.539864+00:00Z,bybit,gate,ESPORTSUSDT,0.5404,0.08457,0.08502,5e-05,-0.008205,-0.008255,0.5486
2026-06-08T06:58:17.554379+00:00Z,bybit,mexc,ESPORTSUSDT,0.7631,0.08418,0.08481,5e-05,-0.014622,-0.014672,0.7777
2026-06-08T06:58:17.554379+00:00Z,bybit,gate,ESPORTSUSDT,0.5547,0.08418,0.08464,5e-05,-0.008205,-0.008255,0.563
2026-06-08T06:58:21.572137+00:00Z,bybit,mexc,ESPORTSUSDT,0.9752,0.08433,0.08514,5e-05,-0.014622,-0.014672,0.9899
2026-06-08T06:58:21.572137+00:00Z,bybit,gate,ESPORTSUSDT,0.5656,0.08433,0.0848,5e-05,-0.008205,-0.008255,0.5738
2026-06-08T06:58:23.594577+00:00Z,bybit,mexc,ESPORTSUSDT,1.2002,0.08435,0.08535,5e-05,-0.014622,-0.014672,1.2149
2026-06-08T06:58:23.594577+00:00Z,bybit,gate,ESPORTSUSDT,0.601,0.08435,0.08485,5e-05,-0.008205,-0.008255,0.6093
2026-06-08T06:58:25.612705+00:00Z,bybit,mexc,ESPORTSUSDT,1.4153,0.08425,0.08543,5e-05,-0.014622,-0.014672,1.4299
2026-06-08T06:58:25.612705+00:00Z,gate,mexc,ESPORTSUSDT,0.7612,0.08479,0.08543,-0.008205,-0.014622,-0.006417,0.7676
2026-06-08T06:58:25.612705+00:00Z,bybit,gate,ESPORTSUSDT,0.5424,0.08425,0.0847,5e-05,-0.008205,-0.008255,0.5506
2026-06-08T06:58:27.630068+00:00Z,bybit,mexc,ESPORTSUSDT,0.5818,0.08464,0.08512,5e-05,-0.014622,-0.014672,0.5965
2026-06-08T06:58:29.634164+00:00Z,bybit,mexc,ESPORTSUSDT,1.1295,0.08432,0.08526,5e-05,-0.014622,-0.014672,1.1441
2026-06-08T06:58:29.634164+00:00Z,bybit,gate,ESPORTSUSDT,0.5538,0.08432,0.08478,5e-05,-0.008205,-0.008255,0.5621
2026-06-08T06:58:31.779987+00:00Z,bybit,mexc,ESPORTSUSDT,0.9616,0.08448,0.08528,5e-05,-0.014622,-0.014672,0.9763
2026-06-08T06:58:31.779987+00:00Z,bybit,gate,ESPORTSUSDT,0.6238,0.08448,0.085,5e-05,-0.008205,-0.008255,0.632
2026-06-08T06:58:33.817986+00:00Z,bybit,mexc,ESPORTSUSDT,1.4044,0.08491,0.08609,5e-05,-0.014622,-0.014672,1.4191
2026-06-08T06:58:33.817986+00:00Z,gate,mexc,ESPORTSUSDT,0.6846,0.08551,0.08609,-0.008271,-0.014622,-0.006351,0.691
2026-06-08T06:58:33.817986+00:00Z,bybit,gate,ESPORTSUSDT,0.609,0.08491,0.08542,5e-05,-0.008271,-0.008321,0.6173
2026-06-08T06:58:35.834496+00:00Z,bybit,mexc,ESPORTSUSDT,1.0389,0.08494,0.08581,5e-05,-0.014622,-0.014672,1.0536
2026-06-08T06:58:35.834496+00:00Z,bybit,gate,ESPORTSUSDT,0.5852,0.08494,0.08543,5e-05,-0.008271,-0.008321,0.5935
2026-06-08T06:58:37.858015+00:00Z,bybit,mexc,ESPORTSUSDT,1.373,0.08466,0.08581,5e-05,-0.014622,-0.014672,1.3877
2026-06-08T06:58:37.858015+00:00Z,bybit,gate,ESPORTSUSDT,0.6698,0.08466,0.08522,5e-05,-0.008271,-0.008321,0.6781
2026-06-08T06:58:37.858015+00:00Z,gate,mexc,ESPORTSUSDT,0.5924,0.08531,0.08581,-0.008271,-0.014622,-0.006351,0.5988
2026-06-08T06:58:39.874593+00:00Z,bybit,gate,ESPORTSUSDT,0.6952,0.08444,0.08502,5e-05,-0.008271,-0.008321,0.7035
2026-06-08T06:58:41.889046+00:00Z,bybit,mexc,ESPORTSUSDT,0.9597,0.08465,0.08545,5e-05,-0.014622,-0.014672,0.9744
2026-06-08T06:58:41.889046+00:00Z,bybit,gate,ESPORTSUSDT,0.6108,0.08465,0.08516,5e-05,-0.008271,-0.008321,0.6191
2026-06-08T06:58:43.894653+00:00Z,bybit,mexc,ESPORTSUSDT,1.3893,0.08366,0.08481,5e-05,-0.014622,-0.014672,1.404
2026-06-08T06:58:43.894653+00:00Z,gate,mexc,ESPORTSUSDT,0.7907,0.08415,0.08481,-0.008271,-0.014622,-0.006351,0.797
2026-06-08T06:58:43.894653+00:00Z,bybit,gate,ESPORTSUSDT,0.5343,0.08366,0.0841,5e-05,-0.008271,-0.008321,0.5426
2026-06-08T06:58:45.913008+00:00Z,bybit,mexc,ESPORTSUSDT,0.6775,0.08449,0.08505,5e-05,-0.014622,-0.014672,0.6921
2026-06-08T06:58:47.917082+00:00Z,bybit,mexc,ESPORTSUSDT,0.9993,0.0843,0.08513,5e-05,-0.014622,-0.014672,1.0139
2026-06-08T06:58:49.932513+00:00Z,bybit,mexc,ESPORTSUSDT,1.1668,0.08419,0.08516,5e-05,-0.014622,-0.014672,1.1815
2026-06-08T06:58:49.932513+00:00Z,bybit,gate,ESPORTSUSDT,0.6378,0.08419,0.08472,5e-05,-0.008271,-0.008321,0.6462
2026-06-08T06:58:51.940733+00:00Z,bybit,mexc,ESPORTSUSDT,0.9155,0.08437,0.08513,5e-05,-0.014622,-0.014672,0.9301
2026-06-08T06:58:53.955457+00:00Z,bybit,mexc,ESPORTSUSDT,1.2264,0.08418,0.0852,5e-05,-0.014622,-0.014672,1.241
2026-06-08T06:58:53.955457+00:00Z,bybit,gate,ESPORTSUSDT,0.6498,0.08418,0.08472,5e-05,-0.008271,-0.008321,0.6581
2026-06-08T06:58:59.961755+00:00Z,bybit,mexc,ESPORTSUSDT,1.1193,0.08419,0.08512,5e-05,-0.014622,-0.014672,1.134
2026-06-08T06:59:01.977589+00:00Z,bybit,mexc,ESPORTSUSDT,0.8889,0.08469,0.08543,5e-05,-0.01504,-0.01509,0.904
2026-06-08T06:59:01.977589+00:00Z,bybit,gate,ESPORTSUSDT,0.5751,0.08469,0.08517,5e-05,-0.008271,-0.008321,0.5834
2026-06-08T06:59:04.003312+00:00Z,bybit,mexc,ESPORTSUSDT,1.016,0.08492,0.08577,5e-05,-0.01504,-0.01509,1.0311
2026-06-08T06:59:04.003312+00:00Z,bybit,gate,ESPORTSUSDT,0.5147,0.08492,0.08535,5e-05,-0.008271,-0.008321,0.523
2026-06-08T06:59:06.018536+00:00Z,bybit,mexc,ESPORTSUSDT,1.1828,0.08478,0.08577,5e-05,-0.01504,-0.01509,1.1979
2026-06-08T06:59:06.018536+00:00Z,gate,mexc,ESPORTSUSDT,0.6049,0.08526,0.08577,-0.008271,-0.01504,-0.006769,0.6117
2026-06-08T06:59:08.049301+00:00Z,bybit,mexc,ESPORTSUSDT,1.0919,0.08451,0.08542,5e-05,-0.01504,-0.01509,1.107
2026-06-08T06:59:10.067663+00:00Z,bybit,mexc,ESPORTSUSDT,0.6392,0.08492,0.08545,5e-05,-0.01504,-0.01509,0.6543
2026-06-08T06:59:12.071464+00:00Z,bybit,mexc,ESPORTSUSDT,1.0639,0.08486,0.08575,5e-05,-0.01504,-0.01509,1.079
2026-06-08T06:59:12.071464+00:00Z,gate,mexc,ESPORTSUSDT,0.5579,0.08528,0.08575,-0.008271,-0.01504,-0.006769,0.5647
2026-06-08T06:59:14.104060+00:00Z,bybit,mexc,ESPORTSUSDT,0.8657,0.08465,0.08537,5e-05,-0.01504,-0.01509,0.8807
2026-06-08T06:59:16.119254+00:00Z,bybit,mexc,ESPORTSUSDT,0.8763,0.08476,0.08549,5e-05,-0.01504,-0.01509,0.8914
2026-06-08T06:59:18.134870+00:00Z,bybit,mexc,ESPORTSUSDT,0.9483,0.08465,0.08544,5e-05,-0.01504,-0.01509,0.9634
2026-06-08T06:59:20.149161+00:00Z,bybit,mexc,ESPORTSUSDT,0.9722,0.08463,0.08544,5e-05,-0.01504,-0.01509,0.9873
2026-06-08T06:59:22.164751+00:00Z,bybit,mexc,ESPORTSUSDT,0.9841,0.08462,0.08544,5e-05,-0.01504,-0.01509,0.9992
2026-06-08T06:59:22.164751+00:00Z,gate,mexc,ESPORTSUSDT,0.5954,0.08494,0.08544,-0.008271,-0.01504,-0.006769,0.6022
2026-06-08T06:59:24.182405+00:00Z,bybit,mexc,ESPORTSUSDT,0.7936,0.08478,0.08544,5e-05,-0.01504,-0.01509,0.8087
2026-06-08T06:59:24.182405+00:00Z,gate,mexc,ESPORTSUSDT,0.5126,0.08501,0.08544,-0.008271,-0.01504,-0.006769,0.5194
2026-06-08T06:59:26.185699+00:00Z,bybit,mexc,ESPORTSUSDT,1.4998,0.08419,0.08544,5e-05,-0.01504,-0.01509,1.5149
2026-06-08T06:59:26.185699+00:00Z,gate,mexc,ESPORTSUSDT,1.0475,0.08456,0.08544,-0.008271,-0.01504,-0.006769,1.0542
2026-06-08T06:59:28.206637+00:00Z,bybit,mexc,ESPORTSUSDT,1.2713,0.08438,0.08544,5e-05,-0.01504,-0.01509,1.2864
2026-06-08T06:59:28.206637+00:00Z,gate,mexc,ESPORTSUSDT,0.9162,0.08467,0.08544,-0.008271,-0.01504,-0.006769,0.923
2026-06-08T06:59:30.209663+00:00Z,bybit,mexc,ESPORTSUSDT,1.2353,0.08441,0.08544,5e-05,-0.01504,-0.01509,1.2504
2026-06-08T06:59:30.209663+00:00Z,gate,mexc,ESPORTSUSDT,0.8447,0.08473,0.08544,-0.008271,-0.01504,-0.006769,0.8515
2026-06-08T06:59:32.224748+00:00Z,bybit,mexc,ESPORTSUSDT,1.2113,0.08443,0.08544,5e-05,-0.01504,-0.01509,1.2264
2026-06-08T06:59:32.224748+00:00Z,gate,mexc,ESPORTSUSDT,0.8804,0.0847,0.08544,-0.008271,-0.01504,-0.006769,0.8872
2026-06-08T06:59:34.244785+00:00Z,bybit,mexc,ESPORTSUSDT,1.1275,0.0845,0.08544,5e-05,-0.01504,-0.01509,1.1426
2026-06-08T06:59:34.244785+00:00Z,gate,mexc,ESPORTSUSDT,0.7139,0.08484,0.08544,-0.008385,-0.01504,-0.006655,0.7205
2026-06-08T06:59:36.261017+00:00Z,bybit,mexc,ESPORTSUSDT,1.1634,0.08447,0.08544,5e-05,-0.01504,-0.01509,1.1785
2026-06-08T06:59:36.261017+00:00Z,gate,mexc,ESPORTSUSDT,0.6427,0.0849,0.08544,-0.008385,-0.01504,-0.006655,0.6494
2026-06-08T06:59:38.272811+00:00Z,bybit,mexc,ESPORTSUSDT,0.9245,0.08467,0.08544,5e-05,-0.01504,-0.01509,0.9396
2026-06-08T06:59:38.272811+00:00Z,gate,mexc,ESPORTSUSDT,0.5598,0.08497,0.08544,-0.008385,-0.01504,-0.006655,0.5664
2026-06-08T06:59:40.287763+00:00Z,bybit,mexc,ESPORTSUSDT,1.0677,0.08455,0.08544,5e-05,-0.01504,-0.01509,1.0828
2026-06-08T06:59:40.287763+00:00Z,gate,mexc,ESPORTSUSDT,0.6071,0.08493,0.08544,-0.008385,-0.01504,-0.006655,0.6138
2026-06-08T06:59:42.304605+00:00Z,bybit,mexc,ESPORTSUSDT,1.0797,0.08454,0.08544,5e-05,-0.01504,-0.01509,1.0948
2026-06-08T06:59:42.304605+00:00Z,gate,mexc,ESPORTSUSDT,0.6308,0.08491,0.08544,-0.008385,-0.01504,-0.006655,0.6375
2026-06-08T06:59:44.328355+00:00Z,bybit,mexc,ESPORTSUSDT,1.1036,0.08452,0.08544,5e-05,-0.01504,-0.01509,1.1187
2026-06-08T06:59:44.328355+00:00Z,gate,mexc,ESPORTSUSDT,0.6071,0.08493,0.08544,-0.008385,-0.01504,-0.006655,0.6138
2026-06-08T06:59:46.344493+00:00Z,bybit,mexc,ESPORTSUSDT,1.1395,0.08449,0.08544,5e-05,-0.01504,-0.01509,1.1546
2026-06-08T06:59:46.344493+00:00Z,gate,mexc,ESPORTSUSDT,0.7139,0.08484,0.08544,-0.008385,-0.01504,-0.006655,0.7205
2026-06-08T06:59:48.364967+00:00Z,bybit,mexc,ESPORTSUSDT,0.8888,0.0847,0.08544,5e-05,-0.01504,-0.01509,0.9039
2026-06-08T06:59:48.364967+00:00Z,gate,mexc,ESPORTSUSDT,0.8327,0.08474,0.08544,-0.008385,-0.01504,-0.006655,0.8394
2026-06-08T06:59:50.381529+00:00Z,bybit,mexc,ESPORTSUSDT,1.4757,0.08421,0.08544,5e-05,-0.01504,-0.01509,1.4908
2026-06-08T06:59:50.381529+00:00Z,gate,mexc,ESPORTSUSDT,1.0234,0.08458,0.08544,-0.008385,-0.01504,-0.006655,1.0301
2026-06-08T06:59:52.402033+00:00Z,bybit,mexc,ESPORTSUSDT,1.0797,0.08454,0.08544,5e-05,-0.01504,-0.01509,1.0948
2026-06-08T06:59:52.402033+00:00Z,gate,mexc,ESPORTSUSDT,0.8684,0.08471,0.08544,-0.008385,-0.01504,-0.006655,0.8751
2026-06-08T06:59:54.426582+00:00Z,bybit,mexc,ESPORTSUSDT,0.8649,0.08472,0.08544,5e-05,-0.01504,-0.01509,0.88
2026-06-08T06:59:54.426582+00:00Z,gate,mexc,ESPORTSUSDT,0.8089,0.08476,0.08544,-0.008385,-0.01504,-0.006655,0.8156
2026-06-08T06:59:56.429670+00:00Z,bybit,mexc,ESPORTSUSDT,1.2353,0.08441,0.08544,5e-05,-0.01504,-0.01509,1.2504
2026-06-08T06:59:56.429670+00:00Z,gate,mexc,ESPORTSUSDT,0.7257,0.08483,0.08544,-0.008385,-0.01504,-0.006655,0.7324
2026-06-08T06:59:58.446922+00:00Z,bybit,mexc,ESPORTSUSDT,0.7936,0.08478,0.08544,5e-05,-0.01504,-0.01509,0.8087
2026-06-08T06:59:58.446922+00:00Z,gate,mexc,ESPORTSUSDT,0.702,0.08485,0.08544,-0.008385,-0.01504,-0.006655,0.7087
2026-06-08T07:00:00.464724+00:00Z,bybit,mexc,ESPORTSUSDT,1.1754,0.08446,0.08544,5e-05,-0.01504,-0.01509,1.1905
2026-06-08T07:00:00.464724+00:00Z,gate,mexc,ESPORTSUSDT,0.7733,0.08479,0.08544,-0.008385,-0.01504,-0.006655,0.7799
2026-06-08T07:00:02.467577+00:00Z,bybit,mexc,ESPORTSUSDT,1.2113,0.08443,0.08544,5e-05,-0.01504,-0.01509,1.2264
2026-06-08T07:00:02.467577+00:00Z,gate,mexc,ESPORTSUSDT,0.7733,0.08479,0.08544,-0.008385,-0.01504,-0.006655,0.7799
2026-06-08T07:00:02.467577+00:00Z,mexc,bybit,ALLOUSDT,0.6844,0.41778,0.42064,-0.000454,-0.000247,0.000207,0.6842
2026-06-08T07:00:02.467577+00:00Z,mexc,gate,ALLOUSDT,0.5646,0.41778,0.42014,-0.000454,-0.000187,0.000267,0.5644
2026-06-08T07:00:04.485241+00:00Z,bybit,mexc,ESPORTSUSDT,0.9126,0.08468,0.08544,5e-05,-0.01504,-0.01509,0.9277
2026-06-08T07:00:04.485241+00:00Z,gate,mexc,ESPORTSUSDT,0.5716,0.08496,0.08544,-0.008385,-0.01504,-0.006655,0.5783
2026-06-08T07:00:06.512817+00:00Z,bybit,mexc,ESPORTSUSDT,0.9961,0.08461,0.08544,5e-05,-0.01504,-0.01509,1.0112
2026-06-08T07:00:06.512817+00:00Z,gate,mexc,ESPORTSUSDT,0.619,0.08492,0.08544,-0.008385,-0.01504,-0.006655,0.6257
2026-06-08T07:00:08.534291+00:00Z,bybit,mexc,ESPORTSUSDT,1.1515,0.08448,0.08544,5e-05,-0.01504,-0.01509,1.1665
2026-06-08T07:00:08.534291+00:00Z,gate,mexc,ESPORTSUSDT,0.6664,0.08488,0.08544,-0.008385,-0.01504,-0.006655,0.6731
2026-06-08T07:00:10.550695+00:00Z,bybit,mexc,ESPORTSUSDT,0.9126,0.08468,0.08544,5e-05,-0.01504,-0.01509,0.9277
2026-06-08T07:00:10.550695+00:00Z,gate,mexc,ESPORTSUSDT,0.8089,0.08476,0.08544,-0.008385,-0.01504,-0.006655,0.8156
2026-06-08T07:00:12.567517+00:00Z,gate,mexc,ESPORTSUSDT,0.5835,0.08495,0.08544,-0.008385,-0.01504,-0.006655,0.5901
2026-06-08T07:00:12.567517+00:00Z,bybit,mexc,ESPORTSUSDT,0.5209,0.08501,0.08544,5e-05,-0.01504,-0.01509,0.536
2026-06-08T07:00:14.583955+00:00Z,bybit,mexc,ESPORTSUSDT,1.0319,0.08458,0.08544,5e-05,-0.01504,-0.01509,1.047
2026-06-08T07:00:14.583955+00:00Z,gate,mexc,ESPORTSUSDT,0.6071,0.08493,0.08544,-0.008385,-0.01504,-0.006655,0.6138
2026-06-08T07:00:16.591067+00:00Z,bybit,mexc,ESPORTSUSDT,1.0319,0.08458,0.08544,5e-05,-0.01504,-0.01509,1.047
2026-06-08T07:00:16.591067+00:00Z,gate,mexc,ESPORTSUSDT,0.6308,0.08491,0.08544,-0.008385,-0.01504,-0.006655,0.6375
2026-06-08T07:00:18.607544+00:00Z,bybit,mexc,ESPORTSUSDT,1.0199,0.08459,0.08544,5e-05,-0.01504,-0.01509,1.035
2026-06-08T07:00:18.607544+00:00Z,gate,mexc,ESPORTSUSDT,0.5835,0.08495,0.08544,-0.008385,-0.01504,-0.006655,0.5901
2026-06-08T07:00:18.607544+00:00Z,mexc,bybit,ALLOUSDT,0.5719,0.41778,0.42017,-0.000454,-0.000247,0.000207,0.5717
2026-06-08T07:00:18.607544+00:00Z,mexc,gate,ALLOUSDT,0.5263,0.41778,0.41998,-0.000454,-0.000187,0.000267,0.5261
2026-06-08T07:00:20.611926+00:00Z,bybit,mexc,ESPORTSUSDT,1.0797,0.08454,0.08544,5e-05,-0.01504,-0.01509,1.0948
2026-06-08T07:00:20.611926+00:00Z,gate,mexc,ESPORTSUSDT,0.548,0.08498,0.08544,-0.008385,-0.01504,-0.006655,0.5546
2026-06-08T07:00:22.638077+00:00Z,bybit,mexc,ESPORTSUSDT,1.3554,0.08431,0.08544,5e-05,-0.01504,-0.01509,1.3705
2026-06-08T07:00:22.638077+00:00Z,gate,mexc,ESPORTSUSDT,0.8089,0.08476,0.08544,-0.008385,-0.01504,-0.006655,0.8156
2026-06-08T07:00:24.651159+00:00Z,bybit,mexc,ESPORTSUSDT,1.1634,0.08447,0.08544,5e-05,-0.01504,-0.01509,1.1785
2026-06-08T07:00:24.651159+00:00Z,gate,mexc,ESPORTSUSDT,0.7376,0.08482,0.08544,-0.008385,-0.01504,-0.006655,0.7443
2026-06-08T07:00:26.667303+00:00Z,bybit,mexc,ESPORTSUSDT,0.9961,0.08461,0.08544,5e-05,-0.01504,-0.01509,1.0112
2026-06-08T07:00:26.667303+00:00Z,gate,mexc,ESPORTSUSDT,0.7851,0.08478,0.08544,-0.008385,-0.01504,-0.006655,0.7918
2026-06-08T07:00:28.685084+00:00Z,bybit,mexc,ESPORTSUSDT,1.2113,0.08443,0.08544,5e-05,-0.01504,-0.01509,1.2264
2026-06-08T07:00:28.685084+00:00Z,gate,mexc,ESPORTSUSDT,0.6783,0.08487,0.08544,-0.008385,-0.01504,-0.006655,0.6849
2026-06-08T07:00:30.701858+00:00Z,bybit,mexc,ESPORTSUSDT,0.746,0.08482,0.08544,5e-05,-0.01504,-0.01509,0.7611
2026-06-08T07:00:30.701858+00:00Z,gate,mexc,ESPORTSUSDT,0.5243,0.085,0.08544,-0.008385,-0.01504,-0.006655,0.531
2026-06-08T07:00:32.717185+00:00Z,bybit,mexc,ESPORTSUSDT,0.8174,0.08476,0.08544,5e-05,-0.01504,-0.01509,0.8324
2026-06-08T07:00:34.734460+00:00Z,bybit,mexc,ESPORTSUSDT,0.6986,0.08486,0.08544,5e-05,-0.01504,-0.01509,0.7137
2026-06-08T07:00:36.737249+00:00Z,bybit,mexc,ALLOUSDT,0.7509,0.41431,0.41742,-0.000247,-0.000454,-0.000207,0.7511
2026-06-08T07:00:36.737249+00:00Z,bybit,gate,ALLOUSDT,0.5406,0.41431,0.41655,-0.000247,-0.000182,6.5e-05,0.5405
2026-06-08T07:00:36.737249+00:00Z,bybit,mexc,ESPORTSUSDT,0.5091,0.08502,0.08544,5e-05,-0.01504,-0.01509,0.5242
2026-06-08T07:00:38.754223+00:00Z,gate,mexc,ALLOUSDT,0.535,0.4152,0.41742,-0.000182,-0.000454,-0.000272,0.5352
2026-06-08T07:00:42.770581+00:00Z,gate,mexc,ALLOUSDT,0.9922,0.41332,0.41742,-0.000182,-0.000454,-0.000272,0.9925
2026-06-08T07:00:42.770581+00:00Z,bybit,mexc,ALLOUSDT,0.9531,0.41348,0.41742,-0.000247,-0.000454,-0.000207,0.9533
2026-06-08T07:00:42.770581+00:00Z,mexc,gate,ESPORTSUSDT,0.8097,0.08576,0.08646,-0.01504,-0.008513,0.006527,0.8032
2026-06-08T07:00:42.770581+00:00Z,bybit,gate,ESPORTSUSDT,0.5201,0.08602,0.08646,5e-05,-0.008513,-0.008563,0.5286
2026-06-08T07:00:44.792628+00:00Z,gate,mexc,ALLOUSDT,0.88,0.41378,0.41742,-0.000182,-0.000454,-0.000272,0.8802
2026-06-08T07:00:44.792628+00:00Z,bybit,mexc,ALLOUSDT,0.8312,0.41398,0.41742,-0.000247,-0.000454,-0.000207,0.8314
2026-06-08T07:00:44.792628+00:00Z,mexc,gate,ESPORTSUSDT,0.5182,0.08576,0.08621,-0.01504,-0.008513,0.006527,0.5117
2026-06-08T07:00:46.809945+00:00Z,gate,mexc,ALLOUSDT,0.9996,0.41329,0.41742,-0.000182,-0.000454,-0.000272,0.9998
2026-06-08T07:00:46.809945+00:00Z,bybit,mexc,ALLOUSDT,0.9726,0.4134,0.41742,-0.000247,-0.000454,-0.000207,0.9728
2026-06-08T07:00:48.827266+00:00Z,bybit,mexc,ESPORTSUSDT,0.5817,0.08648,0.08697,5e-05,-0.01504,-0.01509,0.5968
2026-06-08T07:00:48.827266+00:00Z,gate,mexc,ESPORTSUSDT,0.5266,0.08652,0.08697,-0.008513,-0.01504,-0.006527,0.5332
2026-06-08T07:00:50.847235+00:00Z,bybit,mexc,ESPORTSUSDT,1.3842,0.08619,0.08737,5e-05,-0.01504,-0.01509,1.3992
2026-06-08T07:00:50.847235+00:00Z,gate,mexc,ESPORTSUSDT,0.9656,0.08654,0.08737,-0.008513,-0.01504,-0.006527,0.9721
2026-06-08T07:00:52.864608+00:00Z,bybit,mexc,ESPORTSUSDT,0.9862,0.0865,0.08734,5e-05,-0.01504,-0.01509,1.0013
2026-06-08T07:00:52.864608+00:00Z,gate,mexc,ESPORTSUSDT,0.675,0.08676,0.08734,-0.008513,-0.01504,-0.006527,0.6816
2026-06-08T07:00:54.867442+00:00Z,bybit,mexc,ESPORTSUSDT,0.9343,0.08594,0.08673,5e-05,-0.01504,-0.01509,0.9494
2026-06-08T07:00:58.884422+00:00Z,bybit,mexc,ESPORTSUSDT,0.5134,0.0863,0.08673,5e-05,-0.01504,-0.01509,0.5284
2026-06-08T07:01:00.899177+00:00Z,bybit,mexc,ESPORTSUSDT,0.6858,0.08647,0.08705,5e-05,-0.01504,-0.01509,0.7009
2026-06-08T07:01:02.904474+00:00Z,bybit,mexc,ESPORTSUSDT,0.5428,0.08723,0.08769,5e-05,-0.015363,-0.015413,0.5582
2026-06-08T07:01:02.904474+00:00Z,gate,mexc,ESPORTSUSDT,0.5342,0.08723,0.08769,-0.008513,-0.015363,-0.00685,0.541
2026-06-08T07:01:04.920979+00:00Z,bybit,mexc,ESPORTSUSDT,1.064,0.08678,0.08769,5e-05,-0.015363,-0.015413,1.0795
2026-06-08T07:01:04.920979+00:00Z,gate,mexc,ESPORTSUSDT,0.7421,0.08705,0.08769,-0.008513,-0.015363,-0.00685,0.7489
2026-06-08T07:01:06.924402+00:00Z,bybit,mexc,ESPORTSUSDT,1.072,0.08707,0.08799,5e-05,-0.015363,-0.015413,1.0874
2026-06-08T07:01:06.924402+00:00Z,gate,mexc,ESPORTSUSDT,0.6934,0.08739,0.08799,-0.008513,-0.015363,-0.00685,0.7003
2026-06-08T07:01:08.940587+00:00Z,bybit,mexc,ESPORTSUSDT,0.6953,0.08678,0.08737,5e-05,-0.015363,-0.015413,0.7107
2026-06-08T07:01:10.949393+00:00Z,bybit,mexc,ESPORTSUSDT,0.7766,0.08671,0.08737,5e-05,-0.015363,-0.015413,0.792
2026-06-08T07:01:12.964048+00:00Z,bybit,mexc,ESPORTSUSDT,0.9158,0.08663,0.08741,5e-05,-0.015363,-0.015413,0.9312
2026-06-08T07:01:12.964048+00:00Z,gate,mexc,ESPORTSUSDT,0.5359,0.08695,0.08741,-0.008513,-0.015363,-0.00685,0.5427
2026-06-08T07:01:16.998421+00:00Z,bybit,mexc,ESPORTSUSDT,0.9241,0.08694,0.08773,5e-05,-0.015363,-0.015413,0.9395
2026-06-08T07:01:16.998421+00:00Z,gate,mexc,ESPORTSUSDT,0.6608,0.08716,0.08773,-0.008513,-0.015363,-0.00685,0.6677
2026-06-08T07:01:19.016094+00:00Z,bybit,mexc,ESPORTSUSDT,0.8356,0.08657,0.08728,5e-05,-0.015363,-0.015413,0.851
2026-06-08T07:01:19.016094+00:00Z,gate,mexc,ESPORTSUSDT,0.502,0.08685,0.08728,-0.008513,-0.015363,-0.00685,0.5088
2026-06-08T07:01:21.032099+00:00Z,bybit,mexc,ESPORTSUSDT,0.6153,0.08669,0.08721,5e-05,-0.015363,-0.015413,0.6307
2026-06-08T07:01:23.048343+00:00Z,bybit,mexc,ESPORTSUSDT,0.7075,0.08669,0.08729,5e-05,-0.015363,-0.015413,0.7229
2026-06-08T07:01:25.064134+00:00Z,bybit,mexc,ESPORTSUSDT,1.0329,0.08649,0.08737,5e-05,-0.015363,-0.015413,1.0483
2026-06-08T07:01:25.064134+00:00Z,gate,mexc,ESPORTSUSDT,0.6635,0.0868,0.08737,-0.008513,-0.015363,-0.00685,0.6704
2026-06-08T07:01:27.081942+00:00Z,bybit,mexc,ESPORTSUSDT,0.6503,0.08663,0.08718,5e-05,-0.015363,-0.015413,0.6657
2026-06-08T07:01:29.091202+00:00Z,bybit,mexc,ESPORTSUSDT,0.6862,0.08647,0.08705,5e-05,-0.015363,-0.015413,0.7016
2026-06-08T07:01:31.106698+00:00Z,bybit,mexc,ESPORTSUSDT,0.9279,0.08658,0.08737,5e-05,-0.015363,-0.015413,0.9433
2026-06-08T07:01:31.106698+00:00Z,gate,mexc,ESPORTSUSDT,0.6751,0.08679,0.08737,-0.008513,-0.015363,-0.00685,0.682
2026-06-08T07:01:33.137924+00:00Z,bybit,mexc,ESPORTSUSDT,1.0908,0.08648,0.08741,5e-05,-0.015363,-0.015413,1.1062
2026-06-08T07:01:33.137924+00:00Z,gate,mexc,ESPORTSUSDT,0.6401,0.08686,0.08741,-0.008513,-0.015363,-0.00685,0.6469
2026-06-08T07:01:35.155753+00:00Z,bybit,mexc,ESPORTSUSDT,1.0682,0.08644,0.08735,5e-05,-0.015363,-0.015413,1.0836
2026-06-08T07:01:35.155753+00:00Z,gate,mexc,ESPORTSUSDT,0.71,0.08674,0.08735,-0.008603,-0.015363,-0.00676,0.7168
2026-06-08T07:01:37.159189+00:00Z,bybit,mexc,ESPORTSUSDT,0.8729,0.0863,0.08704,5e-05,-0.015363,-0.015413,0.8883
2026-06-08T07:01:37.159189+00:00Z,gate,mexc,ESPORTSUSDT,0.5032,0.08661,0.08704,-0.008603,-0.015363,-0.00676,0.51
2026-06-08T07:01:39.177216+00:00Z,bybit,mexc,ESPORTSUSDT,0.8988,0.08603,0.08679,5e-05,-0.015363,-0.015413,0.9142
2026-06-08T07:01:41.179095+00:00Z,bybit,mexc,ESPORTSUSDT,0.8167,0.08611,0.0868,5e-05,-0.015363,-0.015413,0.8321
2026-06-08T07:01:43.194217+00:00Z,bybit,mexc,ESPORTSUSDT,1.1189,0.08609,0.08704,5e-05,-0.015363,-0.015413,1.1343
2026-06-08T07:01:43.194217+00:00Z,gate,mexc,ESPORTSUSDT,0.7009,0.08644,0.08704,-0.008603,-0.015363,-0.00676,0.7076
2026-06-08T07:01:43.194217+00:00Z,gate,bybit,EPICUSDT,0.6564,0.5788,0.5826,-0.000123,5e-05,0.000173,0.6562
2026-06-08T07:01:45.201252+00:00Z,bybit,mexc,ESPORTSUSDT,1.2645,0.08566,0.08673,5e-05,-0.015363,-0.015413,1.28
2026-06-08T07:01:45.201252+00:00Z,gate,mexc,ESPORTSUSDT,0.8321,0.08602,0.08673,-0.008603,-0.015363,-0.00676,0.8389
2026-06-08T07:01:47.219319+00:00Z,bybit,mexc,ESPORTSUSDT,0.8313,0.0858,0.0865,5e-05,-0.015363,-0.015413,0.8467
2026-06-08T07:01:47.219319+00:00Z,gate,mexc,ESPORTSUSDT,0.5882,0.086,0.0865,-0.008603,-0.015363,-0.00676,0.5949
2026-06-08T07:01:49.225875+00:00Z,bybit,mexc,ESPORTSUSDT,0.9254,0.08572,0.0865,5e-05,-0.015363,-0.015413,0.9408
2026-06-08T07:01:49.225875+00:00Z,gate,mexc,ESPORTSUSDT,0.5297,0.08605,0.0865,-0.008603,-0.015363,-0.00676,0.5365
2026-06-08T07:01:51.259060+00:00Z,bybit,mexc,ESPORTSUSDT,0.6524,0.08634,0.08689,5e-05,-0.015363,-0.015413,0.6678
2026-06-08T07:01:51.259060+00:00Z,gate,mexc,ESPORTSUSDT,0.5972,0.08638,0.08689,-0.008603,-0.015363,-0.00676,0.6039
2026-06-08T07:01:53.271469+00:00Z,bybit,mexc,ESPORTSUSDT,1.0207,0.08555,0.08641,5e-05,-0.015363,-0.015413,1.0361
2026-06-08T07:01:53.271469+00:00Z,gate,mexc,ESPORTSUSDT,0.6708,0.08584,0.08641,-0.008603,-0.015363,-0.00676,0.6775
2026-06-08T07:01:57.288085+00:00Z,bybit,mexc,ESPORTSUSDT,0.7471,0.0861,0.08673,5e-05,-0.015363,-0.015413,0.7625
2026-06-08T07:01:59.304380+00:00Z,bybit,mexc,ESPORTSUSDT,0.6414,0.08626,0.0868,5e-05,-0.015363,-0.015413,0.6568
2026-06-08T07:02:01.306576+00:00Z,bybit,mexc,ESPORTSUSDT,0.9699,0.08591,0.08673,5e-05,-0.015363,-0.015413,0.9853
2026-06-08T07:02:01.306576+00:00Z,gate,mexc,ESPORTSUSDT,0.68,0.08615,0.08673,-0.008603,-0.015363,-0.00676,0.6868
2026-06-08T07:02:03.341479+00:00Z,bybit,mexc,ESPORTSUSDT,1.109,0.08599,0.08693,5e-05,-0.015754,-0.015804,1.1248
2026-06-08T07:02:03.341479+00:00Z,gate,mexc,ESPORTSUSDT,0.7605,0.08628,0.08693,-0.008603,-0.015754,-0.007151,0.7677
2026-06-08T07:02:05.357305+00:00Z,bybit,mexc,ESPORTSUSDT,0.9233,0.08595,0.08673,5e-05,-0.015754,-0.015804,0.9391
2026-06-08T07:02:05.357305+00:00Z,gate,mexc,ESPORTSUSDT,0.774,0.08607,0.08673,-0.008603,-0.015754,-0.007151,0.7811
2026-06-08T07:02:07.379902+00:00Z,bybit,mexc,ESPORTSUSDT,1.0367,0.0862,0.08708,5e-05,-0.015754,-0.015804,1.0525
2026-06-08T07:02:07.379902+00:00Z,gate,mexc,ESPORTSUSDT,0.7242,0.08646,0.08708,-0.008603,-0.015754,-0.007151,0.7314
2026-06-08T07:02:09.402503+00:00Z,bybit,mexc,ESPORTSUSDT,0.9767,0.08638,0.08721,5e-05,-0.015754,-0.015804,0.9925
2026-06-08T07:02:09.402503+00:00Z,gate,mexc,ESPORTSUSDT,0.607,0.08669,0.08721,-0.008603,-0.015754,-0.007151,0.6141
2026-06-08T07:02:11.405546+00:00Z,bybit,mexc,ESPORTSUSDT,0.7318,0.08659,0.08721,5e-05,-0.015754,-0.015804,0.7476
2026-06-08T07:02:13.421922+00:00Z,bybit,mexc,ESPORTSUSDT,0.8467,0.08665,0.08737,5e-05,-0.015754,-0.015804,0.8625
2026-06-08T07:02:13.421922+00:00Z,gate,mexc,ESPORTSUSDT,0.6406,0.08682,0.08737,-0.008603,-0.015754,-0.007151,0.6478
2026-06-08T07:02:15.437095+00:00Z,bybit,mexc,ESPORTSUSDT,0.8708,0.08655,0.08729,5e-05,-0.015754,-0.015804,0.8866
2026-06-08T07:02:15.437095+00:00Z,gate,mexc,ESPORTSUSDT,0.6644,0.08672,0.08729,-0.008603,-0.015754,-0.007151,0.6716
2026-06-08T07:02:17.452840+00:00Z,bybit,mexc,ESPORTSUSDT,0.7886,0.0867,0.08737,5e-05,-0.015754,-0.015804,0.8044
2026-06-08T07:02:17.452840+00:00Z,gate,mexc,ESPORTSUSDT,0.7683,0.08671,0.08737,-0.008603,-0.015754,-0.007151,0.7755
2026-06-08T07:02:19.456338+00:00Z,bybit,mexc,ESPORTSUSDT,1.1151,0.08642,0.08737,5e-05,-0.015754,-0.015804,1.1309
2026-06-08T07:02:19.456338+00:00Z,gate,mexc,ESPORTSUSDT,0.8497,0.08664,0.08737,-0.008603,-0.015754,-0.007151,0.8569
2026-06-08T07:02:25.483482+00:00Z,bybit,mexc,ESPORTSUSDT,1.111,0.08674,0.08769,5e-05,-0.015754,-0.015804,1.1268
2026-06-08T07:02:25.483482+00:00Z,gate,mexc,ESPORTSUSDT,0.8234,0.08698,0.08769,-0.008603,-0.015754,-0.007151,0.8306
2026-06-08T07:02:27.486220+00:00Z,bybit,mexc,ESPORTSUSDT,0.6817,0.0871,0.08768,5e-05,-0.015754,-0.015804,0.6975
2026-06-08T07:02:29.488475+00:00Z,bybit,mexc,ESPORTSUSDT,1.4724,0.08925,0.09055,5e-05,-0.015754,-0.015804,1.4882
2026-06-08T07:02:29.488475+00:00Z,gate,mexc,ESPORTSUSDT,0.6854,0.08994,0.09055,-0.008603,-0.015754,-0.007151,0.6925
2026-06-08T07:02:29.488475+00:00Z,bybit,gate,ESPORTSUSDT,0.6473,0.08925,0.08982,5e-05,-0.008603,-0.008653,0.656
2026-06-08T07:02:31.496349+00:00Z,bybit,mexc,ESPORTSUSDT,1.3111,0.08878,0.08993,5e-05,-0.015754,-0.015804,1.3269
2026-06-08T07:02:31.496349+00:00Z,gate,mexc,ESPORTSUSDT,1.1544,0.08891,0.08993,-0.008603,-0.015754,-0.007151,1.1615
2026-06-08T07:02:33.511564+00:00Z,bybit,mexc,ESPORTSUSDT,1.2381,0.08836,0.08944,5e-05,-0.015754,-0.015804,1.2539
2026-06-08T07:02:33.511564+00:00Z,gate,mexc,ESPORTSUSDT,0.9096,0.08864,0.08944,-0.008729,-0.015754,-0.007025,0.9166
2026-06-08T07:02:35.524174+00:00Z,gate,mexc,ESPORTSUSDT,0.8162,0.08898,0.0897,-0.008729,-0.015754,-0.007025,0.8232
2026-06-08T07:02:35.524174+00:00Z,bybit,mexc,ESPORTSUSDT,0.7797,0.08902,0.0897,5e-05,-0.015754,-0.015804,0.7955
2026-06-08T07:02:37.541851+00:00Z,bybit,mexc,ESPORTSUSDT,0.9737,0.08874,0.08959,5e-05,-0.015754,-0.015804,0.9895
2026-06-08T07:02:37.541851+00:00Z,gate,mexc,ESPORTSUSDT,0.8059,0.08888,0.08959,-0.008729,-0.015754,-0.007025,0.8129
2026-06-08T07:02:39.560542+00:00Z,bybit,mexc,ESPORTSUSDT,1.2749,0.08816,0.08927,5e-05,-0.015754,-0.015804,1.2907
2026-06-08T07:02:39.560542+00:00Z,gate,mexc,ESPORTSUSDT,0.7632,0.0886,0.08927,-0.008729,-0.015754,-0.007025,0.7703
2026-06-08T07:02:41.564886+00:00Z,bybit,mexc,ESPORTSUSDT,1.137,0.0883,0.08929,5e-05,-0.015754,-0.015804,1.1528
2026-06-08T07:02:41.564886+00:00Z,gate,mexc,ESPORTSUSDT,0.8655,0.08853,0.08929,-0.008729,-0.015754,-0.007025,0.8725
2026-06-08T07:02:43.581552+00:00Z,bybit,mexc,ESPORTSUSDT,1.1558,0.0886,0.08961,5e-05,-0.015754,-0.015804,1.1716
2026-06-08T07:02:43.581552+00:00Z,gate,mexc,ESPORTSUSDT,0.7943,0.08891,0.08961,-0.008729,-0.015754,-0.007025,0.8014
2026-06-08T07:02:45.597708+00:00Z,bybit,mexc,ESPORTSUSDT,1.1185,0.08887,0.08985,5e-05,-0.015754,-0.015804,1.1343
2026-06-08T07:02:45.597708+00:00Z,gate,mexc,ESPORTSUSDT,0.8261,0.08912,0.08985,-0.008729,-0.015754,-0.007025,0.8332
2026-06-08T07:02:47.616615+00:00Z,bybit,mexc,ESPORTSUSDT,1.1875,0.08876,0.0898,5e-05,-0.015754,-0.015804,1.2033
2026-06-08T07:02:47.616615+00:00Z,gate,mexc,ESPORTSUSDT,0.8379,0.08906,0.0898,-0.008729,-0.015754,-0.007025,0.845
2026-06-08T07:02:49.619465+00:00Z,bybit,mexc,ESPORTSUSDT,0.9384,0.08888,0.0897,5e-05,-0.015754,-0.015804,0.9542
2026-06-08T07:02:49.619465+00:00Z,gate,mexc,ESPORTSUSDT,0.6578,0.08912,0.0897,-0.008729,-0.015754,-0.007025,0.6649
2026-06-08T07:02:51.639479+00:00Z,bybit,mexc,ESPORTSUSDT,0.8003,0.08923,0.08993,5e-05,-0.015754,-0.015804,0.8161
2026-06-08T07:02:53.653725+00:00Z,bybit,mexc,ESPORTSUSDT,0.7664,0.08926,0.08993,5e-05,-0.015754,-0.015804,0.7822
2026-06-08T07:02:55.668814+00:00Z,gate,mexc,ESPORTSUSDT,0.6449,0.08936,0.08993,-0.008729,-0.015754,-0.007025,0.6519
2026-06-08T07:02:55.668814+00:00Z,bybit,mexc,ESPORTSUSDT,0.6312,0.08938,0.08993,5e-05,-0.015754,-0.015804,0.647
2026-06-08T07:02:57.685458+00:00Z,bybit,mexc,ESPORTSUSDT,1.1078,0.08883,0.0898,5e-05,-0.015754,-0.015804,1.1236
2026-06-08T07:02:57.685458+00:00Z,gate,mexc,ESPORTSUSDT,0.7361,0.08915,0.0898,-0.008729,-0.015754,-0.007025,0.7432
2026-06-08T07:02:59.711323+00:00Z,bybit,mexc,ESPORTSUSDT,1.1218,0.08861,0.08959,5e-05,-0.015754,-0.015804,1.1376
2026-06-08T07:02:59.711323+00:00Z,gate,mexc,ESPORTSUSDT,0.7039,0.08897,0.08959,-0.008729,-0.015754,-0.007025,0.7109
2026-06-08T07:03:01.714290+00:00Z,bybit,mexc,ESPORTSUSDT,1.0725,0.08899,0.08993,5e-05,-0.016139,-0.016189,1.0887
2026-06-08T07:03:01.714290+00:00Z,gate,mexc,ESPORTSUSDT,0.6903,0.08932,0.08993,-0.008729,-0.016139,-0.00741,0.6978
2026-06-08T07:03:03.730017+00:00Z,bybit,mexc,ESPORTSUSDT,0.9931,0.08906,0.08993,5e-05,-0.016139,-0.016189,1.0092
2026-06-08T07:03:03.730017+00:00Z,gate,mexc,ESPORTSUSDT,0.589,0.08941,0.08993,-0.008729,-0.016139,-0.00741,0.5964
2026-06-08T07:03:05.744928+00:00Z,bybit,mexc,ESPORTSUSDT,1.1327,0.08867,0.08966,5e-05,-0.016139,-0.016189,1.1489
2026-06-08T07:03:05.744928+00:00Z,gate,mexc,ESPORTSUSDT,0.6811,0.08906,0.08966,-0.008729,-0.016139,-0.00741,0.6885
2026-06-08T07:03:09.763366+00:00Z,bybit,mexc,ESPORTSUSDT,0.9783,0.08835,0.0892,5e-05,-0.016139,-0.016189,0.9945
2026-06-08T07:03:09.763366+00:00Z,gate,mexc,ESPORTSUSDT,0.7642,0.08853,0.0892,-0.008729,-0.016139,-0.00741,0.7716
2026-06-08T07:03:11.766181+00:00Z,bybit,mexc,ESPORTSUSDT,0.7719,0.08866,0.08933,5e-05,-0.016139,-0.016189,0.7881
2026-06-08T07:03:11.766181+00:00Z,gate,mexc,ESPORTSUSDT,0.5476,0.08885,0.08933,-0.008729,-0.016139,-0.00741,0.5551
2026-06-08T07:03:13.772978+00:00Z,bybit,mexc,ESPORTSUSDT,1.1179,0.08895,0.08993,5e-05,-0.016139,-0.016189,1.1341
2026-06-08T07:03:13.772978+00:00Z,gate,mexc,ESPORTSUSDT,0.7919,0.08923,0.08993,-0.008729,-0.016139,-0.00741,0.7993
2026-06-08T07:03:15.794359+00:00Z,bybit,mexc,ESPORTSUSDT,0.7199,0.08953,0.09016,5e-05,-0.016139,-0.016189,0.7361
2026-06-08T07:03:19.798177+00:00Z,bybit,mexc,ESPORTSUSDT,1.2706,0.09008,0.09121,5e-05,-0.016139,-0.016189,1.2868
2026-06-08T07:03:19.798177+00:00Z,gate,mexc,ESPORTSUSDT,0.9034,0.0904,0.09121,-0.008729,-0.016139,-0.00741,0.9108
2026-06-08T07:03:21.805381+00:00Z,bybit,mexc,ESPORTSUSDT,1.2286,0.09073,0.09183,5e-05,-0.016139,-0.016189,1.2448
2026-06-08T07:03:21.805381+00:00Z,gate,mexc,ESPORTSUSDT,0.643,0.09125,0.09183,-0.008729,-0.016139,-0.00741,0.6504
2026-06-08T07:03:23.830990+00:00Z,bybit,mexc,ESPORTSUSDT,1.242,0.09137,0.09249,5e-05,-0.016139,-0.016189,1.2582
2026-06-08T07:03:23.830990+00:00Z,gate,mexc,ESPORTSUSDT,0.54,0.092,0.09249,-0.008729,-0.016139,-0.00741,0.5474
2026-06-08T07:03:25.848040+00:00Z,bybit,mexc,ESPORTSUSDT,1.5086,0.09113,0.09249,5e-05,-0.016139,-0.016189,1.5248
2026-06-08T07:03:25.848040+00:00Z,gate,mexc,ESPORTSUSDT,0.9239,0.09165,0.09249,-0.008729,-0.016139,-0.00741,0.9314
2026-06-08T07:03:27.865277+00:00Z,bybit,mexc,ESPORTSUSDT,1.2209,0.09048,0.09157,5e-05,-0.016139,-0.016189,1.2371
2026-06-08T07:03:27.865277+00:00Z,gate,mexc,ESPORTSUSDT,0.667,0.09097,0.09157,-0.008729,-0.016139,-0.00741,0.6744
2026-06-08T07:03:29.882157+00:00Z,bybit,mexc,ESPORTSUSDT,0.9313,0.0907,0.09153,5e-05,-0.016139,-0.016189,0.9475
2026-06-08T07:03:29.882157+00:00Z,gate,mexc,ESPORTSUSDT,0.6009,0.09099,0.09153,-0.008729,-0.016139,-0.00741,0.6083
2026-06-08T07:03:31.898430+00:00Z,bybit,mexc,ESPORTSUSDT,1.0128,0.09031,0.09121,5e-05,-0.016139,-0.016189,1.0289
2026-06-08T07:03:31.898430+00:00Z,gate,mexc,ESPORTSUSDT,0.6474,0.09063,0.09121,-0.008729,-0.016139,-0.00741,0.6548
2026-06-08T07:03:34.071646+00:00Z,bybit,mexc,ESPORTSUSDT,0.9559,0.09045,0.0913,5e-05,-0.016139,-0.016189,0.9721
2026-06-08T07:03:34.071646+00:00Z,gate,mexc,ESPORTSUSDT,0.6355,0.09073,0.0913,-0.008845,-0.016139,-0.007294,0.6428
2026-06-08T07:03:36.087187+00:00Z,bybit,mexc,ESPORTSUSDT,0.6919,0.09027,0.09088,5e-05,-0.016139,-0.016189,0.7081
2026-06-08T07:03:38.101959+00:00Z,bybit,mexc,ESPORTSUSDT,0.8899,0.09042,0.09121,5e-05,-0.016139,-0.016189,0.9061
2026-06-08T07:03:38.101959+00:00Z,gate,mexc,ESPORTSUSDT,0.5585,0.09071,0.09121,-0.008845,-0.016139,-0.007294,0.5658
2026-06-08T07:03:40.127662+00:00Z,bybit,mexc,ESPORTSUSDT,0.7056,0.08993,0.09055,5e-05,-0.016139,-0.016189,0.7218
2026-06-08T07:03:42.142848+00:00Z,bybit,mexc,ESPORTSUSDT,1.0051,0.09,0.09089,5e-05,-0.016139,-0.016189,1.0213
2026-06-08T07:03:42.142848+00:00Z,gate,mexc,ESPORTSUSDT,0.605,0.09035,0.09089,-0.008845,-0.016139,-0.007294,0.6123
2026-06-08T07:03:44.164308+00:00Z,bybit,mexc,ESPORTSUSDT,0.77,0.09021,0.09089,5e-05,-0.016139,-0.016189,0.7862
2026-06-08T07:03:46.178557+00:00Z,bybit,mexc,ESPORTSUSDT,1.0911,0.09024,0.09121,5e-05,-0.016139,-0.016189,1.1073
2026-06-08T07:03:46.178557+00:00Z,gate,mexc,ESPORTSUSDT,0.6917,0.09059,0.09121,-0.008845,-0.016139,-0.007294,0.699
2026-06-08T07:03:48.194691+00:00Z,bybit,mexc,ESPORTSUSDT,1.1023,0.09023,0.09121,5e-05,-0.016139,-0.016189,1.1185
2026-06-08T07:03:48.194691+00:00Z,gate,mexc,ESPORTSUSDT,0.7362,0.09055,0.09121,-0.008845,-0.016139,-0.007294,0.7435
2026-06-08T07:03:54.212630+00:00Z,bybit,mexc,ESPORTSUSDT,0.9426,0.09067,0.09151,5e-05,-0.016139,-0.016189,0.9588
2026-06-08T07:03:54.212630+00:00Z,gate,mexc,ESPORTSUSDT,0.5125,0.09105,0.09151,-0.008845,-0.016139,-0.007294,0.5198
2026-06-08T07:03:56.228064+00:00Z,bybit,mexc,ESPORTSUSDT,1.2102,0.09045,0.09153,5e-05,-0.016139,-0.016189,1.2264
2026-06-08T07:03:56.228064+00:00Z,gate,mexc,ESPORTSUSDT,0.6671,0.09093,0.09153,-0.008845,-0.016139,-0.007294,0.6744
2026-06-08T07:03:58.250119+00:00Z,bybit,mexc,ESPORTSUSDT,0.6627,0.09126,0.09185,5e-05,-0.016139,-0.016189,0.6789
2026-06-08T07:04:00.265482+00:00Z,bybit,mexc,ESPORTSUSDT,1.1595,0.09096,0.092,5e-05,-0.016139,-0.016189,1.1757
2026-06-08T07:04:00.265482+00:00Z,gate,mexc,ESPORTSUSDT,0.6968,0.09137,0.092,-0.008845,-0.016139,-0.007294,0.7041
2026-06-08T07:04:02.289804+00:00Z,bybit,mexc,ESPORTSUSDT,1.0764,0.09152,0.09249,5e-05,-0.016498,-0.016548,1.093
2026-06-08T07:04:02.289804+00:00Z,gate,mexc,ESPORTSUSDT,0.584,0.09196,0.09249,-0.008845,-0.016498,-0.007653,0.5916
2026-06-08T07:04:04.304868+00:00Z,bybit,mexc,ESPORTSUSDT,1.1462,0.09118,0.09221,5e-05,-0.016498,-0.016548,1.1627
2026-06-08T07:04:04.304868+00:00Z,gate,mexc,ESPORTSUSDT,0.6516,0.09162,0.09221,-0.008845,-0.016498,-0.007653,0.6593
2026-06-08T07:04:06.328838+00:00Z,bybit,mexc,ESPORTSUSDT,1.2423,0.09137,0.09249,5e-05,-0.016498,-0.016548,1.2589
2026-06-08T07:04:06.328838+00:00Z,gate,mexc,ESPORTSUSDT,0.584,0.09196,0.09249,-0.008845,-0.016498,-0.007653,0.5916
2026-06-08T07:04:06.328838+00:00Z,bybit,gate,ESPORTSUSDT,0.5233,0.09137,0.09184,5e-05,-0.008845,-0.008895,0.5322
2026-06-08T07:04:08.344490+00:00Z,bybit,mexc,ESPORTSUSDT,1.2118,0.09203,0.09313,5e-05,-0.016498,-0.016548,1.2284
2026-06-08T07:04:08.344490+00:00Z,gate,mexc,ESPORTSUSDT,0.6343,0.09255,0.09313,-0.008845,-0.016498,-0.007653,0.642
2026-06-08T07:04:10.359632+00:00Z,bybit,mexc,ESPORTSUSDT,0.918,0.09207,0.0929,5e-05,-0.016498,-0.016548,0.9346
2026-06-08T07:04:10.359632+00:00Z,gate,mexc,ESPORTSUSDT,0.6795,0.09228,0.0929,-0.008845,-0.016498,-0.007653,0.6872
2026-06-08T07:04:12.362459+00:00Z,bybit,mexc,ESPORTSUSDT,1.2053,0.09169,0.09278,5e-05,-0.016498,-0.016548,1.2219
2026-06-08T07:04:12.362459+00:00Z,bybit,gate,ESPORTSUSDT,0.5433,0.09169,0.09218,5e-05,-0.008845,-0.008895,0.5522
2026-06-08T07:04:12.362459+00:00Z,gate,mexc,ESPORTSUSDT,0.5386,0.09229,0.09278,-0.008845,-0.016498,-0.007653,0.5462
2026-06-08T07:04:14.381579+00:00Z,bybit,mexc,ESPORTSUSDT,1.1878,0.09221,0.09329,5e-05,-0.016498,-0.016548,1.2043
2026-06-08T07:04:14.381579+00:00Z,bybit,gate,ESPORTSUSDT,0.5294,0.09221,0.09269,5e-05,-0.008845,-0.008895,0.5383
2026-06-08T07:04:16.385267+00:00Z,bybit,mexc,ESPORTSUSDT,1.2439,0.09207,0.0932,5e-05,-0.016498,-0.016548,1.2604
2026-06-08T07:04:16.385267+00:00Z,gate,mexc,ESPORTSUSDT,0.6447,0.09261,0.0932,-0.008845,-0.016498,-0.007653,0.6524
2026-06-08T07:04:18.401675+00:00Z,bybit,mexc,ESPORTSUSDT,1.0875,0.09244,0.09343,5e-05,-0.016498,-0.016548,1.1041
2026-06-08T07:04:18.401675+00:00Z,gate,mexc,ESPORTSUSDT,0.5782,0.0929,0.09343,-0.008845,-0.016498,-0.007653,0.5858
2026-06-08T07:04:20.418053+00:00Z,bybit,mexc,ESPORTSUSDT,1.3662,0.09336,0.09462,5e-05,-0.016498,-0.016548,1.3827
2026-06-08T07:04:20.418053+00:00Z,gate,mexc,ESPORTSUSDT,0.7852,0.09389,0.09462,-0.008845,-0.016498,-0.007653,0.7928
2026-06-08T07:04:22.447516+00:00Z,bybit,mexc,ESPORTSUSDT,1.2499,0.09324,0.09439,5e-05,-0.016498,-0.016548,1.2665
2026-06-08T07:04:22.447516+00:00Z,gate,mexc,ESPORTSUSDT,0.7656,0.09368,0.09439,-0.008845,-0.016498,-0.007653,0.7732
2026-06-08T07:04:24.463737+00:00Z,bybit,mexc,ESPORTSUSDT,1.1129,0.09304,0.09406,5e-05,-0.016498,-0.016548,1.1294
2026-06-08T07:04:24.463737+00:00Z,gate,mexc,ESPORTSUSDT,0.5528,0.09355,0.09406,-0.008845,-0.016498,-0.007653,0.5605
2026-06-08T07:04:26.467402+00:00Z,bybit,mexc,ESPORTSUSDT,0.7323,0.09501,0.09569,5e-05,-0.016498,-0.016548,0.7488
2026-06-08T07:04:28.482508+00:00Z,bybit,mexc,ESPORTSUSDT,1.1186,0.09528,0.09633,5e-05,-0.016498,-0.016548,1.1351
2026-06-08T07:04:28.482508+00:00Z,gate,mexc,ESPORTSUSDT,0.6134,0.09575,0.09633,-0.008845,-0.016498,-0.007653,0.6211
2026-06-08T07:04:30.516684+00:00Z,bybit,mexc,ESPORTSUSDT,0.7585,0.09569,0.0964,5e-05,-0.016498,-0.016548,0.7751
2026-06-08T07:04:30.516684+00:00Z,gate,mexc,ESPORTSUSDT,0.6865,0.09575,0.0964,-0.008845,-0.016498,-0.007653,0.6942
2026-06-08T07:04:32.532914+00:00Z,bybit,mexc,ESPORTSUSDT,0.6118,0.09576,0.09633,5e-05,-0.016498,-0.016548,0.6283
2026-06-08T07:04:34.548119+00:00Z,bybit,mexc,ESPORTSUSDT,1.3499,0.096,0.09728,5e-05,-0.016498,-0.016548,1.3664
2026-06-08T07:04:34.548119+00:00Z,gate,mexc,ESPORTSUSDT,0.9204,0.0964,0.09728,-0.008915,-0.016498,-0.007583,0.928
2026-06-08T07:04:38.572196+00:00Z,bybit,mexc,ESPORTSUSDT,1.2865,0.09607,0.09729,5e-05,-0.016498,-0.016548,1.303
2026-06-08T07:04:38.572196+00:00Z,gate,mexc,ESPORTSUSDT,0.8576,0.09647,0.09729,-0.008915,-0.016498,-0.007583,0.8652
2026-06-08T07:04:40.587851+00:00Z,bybit,mexc,ESPORTSUSDT,0.5589,0.09588,0.0964,5e-05,-0.016498,-0.016548,0.5754
2026-06-08T07:04:44.605521+00:00Z,bybit,mexc,ESPORTSUSDT,1.0867,0.09625,0.09728,5e-05,-0.016498,-0.016548,1.1032
2026-06-08T07:04:44.605521+00:00Z,gate,mexc,ESPORTSUSDT,0.8786,0.09644,0.09728,-0.008915,-0.016498,-0.007583,0.8862
2026-06-08T07:04:46.618571+00:00Z,gate,mexc,ESPORTSUSDT,0.7957,0.09643,0.09719,-0.008915,-0.016498,-0.007583,0.8033
2026-06-08T07:04:48.634858+00:00Z,bybit,mexc,ESPORTSUSDT,1.1605,0.09616,0.09726,5e-05,-0.016498,-0.016548,1.177
2026-06-08T07:04:48.634858+00:00Z,gate,mexc,ESPORTSUSDT,0.9521,0.09635,0.09726,-0.008915,-0.016498,-0.007583,0.9596
2026-06-08T07:04:50.637946+00:00Z,bybit,mexc,ESPORTSUSDT,1.5455,0.09549,0.09695,5e-05,-0.016498,-0.016548,1.5621
2026-06-08T07:04:50.637946+00:00Z,gate,mexc,ESPORTSUSDT,1.208,0.0958,0.09695,-0.008915,-0.016498,-0.007583,1.2156
2026-06-08T07:04:52.656383+00:00Z,bybit,mexc,ESPORTSUSDT,1.6466,0.09509,0.09664,5e-05,-0.016498,-0.016548,1.6631
2026-06-08T07:04:52.656383+00:00Z,gate,mexc,ESPORTSUSDT,1.3711,0.09534,0.09664,-0.008915,-0.016498,-0.007583,1.3787
2026-06-08T07:04:54.662756+00:00Z,bybit,mexc,ESPORTSUSDT,1.3801,0.09534,0.09664,5e-05,-0.016498,-0.016548,1.3966
2026-06-08T07:04:54.662756+00:00Z,gate,mexc,ESPORTSUSDT,1.106,0.09559,0.09664,-0.008915,-0.016498,-0.007583,1.1136
2026-06-08T07:04:58.667701+00:00Z,bybit,mexc,ESPORTSUSDT,1.5346,0.09552,0.09697,5e-05,-0.016498,-0.016548,1.5511
2026-06-08T07:04:58.667701+00:00Z,gate,mexc,ESPORTSUSDT,1.1972,0.09583,0.09697,-0.008915,-0.016498,-0.007583,1.2048
2026-06-08T07:05:00.671606+00:00Z,bybit,mexc,ESPORTSUSDT,1.3587,0.09537,0.09665,5e-05,-0.016498,-0.016548,1.3752
2026-06-08T07:05:00.671606+00:00Z,gate,mexc,ESPORTSUSDT,1.0848,0.09562,0.09665,-0.008915,-0.016498,-0.007583,1.0923
2026-06-08T07:05:02.688669+00:00Z,bybit,mexc,ESPORTSUSDT,1.0691,0.09501,0.09601,5e-05,-0.016498,-0.016548,1.0856
2026-06-08T07:05:02.688669+00:00Z,gate,mexc,ESPORTSUSDT,0.9539,0.09511,0.09601,-0.008915,-0.016498,-0.007583,0.9614
2026-06-08T07:05:04.707717+00:00Z,bybit,mexc,ESPORTSUSDT,0.7217,0.09502,0.09569,5e-05,-0.016498,-0.016548,0.7382
2026-06-08T07:05:04.707717+00:00Z,gate,mexc,ESPORTSUSDT,0.5434,0.09518,0.09569,-0.008915,-0.016498,-0.007583,0.551
2026-06-08T07:05:06.724328+00:00Z,bybit,mexc,ESPORTSUSDT,0.931,0.09514,0.09601,5e-05,-0.016498,-0.016548,0.9475
2026-06-08T07:05:06.724328+00:00Z,gate,mexc,ESPORTSUSDT,0.7526,0.0953,0.09601,-0.008915,-0.016498,-0.007583,0.7602
2026-06-08T07:05:08.742125+00:00Z,bybit,mexc,ESPORTSUSDT,1.3864,0.0949,0.0962,5e-05,-0.016498,-0.016548,1.403
2026-06-08T07:05:08.742125+00:00Z,gate,mexc,ESPORTSUSDT,0.952,0.0953,0.0962,-0.008915,-0.016498,-0.007583,0.9596
2026-06-08T07:05:10.744803+00:00Z,bybit,mexc,ESPORTSUSDT,0.8462,0.09522,0.09601,5e-05,-0.016498,-0.016548,0.8628
2026-06-08T07:05:10.744803+00:00Z,gate,mexc,ESPORTSUSDT,0.6998,0.09535,0.09601,-0.008915,-0.016498,-0.007583,0.7074
2026-06-08T07:05:14.762546+00:00Z,bybit,mexc,ESPORTSUSDT,0.9744,0.09605,0.09697,5e-05,-0.016498,-0.016548,0.9909
2026-06-08T07:05:14.762546+00:00Z,gate,mexc,ESPORTSUSDT,0.9129,0.0961,0.09697,-0.008915,-0.016498,-0.007583,0.9205
2026-06-08T07:05:30.808762+00:00Z,mexc,gate,ESPORTSUSDT,0.5897,0.09711,0.09769,-0.016498,-0.008915,0.007583,0.5821
2026-06-08T07:05:32.816222+00:00Z,mexc,gate,JCTUSDT,0.909,0.00451,0.004551,6.8e-05,0.000125,5.7e-05,0.909
2026-06-08T07:05:32.816222+00:00Z,mexc,bybit,JCTUSDT,0.7007,0.00451,0.004542,6.8e-05,5e-05,-1.8e-05,0.7007
2026-06-08T07:05:32.816222+00:00Z,mexc,gate,ESPORTSUSDT,0.6927,0.09711,0.09779,-0.016498,-0.008915,0.007583,0.6851
2026-06-08T07:05:32.816222+00:00Z,mexc,bybit,ESPORTSUSDT,0.6219,0.09711,0.09773,-0.016498,5e-05,0.016548,0.6054
2026-06-08T07:05:34.834589+00:00Z,mexc,gate,JCTUSDT,0.9977,0.00451,0.004555,6.8e-05,0.000121,5.3e-05,0.9977
2026-06-08T07:05:34.834589+00:00Z,mexc,bybit,JCTUSDT,0.7295,0.00451,0.004543,6.8e-05,5e-05,-1.8e-05,0.7295
2026-06-08T07:05:36.837380+00:00Z,mexc,gate,JCTUSDT,0.9534,0.00451,0.004553,6.8e-05,0.000121,5.3e-05,0.9533
2026-06-08T07:05:36.837380+00:00Z,mexc,bybit,JCTUSDT,0.6719,0.00451,0.00454,6.8e-05,5e-05,-1.8e-05,0.6719
2026-06-08T07:05:38.853774+00:00Z,mexc,gate,JCTUSDT,0.9534,0.00451,0.004553,6.8e-05,0.000121,5.3e-05,0.9533
2026-06-08T07:05:38.853774+00:00Z,mexc,bybit,JCTUSDT,0.6719,0.00451,0.00454,6.8e-05,5e-05,-1.8e-05,0.6719
2026-06-08T07:05:40.868170+00:00Z,mexc,gate,JCTUSDT,0.9534,0.00451,0.004553,6.8e-05,0.000121,5.3e-05,0.9533
2026-06-08T07:05:40.868170+00:00Z,mexc,bybit,JCTUSDT,0.5499,0.00451,0.004535,6.8e-05,5e-05,-1.8e-05,0.5499
2026-06-08T07:05:42.886101+00:00Z,mexc,gate,JCTUSDT,0.9977,0.00451,0.004555,6.8e-05,0.000121,5.3e-05,0.9977
2026-06-08T07:05:42.886101+00:00Z,mexc,bybit,JCTUSDT,0.663,0.00451,0.00454,6.8e-05,5e-05,-1.8e-05,0.663
2026-06-08T07:05:44.907652+00:00Z,mexc,gate,JCTUSDT,0.9977,0.00451,0.004555,6.8e-05,0.000121,5.3e-05,0.9977
2026-06-08T07:05:44.907652+00:00Z,mexc,bybit,JCTUSDT,0.7628,0.00451,0.004544,6.8e-05,5e-05,-1.8e-05,0.7628
2026-06-08T07:05:46.922701+00:00Z,mexc,gate,JCTUSDT,1.0642,0.00451,0.004558,6.8e-05,0.000121,5.3e-05,1.0642
2026-06-08T07:05:48.938472+00:00Z,mexc,gate,JCTUSDT,1.1086,0.00451,0.00456,6.8e-05,0.000121,5.3e-05,1.1085
2026-06-08T07:05:48.938472+00:00Z,mexc,bybit,JCTUSDT,0.7184,0.00451,0.004542,6.8e-05,5e-05,-1.8e-05,0.7184
2026-06-08T07:05:50.941493+00:00Z,mexc,gate,JCTUSDT,1.0864,0.00451,0.004559,6.8e-05,0.000121,5.3e-05,1.0864
2026-06-08T07:05:52.956951+00:00Z,mexc,gate,JCTUSDT,1.0864,0.00451,0.004559,6.8e-05,0.000121,5.3e-05,1.0864
2026-06-08T07:05:52.956951+00:00Z,mexc,bybit,JCTUSDT,0.816,0.00451,0.004547,6.8e-05,5e-05,-1.8e-05,0.816
2026-06-08T07:05:54.961637+00:00Z,mexc,gate,JCTUSDT,1.0864,0.00451,0.004559,6.8e-05,0.000121,5.3e-05,1.0864
2026-06-08T07:05:54.961637+00:00Z,mexc,bybit,JCTUSDT,0.7849,0.00451,0.004545,6.8e-05,5e-05,-1.8e-05,0.785
2026-06-08T07:05:56.965105+00:00Z,mexc,gate,JCTUSDT,1.0864,0.00451,0.004559,6.8e-05,0.000121,5.3e-05,1.0864
2026-06-08T07:05:56.965105+00:00Z,mexc,bybit,JCTUSDT,0.8138,0.00451,0.004547,6.8e-05,5e-05,-1.8e-05,0.8138
2026-06-08T07:05:58.981992+00:00Z,mexc,gate,JCTUSDT,1.0864,0.00451,0.004559,6.8e-05,0.000121,5.3e-05,1.0864
2026-06-08T07:05:58.981992+00:00Z,mexc,bybit,JCTUSDT,0.816,0.00451,0.004547,6.8e-05,5e-05,-1.8e-05,0.816
2026-06-08T07:06:00.984758+00:00Z,mexc,gate,JCTUSDT,1.0864,0.00451,0.004559,6.8e-05,0.000121,5.3e-05,1.0864
2026-06-08T07:06:00.984758+00:00Z,mexc,bybit,JCTUSDT,0.816,0.00451,0.004547,6.8e-05,5e-05,-1.8e-05,0.816
2026-06-08T07:06:03.018425+00:00Z,mexc,gate,JCTUSDT,1.0864,0.00451,0.004559,6.8e-05,0.000121,5.3e-05,1.0864
2026-06-08T07:06:03.018425+00:00Z,mexc,bybit,JCTUSDT,0.8603,0.00451,0.004549,6.8e-05,5e-05,-1.8e-05,0.8603
2026-06-08T07:06:03.018425+00:00Z,gate,mexc,ALLOUSDT,0.7094,0.40754,0.41043,-0.000153,-0.000452,-0.000299,0.7097
2026-06-08T07:06:03.018425+00:00Z,bybit,mexc,ALLOUSDT,0.697,0.40759,0.41043,-0.000212,-0.000452,-0.00024,0.6973
2026-06-08T07:06:05.036391+00:00Z,gate,mexc,EPICUSDT,1.117,0.5729,0.5793,-0.000108,5e-05,0.000158,1.1168
2026-06-08T07:06:05.036391+00:00Z,mexc,gate,JCTUSDT,1.1086,0.00451,0.00456,6.8e-05,0.000121,5.3e-05,1.1085
2026-06-08T07:06:05.036391+00:00Z,bybit,mexc,EPICUSDT,0.9409,0.5739,0.5793,5e-05,5e-05,0.0,0.9409
2026-06-08T07:06:05.036391+00:00Z,gate,mexc,ALLOUSDT,0.905,0.40675,0.41043,-0.000153,-0.000452,-0.000299,0.9053
2026-06-08T07:06:05.036391+00:00Z,bybit,mexc,ALLOUSDT,0.8703,0.40689,0.41043,-0.000212,-0.000452,-0.00024,0.8705
2026-06-08T07:06:05.036391+00:00Z,mexc,bybit,JCTUSDT,0.8404,0.00451,0.004548,6.8e-05,5e-05,-1.8e-05,0.8404
2026-06-08T07:06:07.056469+00:00Z,gate,mexc,ALLOUSDT,1.6019,0.40396,0.41043,-0.000153,-0.000452,-0.000299,1.6022
2026-06-08T07:06:07.056469+00:00Z,bybit,mexc,ALLOUSDT,1.5717,0.40408,0.41043,-0.000212,-0.000452,-0.00024,1.572
2026-06-08T07:06:07.056469+00:00Z,mexc,gate,JCTUSDT,1.1086,0.00451,0.00456,6.8e-05,0.000121,5.3e-05,1.1085
2026-06-08T07:06:07.056469+00:00Z,gate,mexc,EPICUSDT,0.8705,0.5743,0.5793,-0.000108,5e-05,0.000158,0.8703
2026-06-08T07:06:07.056469+00:00Z,mexc,bybit,JCTUSDT,0.7916,0.00451,0.004546,6.8e-05,5e-05,-1.8e-05,0.7916
2026-06-08T07:06:07.056469+00:00Z,bybit,mexc,EPICUSDT,0.7829,0.5748,0.5793,5e-05,5e-05,0.0,0.7829
2026-06-08T07:06:09.099765+00:00Z,gate,mexc,ALLOUSDT,1.5743,0.40407,0.41043,-0.000153,-0.000452,-0.000299,1.5746
2026-06-08T07:06:09.099765+00:00Z,bybit,mexc,ALLOUSDT,1.5215,0.40428,0.41043,-0.000212,-0.000452,-0.00024,1.5217
2026-06-08T07:06:09.099765+00:00Z,mexc,gate,JCTUSDT,1.1086,0.00451,0.00456,6.8e-05,0.000121,5.3e-05,1.1085
2026-06-08T07:06:09.099765+00:00Z,gate,mexc,EPICUSDT,0.888,0.5742,0.5793,-0.000108,5e-05,0.000158,0.8879
2026-06-08T07:06:09.099765+00:00Z,mexc,bybit,JCTUSDT,0.8204,0.00451,0.004547,6.8e-05,5e-05,-1.8e-05,0.8204
2026-06-08T07:06:09.099765+00:00Z,bybit,mexc,EPICUSDT,0.5729,0.576,0.5793,5e-05,5e-05,0.0,0.5729
2026-06-08T07:06:11.121858+00:00Z,gate,mexc,ALLOUSDT,1.3961,0.40478,0.41043,-0.000153,-0.000452,-0.000299,1.3964
2026-06-08T07:06:11.121858+00:00Z,bybit,mexc,ALLOUSDT,1.361,0.40492,0.41043,-0.000212,-0.000452,-0.00024,1.3612
2026-06-08T07:06:11.121858+00:00Z,mexc,gate,JCTUSDT,1.1086,0.00451,0.00456,6.8e-05,0.000121,5.3e-05,1.1085
2026-06-08T07:06:11.121858+00:00Z,gate,mexc,EPICUSDT,0.8003,0.5747,0.5793,-0.000108,5e-05,0.000158,0.8001
2026-06-08T07:06:13.146623+00:00Z,bybit,mexc,ALLOUSDT,1.1188,0.40589,0.41043,-0.000212,-0.000452,-0.00024,1.119
2026-06-08T07:06:13.146623+00:00Z,gate,mexc,ALLOUSDT,1.084,0.40603,0.41043,-0.000153,-0.000452,-0.000299,1.0843
2026-06-08T07:06:13.146623+00:00Z,mexc,gate,JCTUSDT,1.0642,0.00451,0.004558,6.8e-05,0.000121,5.3e-05,1.0642
2026-06-08T07:06:13.146623+00:00Z,gate,mexc,EPICUSDT,0.7301,0.5751,0.5793,-0.000108,5e-05,0.000158,0.73
2026-06-08T07:06:13.146623+00:00Z,mexc,bybit,JCTUSDT,0.6386,0.00451,0.004539,6.8e-05,5e-05,-1.8e-05,0.6386
2026-06-08T07:06:13.146623+00:00Z,bybit,mexc,EPICUSDT,0.6078,0.5758,0.5793,5e-05,5e-05,0.0,0.6078
2026-06-08T07:06:15.152667+00:00Z,mexc,gate,JCTUSDT,1.0642,0.00451,0.004558,6.8e-05,0.000121,5.3e-05,1.0642
2026-06-08T07:06:15.152667+00:00Z,gate,mexc,ALLOUSDT,0.8109,0.40713,0.41043,-0.000153,-0.000452,-0.000299,0.8111
2026-06-08T07:06:15.152667+00:00Z,bybit,mexc,ALLOUSDT,0.7638,0.40732,0.41043,-0.000212,-0.000452,-0.00024,0.764
2026-06-08T07:06:15.152667+00:00Z,gate,mexc,EPICUSDT,0.7477,0.575,0.5793,-0.000108,5e-05,0.000158,0.7475
2026-06-08T07:06:15.152667+00:00Z,mexc,bybit,JCTUSDT,0.7184,0.00451,0.004542,6.8e-05,5e-05,-1.8e-05,0.7184
2026-06-08T07:06:15.152667+00:00Z,bybit,mexc,EPICUSDT,0.6603,0.5755,0.5793,5e-05,5e-05,0.0,0.6603
2026-06-08T07:06:17.171706+00:00Z,mexc,gate,JCTUSDT,0.909,0.00451,0.004551,6.8e-05,0.000121,5.3e-05,0.909
2026-06-08T07:06:17.171706+00:00Z,gate,mexc,EPICUSDT,0.7827,0.5748,0.5793,-0.000108,5e-05,0.000158,0.7826
2026-06-08T07:06:17.171706+00:00Z,gate,mexc,ALLOUSDT,0.6823,0.40765,0.41043,-0.000153,-0.000452,-0.000299,0.6826
2026-06-08T07:06:17.171706+00:00Z,bybit,mexc,EPICUSDT,0.6778,0.5754,0.5793,5e-05,5e-05,0.0,0.6778
2026-06-08T07:06:17.171706+00:00Z,bybit,mexc,ALLOUSDT,0.6723,0.40769,0.41043,-0.000212,-0.000452,-0.00024,0.6726
2026-06-08T07:06:19.182335+00:00Z,mexc,gate,JCTUSDT,0.9756,0.00451,0.004554,6.8e-05,0.000121,5.3e-05,0.9755
2026-06-08T07:06:19.182335+00:00Z,gate,mexc,EPICUSDT,0.8003,0.5747,0.5793,-0.000108,5e-05,0.000158,0.8001
2026-06-08T07:06:19.182335+00:00Z,gate,mexc,ALLOUSDT,0.7737,0.40728,0.41043,-0.000153,-0.000452,-0.000299,0.774
2026-06-08T07:06:19.182335+00:00Z,mexc,bybit,JCTUSDT,0.7495,0.00451,0.004544,6.8e-05,5e-05,-1.8e-05,0.7495
2026-06-08T07:06:19.182335+00:00Z,bybit,mexc,ALLOUSDT,0.6476,0.40779,0.41043,-0.000212,-0.000452,-0.00024,0.6479
2026-06-08T07:06:19.182335+00:00Z,bybit,mexc,EPICUSDT,0.6253,0.5757,0.5793,5e-05,5e-05,0.0,0.6253
2026-06-08T07:06:19.182335+00:00Z,mexc,bybit,LABUSDT,0.6057,13.213,13.293,0.000245,1.3e-05,-0.000232,0.6059
2026-06-08T07:06:21.209685+00:00Z,mexc,gate,JCTUSDT,0.9756,0.00451,0.004554,6.8e-05,0.000121,5.3e-05,0.9755
2026-06-08T07:06:21.209685+00:00Z,gate,mexc,EPICUSDT,0.8529,0.5744,0.5793,-0.000108,5e-05,0.000158,0.8527
2026-06-08T07:06:21.209685+00:00Z,mexc,gate,ESPORTSUSDT,0.7236,0.09711,0.09782,-0.016498,-0.008947,0.007551,0.716
2026-06-08T07:06:21.209685+00:00Z,bybit,mexc,EPICUSDT,0.6778,0.5754,0.5793,5e-05,5e-05,0.0,0.6778
2026-06-08T07:06:21.209685+00:00Z,mexc,bybit,JCTUSDT,0.6652,0.00451,0.00454,6.8e-05,5e-05,-1.8e-05,0.6652
2026-06-08T07:06:21.209685+00:00Z,mexc,bybit,ESPORTSUSDT,0.591,0.09711,0.0977,-0.016498,5e-05,0.016548,0.5745
2026-06-08T07:06:21.209685+00:00Z,gate,mexc,ALLOUSDT,0.5737,0.40809,0.41043,-0.000153,-0.000452,-0.000299,0.574
2026-06-08T07:06:21.209685+00:00Z,bybit,mexc,ALLOUSDT,0.5121,0.40834,0.41043,-0.000212,-0.000452,-0.00024,0.5123
2026-06-08T07:06:21.209685+00:00Z,mexc,bybit,LABUSDT,0.5073,13.213,13.28,0.000245,1.3e-05,-0.000232,0.5075
2026-06-08T07:06:23.221107+00:00Z,gate,mexc,EPICUSDT,1.0112,0.5735,0.5793,-0.000108,5e-05,0.000158,1.011
2026-06-08T07:06:23.221107+00:00Z,bybit,mexc,EPICUSDT,0.8355,0.5745,0.5793,5e-05,5e-05,0.0,0.8355
2026-06-08T07:06:23.221107+00:00Z,mexc,gate,JCTUSDT,0.7982,0.00451,0.004546,6.8e-05,0.000121,5.3e-05,0.7981
2026-06-08T07:06:23.221107+00:00Z,mexc,gate,ESPORTSUSDT,0.7236,0.09711,0.09782,-0.016498,-0.008947,0.007551,0.716
2026-06-08T07:06:23.221107+00:00Z,mexc,bybit,LABUSDT,0.6587,13.213,13.3,0.000245,1.3e-05,-0.000232,0.6589
2026-06-08T07:06:23.221107+00:00Z,gate,mexc,ALLOUSDT,0.6452,0.4078,0.41043,-0.000153,-0.000452,-0.000299,0.6455
2026-06-08T07:06:23.221107+00:00Z,mexc,bybit,ESPORTSUSDT,0.6322,0.09711,0.09774,-0.016498,5e-05,0.016548,0.6157
2026-06-08T07:06:23.221107+00:00Z,mexc,bybit,JCTUSDT,0.5566,0.00451,0.004535,6.8e-05,5e-05,-1.8e-05,0.5566
2026-06-08T07:06:23.221107+00:00Z,mexc,gate,LABUSDT,0.5424,13.213,13.28464,0.000245,5e-05,-0.000195,0.5426
2026-06-08T07:06:25.229436+00:00Z,mexc,bybit,LABUSDT,1.0598,13.213,13.353,0.000245,1.3e-05,-0.000232,1.06
2026-06-08T07:06:25.229436+00:00Z,gate,mexc,EPICUSDT,0.9584,0.5738,0.5793,-0.000108,5e-05,0.000158,0.9582
2026-06-08T07:06:25.229436+00:00Z,mexc,gate,LABUSDT,0.9059,13.213,13.33267,0.000245,5e-05,-0.000195,0.9061
2026-06-08T07:06:25.229436+00:00Z,mexc,gate,JCTUSDT,0.8869,0.00451,0.00455,6.8e-05,0.000121,5.3e-05,0.8868
2026-06-08T07:06:25.229436+00:00Z,bybit,mexc,EPICUSDT,0.8706,0.5743,0.5793,5e-05,5e-05,0.0,0.8706
2026-06-08T07:06:25.229436+00:00Z,gate,mexc,ALLOUSDT,0.7317,0.40745,0.41043,-0.000153,-0.000452,-0.000299,0.732
2026-06-08T07:06:25.229436+00:00Z,bybit,mexc,ALLOUSDT,0.6797,0.40766,0.41043,-0.000212,-0.000452,-0.00024,0.68
2026-06-08T07:06:25.229436+00:00Z,mexc,bybit,ESPORTSUSDT,0.6116,0.09711,0.09772,-0.016498,5e-05,0.016548,0.5951
2026-06-08T07:06:25.229436+00:00Z,mexc,gate,ESPORTSUSDT,0.5691,0.09711,0.09767,-0.016498,-0.008947,0.007551,0.5616
2026-06-08T07:06:25.229436+00:00Z,mexc,bybit,JCTUSDT,0.5543,0.00451,0.004535,6.8e-05,5e-05,-1.8e-05,0.5544
2026-06-08T07:06:27.238885+00:00Z,mexc,bybit,LABUSDT,1.0976,13.213,13.358,0.000245,1.3e-05,-0.000232,1.0979
2026-06-08T07:06:27.238885+00:00Z,gate,mexc,EPICUSDT,0.9408,0.5739,0.5793,-0.000108,5e-05,0.000158,0.9406
2026-06-08T07:06:27.238885+00:00Z,mexc,gate,LABUSDT,0.9241,13.213,13.33508,0.000245,5e-05,-0.000195,0.9243
2026-06-08T07:06:27.238885+00:00Z,mexc,gate,JCTUSDT,0.8869,0.00451,0.00455,6.8e-05,0.000121,5.3e-05,0.8868
2026-06-08T07:06:27.238885+00:00Z,bybit,mexc,EPICUSDT,0.8004,0.5747,0.5793,5e-05,5e-05,0.0,0.8004
2026-06-08T07:06:27.238885+00:00Z,gate,mexc,ALLOUSDT,0.66,0.40774,0.41043,-0.000153,-0.000452,-0.000299,0.6603
2026-06-08T07:06:27.238885+00:00Z,mexc,bybit,ESPORTSUSDT,0.6425,0.09711,0.09775,-0.016498,5e-05,0.016548,0.626
2026-06-08T07:06:27.238885+00:00Z,bybit,mexc,ALLOUSDT,0.6106,0.40794,0.41043,-0.000212,-0.000452,-0.00024,0.6109
2026-06-08T07:06:27.238885+00:00Z,mexc,bybit,JCTUSDT,0.5499,0.00451,0.004535,6.8e-05,5e-05,-1.8e-05,0.5499
2026-06-08T07:06:27.238885+00:00Z,mexc,gate,ESPORTSUSDT,0.5279,0.09711,0.09763,-0.016498,-0.008947,0.007551,0.5204
2026-06-08T07:06:29.282555+00:00Z,mexc,bybit,LABUSDT,1.0976,13.213,13.358,0.000245,1.3e-05,-0.000232,1.0979
2026-06-08T07:06:29.282555+00:00Z,mexc,gate,LABUSDT,0.9592,13.213,13.33971,0.000245,5e-05,-0.000195,0.9594
2026-06-08T07:06:29.282555+00:00Z,gate,mexc,EPICUSDT,0.9408,0.5739,0.5793,-0.000108,5e-05,0.000158,0.9406
2026-06-08T07:06:29.282555+00:00Z,gate,mexc,ALLOUSDT,0.8257,0.40707,0.41043,-0.000153,-0.000452,-0.000299,0.826
2026-06-08T07:06:29.282555+00:00Z,bybit,mexc,EPICUSDT,0.818,0.5746,0.5793,5e-05,5e-05,0.0,0.818
2026-06-08T07:06:29.282555+00:00Z,bybit,mexc,ALLOUSDT,0.7836,0.40724,0.41043,-0.000212,-0.000452,-0.00024,0.7838
2026-06-08T07:06:29.282555+00:00Z,mexc,gate,JCTUSDT,0.776,0.00451,0.004545,6.8e-05,0.000121,5.3e-05,0.7759
2026-06-08T07:06:29.282555+00:00Z,mexc,bybit,ESPORTSUSDT,0.5292,0.09711,0.09764,-0.016498,5e-05,0.016548,0.5127
2026-06-08T07:06:29.282555+00:00Z,mexc,gate,ESPORTSUSDT,0.5176,0.09711,0.09762,-0.016498,-0.008947,0.007551,0.5101
2026-06-08T07:06:31.322856+00:00Z,gate,mexc,ALLOUSDT,1.0616,0.40612,0.41043,-0.000153,-0.000452,-0.000299,1.0619
2026-06-08T07:06:31.322856+00:00Z,bybit,mexc,ALLOUSDT,0.9645,0.40651,0.41043,-0.000212,-0.000452,-0.00024,0.9648
2026-06-08T07:06:31.322856+00:00Z,gate,mexc,EPICUSDT,0.9408,0.5739,0.5793,-0.000108,5e-05,0.000158,0.9406
2026-06-08T07:06:31.322856+00:00Z,mexc,gate,LABUSDT,0.8907,13.213,13.33066,0.000245,5e-05,-0.000195,0.8909
2026-06-08T07:06:31.322856+00:00Z,mexc,gate,ESPORTSUSDT,0.878,0.09711,0.09797,-0.016498,-0.008947,0.007551,0.8705
2026-06-08T07:06:31.322856+00:00Z,bybit,mexc,EPICUSDT,0.8531,0.5744,0.5793,5e-05,5e-05,0.0,0.8531
2026-06-08T07:06:31.322856+00:00Z,mexc,bybit,ESPORTSUSDT,0.8382,0.09711,0.09794,-0.016498,5e-05,0.016548,0.8216
2026-06-08T07:06:31.322856+00:00Z,mexc,gate,JCTUSDT,0.7095,0.00451,0.004542,6.8e-05,0.000121,5.3e-05,0.7094
2026-06-08T07:06:31.322856+00:00Z,mexc,bybit,LABUSDT,0.6587,13.213,13.3,0.000245,1.3e-05,-0.000232,0.6589
2026-06-08T07:06:33.345095+00:00Z,mexc,gate,ESPORTSUSDT,1.5268,0.09711,0.0986,-0.016498,-0.008947,0.007551,1.5192
2026-06-08T07:06:33.345095+00:00Z,mexc,bybit,ESPORTSUSDT,1.4251,0.09711,0.09851,-0.016498,5e-05,0.016548,1.4086
2026-06-08T07:06:33.345095+00:00Z,gate,mexc,ALLOUSDT,1.1437,0.40579,0.41043,-0.000153,-0.000452,-0.000299,1.144
2026-06-08T07:06:33.345095+00:00Z,mexc,bybit,LABUSDT,1.0674,13.213,13.354,0.000245,1.3e-05,-0.000232,1.0676
2026-06-08T07:06:33.345095+00:00Z,bybit,mexc,ALLOUSDT,0.9944,0.40639,0.41043,-0.000212,-0.000452,-0.00024,0.9946
2026-06-08T07:06:33.345095+00:00Z,gate,mexc,EPICUSDT,0.9408,0.5739,0.5793,-0.000108,5e-05,0.000158,0.9406
2026-06-08T07:06:33.345095+00:00Z,mexc,gate,LABUSDT,0.9216,13.213,13.33474,0.000245,5e-05,-0.000195,0.9218
2026-06-08T07:06:33.345095+00:00Z,mexc,gate,JCTUSDT,0.7317,0.00451,0.004543,6.8e-05,0.000121,5.3e-05,0.7316
2026-06-08T07:06:33.345095+00:00Z,bybit,mexc,EPICUSDT,0.6428,0.5756,0.5793,5e-05,5e-05,0.0,0.6428
2026-06-08T07:06:35.389573+00:00Z,gate,mexc,ALLOUSDT,1.1662,0.4057,0.41043,-0.000155,-0.000452,-0.000297,1.1665
2026-06-08T07:06:35.389573+00:00Z,bybit,mexc,ALLOUSDT,1.069,0.40609,0.41043,-0.000212,-0.000452,-0.00024,1.0692
2026-06-08T07:06:35.389573+00:00Z,mexc,gate,LABUSDT,0.994,13.213,13.34431,0.000245,5e-05,-0.000195,0.9942
2026-06-08T07:06:35.389573+00:00Z,gate,mexc,EPICUSDT,0.9408,0.5739,0.5793,-0.00011,5e-05,0.00016,0.9406
2026-06-08T07:06:35.389573+00:00Z,mexc,bybit,LABUSDT,0.8555,13.213,13.326,0.000245,1.3e-05,-0.000232,0.8557
2026-06-08T07:06:35.389573+00:00Z,mexc,gate,ESPORTSUSDT,0.7957,0.09711,0.09789,-0.016498,-0.008982,0.007516,0.7882
2026-06-08T07:06:35.389573+00:00Z,mexc,gate,JCTUSDT,0.7317,0.00451,0.004543,6.8e-05,0.000117,4.9e-05,0.7316
2026-06-08T07:06:35.389573+00:00Z,bybit,mexc,EPICUSDT,0.7128,0.5752,0.5793,5e-05,5e-05,0.0,0.7128
2026-06-08T07:06:35.389573+00:00Z,mexc,bybit,ESPORTSUSDT,0.6013,0.09711,0.09771,-0.016498,5e-05,0.016548,0.5848
2026-06-08T07:06:37.411900+00:00Z,mexc,bybit,LABUSDT,1.1279,13.213,13.362,0.000245,1.3e-05,-0.000232,1.1281
2026-06-08T07:06:37.411900+00:00Z,gate,mexc,ALLOUSDT,1.0865,0.40602,0.41043,-0.000155,-0.000452,-0.000297,1.0867
2026-06-08T07:06:37.411900+00:00Z,mexc,gate,LABUSDT,1.0221,13.213,13.34802,0.000245,5e-05,-0.000195,1.0223
2026-06-08T07:06:37.411900+00:00Z,gate,mexc,EPICUSDT,0.9408,0.5739,0.5793,-0.00011,5e-05,0.00016,0.9406
2026-06-08T07:06:37.411900+00:00Z,bybit,mexc,ALLOUSDT,0.9149,0.40671,0.41043,-0.000212,-0.000452,-0.00024,0.9151
2026-06-08T07:06:37.411900+00:00Z,mexc,bybit,ESPORTSUSDT,0.8587,0.09711,0.09796,-0.016498,5e-05,0.016548,0.8422
2026-06-08T07:06:37.411900+00:00Z,mexc,gate,ESPORTSUSDT,0.7957,0.09711,0.09789,-0.016498,-0.008982,0.007516,0.7882
2026-06-08T07:06:37.411900+00:00Z,mexc,gate,JCTUSDT,0.7317,0.00451,0.004543,6.8e-05,0.000117,4.9e-05,0.7316
2026-06-08T07:06:37.411900+00:00Z,bybit,mexc,EPICUSDT,0.6428,0.5756,0.5793,5e-05,5e-05,0.0,0.6428
2026-06-08T07:06:39.449951+00:00Z,gate,mexc,ALLOUSDT,1.1836,0.40563,0.41043,-0.000155,-0.000452,-0.000297,1.1839
2026-06-08T07:06:39.449951+00:00Z,mexc,bybit,LABUSDT,1.0749,13.213,13.355,0.000245,1.3e-05,-0.000232,1.0752
2026-06-08T07:06:39.449951+00:00Z,bybit,mexc,ALLOUSDT,1.0416,0.4062,0.41043,-0.000212,-0.000452,-0.00024,1.0418
2026-06-08T07:06:39.449951+00:00Z,mexc,gate,LABUSDT,0.9889,13.213,13.34364,0.000245,5e-05,-0.000195,0.9891
2026-06-08T07:06:39.449951+00:00Z,gate,mexc,EPICUSDT,0.8003,0.5747,0.5793,-0.00011,5e-05,0.00016,0.8001
2026-06-08T07:06:39.449951+00:00Z,bybit,mexc,EPICUSDT,0.7128,0.5752,0.5793,5e-05,5e-05,0.0,0.7128
2026-06-08T07:06:39.449951+00:00Z,mexc,gate,JCTUSDT,0.7095,0.00451,0.004542,6.8e-05,0.000117,4.9e-05,0.7094
2026-06-08T07:06:39.449951+00:00Z,mexc,gate,ESPORTSUSDT,0.6,0.09711,0.0977,-0.016498,-0.008982,0.007516,0.5925
2026-06-08T07:06:41.473785+00:00Z,mexc,bybit,LABUSDT,1.0295,13.213,13.349,0.000245,1.3e-05,-0.000232,1.0298
2026-06-08T07:06:41.473785+00:00Z,mexc,gate,LABUSDT,1.0167,13.213,13.34731,0.000245,5e-05,-0.000195,1.0169
2026-06-08T07:06:41.473785+00:00Z,gate,mexc,ALLOUSDT,0.9944,0.40639,0.41043,-0.000155,-0.000452,-0.000297,0.9947
2026-06-08T07:06:41.473785+00:00Z,bybit,mexc,ALLOUSDT,0.8603,0.40693,0.41043,-0.000212,-0.000452,-0.00024,0.8606
2026-06-08T07:06:41.473785+00:00Z,gate,mexc,EPICUSDT,0.8529,0.5744,0.5793,-0.00011,5e-05,0.00016,0.8527
2026-06-08T07:06:41.473785+00:00Z,bybit,mexc,EPICUSDT,0.7128,0.5752,0.5793,5e-05,5e-05,0.0,0.7128
2026-06-08T07:06:41.473785+00:00Z,mexc,gate,JCTUSDT,0.7095,0.00451,0.004542,6.8e-05,0.000117,4.9e-05,0.7094
2026-06-08T07:06:43.493194+00:00Z,gate,mexc,ALLOUSDT,1.2885,0.40521,0.41043,-0.000155,-0.000452,-0.000297,1.2888
2026-06-08T07:06:43.493194+00:00Z,bybit,mexc,ALLOUSDT,1.2535,0.40535,0.41043,-0.000212,-0.000452,-0.00024,1.2537
2026-06-08T07:06:43.493194+00:00Z,mexc,bybit,LABUSDT,1.0068,13.213,13.346,0.000245,1.3e-05,-0.000232,1.007
2026-06-08T07:06:43.493194+00:00Z,mexc,gate,LABUSDT,0.9882,13.213,13.34354,0.000245,5e-05,-0.000195,0.9884
2026-06-08T07:06:43.493194+00:00Z,gate,mexc,EPICUSDT,0.8003,0.5747,0.5793,-0.00011,5e-05,0.00016,0.8001
2026-06-08T07:06:43.493194+00:00Z,bybit,mexc,EPICUSDT,0.7478,0.575,0.5793,5e-05,5e-05,0.0,0.7478
2026-06-08T07:06:43.493194+00:00Z,mexc,gate,JCTUSDT,0.7095,0.00451,0.004542,6.8e-05,0.000117,4.9e-05,0.7094
2026-06-08T07:06:45.510048+00:00Z,gate,mexc,ALLOUSDT,1.3536,0.40495,0.41043,-0.000155,-0.000452,-0.000297,1.3538
2026-06-08T07:06:45.510048+00:00Z,bybit,mexc,ALLOUSDT,1.326,0.40506,0.41043,-0.000212,-0.000452,-0.00024,1.3262
2026-06-08T07:06:45.510048+00:00Z,mexc,bybit,LABUSDT,1.1885,13.213,13.37,0.000245,1.3e-05,-0.000232,1.1887
2026-06-08T07:06:45.510048+00:00Z,mexc,gate,LABUSDT,1.0534,13.213,13.35216,0.000245,5e-05,-0.000195,1.0536
2026-06-08T07:06:45.510048+00:00Z,gate,mexc,EPICUSDT,0.8003,0.5747,0.5793,-0.00011,5e-05,0.00016,0.8001
2026-06-08T07:06:45.510048+00:00Z,bybit,mexc,EPICUSDT,0.6428,0.5756,0.5793,5e-05,5e-05,0.0,0.6428
2026-06-08T07:06:45.510048+00:00Z,mexc,gate,JCTUSDT,0.6208,0.00451,0.004538,6.8e-05,0.000117,4.9e-05,0.6207
2026-06-08T07:06:47.531160+00:00Z,gate,mexc,ALLOUSDT,1.4337,0.40463,0.41043,-0.000155,-0.000452,-0.000297,1.434
2026-06-08T07:06:47.531160+00:00Z,bybit,mexc,ALLOUSDT,1.366,0.4049,0.41043,-0.000212,-0.000452,-0.00024,1.3663
2026-06-08T07:06:47.531160+00:00Z,mexc,bybit,LABUSDT,1.1885,13.213,13.37,0.000245,1.3e-05,-0.000232,1.1887
2026-06-08T07:06:47.531160+00:00Z,mexc,gate,LABUSDT,1.08,13.213,13.35568,0.000245,5e-05,-0.000195,1.0802
2026-06-08T07:06:47.531160+00:00Z,gate,mexc,EPICUSDT,0.8003,0.5747,0.5793,-0.00011,5e-05,0.00016,0.8001
2026-06-08T07:06:47.531160+00:00Z,mexc,gate,ESPORTSUSDT,0.7648,0.09711,0.09786,-0.016498,-0.008982,0.007516,0.7573
2026-06-08T07:06:47.531160+00:00Z,bybit,mexc,EPICUSDT,0.6953,0.5753,0.5793,5e-05,5e-05,0.0,0.6953
2026-06-08T07:06:47.531160+00:00Z,mexc,gate,JCTUSDT,0.5543,0.00451,0.004535,6.8e-05,0.000117,4.9e-05,0.5542
2026-06-08T07:06:49.562218+00:00Z,gate,mexc,ALLOUSDT,1.4011,0.40476,0.41043,-0.000155,-0.000452,-0.000297,1.4014
2026-06-08T07:06:49.562218+00:00Z,bybit,mexc,ALLOUSDT,1.276,0.40526,0.41043,-0.000212,-0.000452,-0.00024,1.2762
2026-06-08T07:06:49.562218+00:00Z,mexc,bybit,LABUSDT,1.1279,13.213,13.362,0.000245,1.3e-05,-0.000232,1.1281
2026-06-08T07:06:49.562218+00:00Z,mexc,gate,LABUSDT,1.0175,13.213,13.34741,0.000245,5e-05,-0.000195,1.0176
2026-06-08T07:06:49.562218+00:00Z,gate,mexc,EPICUSDT,0.8003,0.5747,0.5793,-0.00011,5e-05,0.00016,0.8001
2026-06-08T07:06:49.562218+00:00Z,mexc,gate,JCTUSDT,0.5321,0.00451,0.004534,6.8e-05,0.000117,4.9e-05,0.5321
2026-06-08T07:06:49.562218+00:00Z,bybit,mexc,EPICUSDT,0.5031,0.5764,0.5793,5e-05,5e-05,0.0,0.5031
2026-06-08T07:06:51.606035+00:00Z,bybit,mexc,ALLOUSDT,1.3986,0.40477,0.41043,-0.000212,-0.000452,-0.00024,1.3988
2026-06-08T07:06:51.606035+00:00Z,gate,mexc,ALLOUSDT,1.3761,0.40486,0.41043,-0.000155,-0.000452,-0.000297,1.3764
2026-06-08T07:06:51.606035+00:00Z,mexc,bybit,LABUSDT,1.0371,13.213,13.35,0.000245,1.3e-05,-0.000232,1.0373
2026-06-08T07:06:51.606035+00:00Z,mexc,gate,LABUSDT,0.8727,13.213,13.32829,0.000245,5e-05,-0.000195,0.8729
2026-06-08T07:06:51.606035+00:00Z,gate,mexc,EPICUSDT,0.8003,0.5747,0.5793,-0.00011,5e-05,0.00016,0.8001
2026-06-08T07:06:51.606035+00:00Z,bybit,mexc,EPICUSDT,0.7478,0.575,0.5793,5e-05,5e-05,0.0,0.7478
2026-06-08T07:06:51.606035+00:00Z,mexc,gate,JCTUSDT,0.5321,0.00451,0.004534,6.8e-05,0.000117,4.9e-05,0.5321
2026-06-08T07:06:53.645091+00:00Z,gate,mexc,ALLOUSDT,1.341,0.405,0.41043,-0.000155,-0.000452,-0.000297,1.3413
2026-06-08T07:06:53.645091+00:00Z,bybit,mexc,ALLOUSDT,1.291,0.4052,0.41043,-0.000212,-0.000452,-0.00024,1.2912
2026-06-08T07:06:53.645091+00:00Z,mexc,bybit,LABUSDT,1.0901,13.213,13.357,0.000245,1.3e-05,-0.000232,1.0903
2026-06-08T07:06:53.645091+00:00Z,mexc,gate,LABUSDT,0.928,13.213,13.33559,0.000245,5e-05,-0.000195,0.9282
2026-06-08T07:06:53.645091+00:00Z,gate,mexc,EPICUSDT,0.8003,0.5747,0.5793,-0.00011,5e-05,0.00016,0.8001
2026-06-08T07:06:53.645091+00:00Z,bybit,mexc,ESPORTSUSDT,0.5453,0.09646,0.09697,5e-05,-0.016498,-0.016548,0.5618
2026-06-08T07:06:53.645091+00:00Z,mexc,gate,JCTUSDT,0.5321,0.00451,0.004534,6.8e-05,0.000117,4.9e-05,0.5321
2026-06-08T07:06:53.645091+00:00Z,bybit,mexc,EPICUSDT,0.5031,0.5764,0.5793,5e-05,5e-05,0.0,0.5031
2026-06-08T07:06:55.681262+00:00Z,bybit,mexc,ALLOUSDT,1.1936,0.40559,0.41043,-0.000212,-0.000452,-0.00024,1.1938
2026-06-08T07:06:55.681262+00:00Z,gate,mexc,ALLOUSDT,1.1537,0.40575,0.41043,-0.000155,-0.000452,-0.000297,1.154
2026-06-08T07:06:55.681262+00:00Z,mexc,bybit,LABUSDT,1.1052,13.213,13.359,0.000245,1.3e-05,-0.000232,1.1054
2026-06-08T07:06:55.681262+00:00Z,mexc,gate,LABUSDT,0.9593,13.213,13.33972,0.000245,5e-05,-0.000195,0.9594
2026-06-08T07:06:55.681262+00:00Z,gate,mexc,EPICUSDT,0.8178,0.5746,0.5793,-0.00011,5e-05,0.00016,0.8176
2026-06-08T07:06:55.681262+00:00Z,bybit,mexc,EPICUSDT,0.6953,0.5753,0.5793,5e-05,5e-05,0.0,0.6953
2026-06-08T07:06:55.681262+00:00Z,bybit,mexc,ESPORTSUSDT,0.6496,0.09636,0.09697,5e-05,-0.016498,-0.016548,0.6661
2026-06-08T07:06:57.701803+00:00Z,gate,mexc,ALLOUSDT,1.2086,0.40553,0.41043,-0.000155,-0.000452,-0.000297,1.2089
2026-06-08T07:06:57.701803+00:00Z,bybit,mexc,ESPORTSUSDT,1.1218,0.09591,0.09697,5e-05,-0.016498,-0.016548,1.1383
2026-06-08T07:06:57.701803+00:00Z,bybit,mexc,ALLOUSDT,1.1038,0.40595,0.41043,-0.000212,-0.000452,-0.00024,1.1041
2026-06-08T07:06:57.701803+00:00Z,mexc,bybit,LABUSDT,1.0295,13.213,13.349,0.000245,1.3e-05,-0.000232,1.0298
2026-06-08T07:06:57.701803+00:00Z,mexc,gate,LABUSDT,0.9736,13.213,13.34161,0.000245,5e-05,-0.000195,0.9737
2026-06-08T07:06:57.701803+00:00Z,gate,mexc,EPICUSDT,0.8178,0.5746,0.5793,-0.00011,5e-05,0.00016,0.8176
2026-06-08T07:06:57.701803+00:00Z,bybit,mexc,EPICUSDT,0.6953,0.5753,0.5793,5e-05,5e-05,0.0,0.6953
2026-06-08T07:06:57.701803+00:00Z,gate,mexc,ESPORTSUSDT,0.5884,0.09641,0.09697,-0.008982,-0.016498,-0.007516,0.5959
2026-06-08T07:06:59.731422+00:00Z,mexc,bybit,LABUSDT,1.1052,13.213,13.359,0.000245,1.3e-05,-0.000232,1.1054
2026-06-08T07:06:59.731422+00:00Z,gate,mexc,ALLOUSDT,1.0939,0.40599,0.41043,-0.000155,-0.000452,-0.000297,1.0942
2026-06-08T07:06:59.731422+00:00Z,bybit,mexc,ALLOUSDT,1.0242,0.40627,0.41043,-0.000212,-0.000452,-0.00024,1.0244
2026-06-08T07:06:59.731422+00:00Z,mexc,gate,LABUSDT,1.0112,13.213,13.34659,0.000245,5e-05,-0.000195,1.0114
2026-06-08T07:06:59.731422+00:00Z,gate,mexc,EPICUSDT,0.8178,0.5746,0.5793,-0.00011,5e-05,0.00016,0.8176
2026-06-08T07:06:59.731422+00:00Z,bybit,mexc,EPICUSDT,0.7128,0.5752,0.5793,5e-05,5e-05,0.0,0.7128
2026-06-08T07:06:59.731422+00:00Z,bybit,mexc,ESPORTSUSDT,0.6183,0.09639,0.09697,5e-05,-0.016498,-0.016548,0.6348
2026-06-08T07:07:01.763639+00:00Z,bybit,mexc,ESPORTSUSDT,1.2402,0.09643,0.09761,5e-05,-0.016498,-0.016548,1.2568
2026-06-08T07:07:01.763639+00:00Z,gate,mexc,ESPORTSUSDT,0.8131,0.09683,0.09761,-0.008982,-0.016498,-0.007516,0.8206
2026-06-08T07:07:03.781529+00:00Z,bybit,mexc,ESPORTSUSDT,1.599,0.09609,0.09761,5e-05,-0.017077,-0.017127,1.6161
2026-06-08T07:07:03.781529+00:00Z,gate,mexc,ESPORTSUSDT,0.9909,0.09666,0.09761,-0.008982,-0.017077,-0.008095,0.999
2026-06-08T07:07:05.785018+00:00Z,bybit,mexc,ESPORTSUSDT,1.7113,0.09621,0.09784,5e-05,-0.017077,-0.017127,1.7285
2026-06-08T07:07:05.785018+00:00Z,gate,mexc,ESPORTSUSDT,1.187,0.0967,0.09784,-0.008982,-0.017077,-0.008095,1.1951
2026-06-08T07:07:07.814754+00:00Z,bybit,mexc,ESPORTSUSDT,1.2198,0.09645,0.09761,5e-05,-0.017077,-0.017127,1.2369
2026-06-08T07:07:07.814754+00:00Z,gate,mexc,ESPORTSUSDT,0.8449,0.0968,0.09761,-0.008982,-0.017077,-0.008095,0.853
2026-06-08T07:07:09.857524+00:00Z,bybit,mexc,ESPORTSUSDT,2.032,0.09529,0.09721,5e-05,-0.017077,-0.017127,2.0492
2026-06-08T07:07:09.857524+00:00Z,gate,mexc,ESPORTSUSDT,1.427,0.09585,0.09721,-0.008982,-0.017077,-0.008095,1.4351
2026-06-08T07:07:11.861837+00:00Z,bybit,mexc,ESPORTSUSDT,1.3544,0.09572,0.097,5e-05,-0.017077,-0.017127,1.3715
2026-06-08T07:07:11.861837+00:00Z,gate,mexc,ESPORTSUSDT,0.6723,0.09636,0.097,-0.008982,-0.017077,-0.008095,0.6804
2026-06-08T07:07:15.875748+00:00Z,bybit,mexc,ESPORTSUSDT,1.8116,0.09529,0.097,5e-05,-0.017077,-0.017127,1.8288
2026-06-08T07:07:15.875748+00:00Z,gate,mexc,ESPORTSUSDT,1.0287,0.09602,0.097,-0.008982,-0.017077,-0.008095,1.0368
2026-06-08T07:07:15.875748+00:00Z,bybit,gate,ESPORTSUSDT,0.5862,0.09529,0.09584,5e-05,-0.008982,-0.009032,0.5952
2026-06-08T07:07:17.892246+00:00Z,bybit,mexc,ESPORTSUSDT,1.4584,0.09575,0.09713,5e-05,-0.017077,-0.017127,1.4755
2026-06-08T07:07:17.892246+00:00Z,gate,mexc,ESPORTSUSDT,0.7967,0.09637,0.09713,-0.008982,-0.017077,-0.008095,0.8048
2026-06-08T07:07:19.907886+00:00Z,bybit,mexc,ESPORTSUSDT,1.2492,0.09577,0.09695,5e-05,-0.017077,-0.017127,1.2664
2026-06-08T07:07:19.907886+00:00Z,gate,mexc,ESPORTSUSDT,0.6308,0.09635,0.09695,-0.008982,-0.017077,-0.008095,0.6389
2026-06-08T07:07:23.913867+00:00Z,bybit,mexc,ESPORTSUSDT,1.6769,0.0964,0.098,5e-05,-0.017077,-0.017127,1.694
2026-06-08T07:07:23.913867+00:00Z,gate,mexc,ESPORTSUSDT,0.8623,0.09717,0.098,-0.008982,-0.017077,-0.008095,0.8704
2026-06-08T07:07:23.913867+00:00Z,bybit,gate,ESPORTSUSDT,0.5796,0.0964,0.09695,5e-05,-0.008982,-0.009032,0.5886
2026-06-08T07:07:25.918603+00:00Z,bybit,mexc,ESPORTSUSDT,1.4512,0.09623,0.09761,5e-05,-0.017077,-0.017127,1.4683
2026-06-08T07:07:25.918603+00:00Z,gate,mexc,ESPORTSUSDT,0.6889,0.09695,0.09761,-0.008982,-0.017077,-0.008095,0.697
2026-06-08T07:07:25.918603+00:00Z,bybit,gate,ESPORTSUSDT,0.5286,0.09623,0.09673,5e-05,-0.008982,-0.009032,0.5377
2026-06-08T07:07:27.941422+00:00Z,bybit,mexc,ESPORTSUSDT,1.4298,0.09627,0.09763,5e-05,-0.017077,-0.017127,1.4469
2026-06-08T07:07:27.941422+00:00Z,gate,mexc,ESPORTSUSDT,0.668,0.09699,0.09763,-0.008982,-0.017077,-0.008095,0.6761
2026-06-08T07:07:29.963110+00:00Z,bybit,mexc,ESPORTSUSDT,0.9232,0.09712,0.098,5e-05,-0.017077,-0.017127,0.9403
2026-06-08T07:07:29.963110+00:00Z,gate,mexc,ESPORTSUSDT,0.7379,0.09729,0.098,-0.008982,-0.017077,-0.008095,0.746
2026-06-08T07:07:31.980065+00:00Z,bybit,mexc,ESPORTSUSDT,1.6148,0.09639,0.09793,5e-05,-0.017077,-0.017127,1.6319
2026-06-08T07:07:31.980065+00:00Z,gate,mexc,ESPORTSUSDT,0.8421,0.09712,0.09793,-0.008982,-0.017077,-0.008095,0.8502
2026-06-08T07:07:34.000930+00:00Z,bybit,mexc,ESPORTSUSDT,1.55,0.09655,0.09803,5e-05,-0.017077,-0.017127,1.5671
2026-06-08T07:07:34.000930+00:00Z,gate,mexc,ESPORTSUSDT,0.8827,0.09718,0.09803,-0.009002,-0.017077,-0.008075,0.8908
2026-06-08T07:07:36.018927+00:00Z,bybit,mexc,ESPORTSUSDT,1.3584,0.09692,0.09822,5e-05,-0.017077,-0.017127,1.3756
2026-06-08T07:07:36.018927+00:00Z,gate,mexc,ESPORTSUSDT,0.8914,0.09736,0.09822,-0.009002,-0.017077,-0.008075,0.8995
2026-06-08T07:07:38.034021+00:00Z,bybit,mexc,ESPORTSUSDT,1.7357,0.09659,0.09825,5e-05,-0.017077,-0.017127,1.7529
2026-06-08T07:07:38.034021+00:00Z,gate,mexc,ESPORTSUSDT,0.798,0.09748,0.09825,-0.009002,-0.017077,-0.008075,0.8061
2026-06-08T07:07:38.034021+00:00Z,bybit,gate,ESPORTSUSDT,0.7027,0.09659,0.09726,5e-05,-0.009002,-0.009052,0.7118
2026-06-08T07:07:40.050394+00:00Z,bybit,mexc,ESPORTSUSDT,1.6324,0.09658,0.09814,5e-05,-0.017077,-0.017127,1.6495
2026-06-08T07:07:40.050394+00:00Z,gate,mexc,ESPORTSUSDT,0.861,0.09731,0.09814,-0.009002,-0.017077,-0.008075,0.8691
2026-06-08T07:07:40.050394+00:00Z,bybit,gate,ESPORTSUSDT,0.6096,0.09658,0.09716,5e-05,-0.009002,-0.009052,0.6186
2026-06-08T07:07:42.055127+00:00Z,bybit,mexc,ESPORTSUSDT,1.1598,0.09714,0.09825,5e-05,-0.017077,-0.017127,1.1769
2026-06-08T07:07:44.070683+00:00Z,bybit,mexc,ESPORTSUSDT,1.5455,0.09749,0.09898,5e-05,-0.017077,-0.017127,1.5626
2026-06-08T07:07:44.070683+00:00Z,gate,mexc,ESPORTSUSDT,0.9257,0.09808,0.09898,-0.009002,-0.017077,-0.008075,0.9338
2026-06-08T07:07:44.070683+00:00Z,bybit,gate,ESPORTSUSDT,0.5117,0.09749,0.09798,5e-05,-0.009002,-0.009052,0.5207
2026-06-08T07:07:46.087993+00:00Z,bybit,mexc,ESPORTSUSDT,1.3718,0.09744,0.09876,5e-05,-0.017077,-0.017127,1.3889
2026-06-08T07:07:46.087993+00:00Z,gate,mexc,ESPORTSUSDT,0.763,0.09802,0.09876,-0.009002,-0.017077,-0.008075,0.7711
2026-06-08T07:07:48.103325+00:00Z,bybit,mexc,ESPORTSUSDT,1.3239,0.09872,0.10001,5e-05,-0.017077,-0.017127,1.341
2026-06-08T07:07:48.103325+00:00Z,gate,mexc,ESPORTSUSDT,0.6319,0.09939,0.10001,-0.009002,-0.017077,-0.008075,0.64
2026-06-08T07:07:48.103325+00:00Z,bybit,gate,ESPORTSUSDT,0.5358,0.09872,0.09924,5e-05,-0.009002,-0.009052,0.5448
2026-06-08T07:07:50.120316+00:00Z,bybit,mexc,ESPORTSUSDT,0.8989,0.09866,0.09953,5e-05,-0.017077,-0.017127,0.9161
2026-06-08T07:07:52.135870+00:00Z,bybit,mexc,ESPORTSUSDT,1.2993,0.09827,0.09953,5e-05,-0.017077,-0.017127,1.3164
2026-06-08T07:07:52.135870+00:00Z,gate,mexc,ESPORTSUSDT,0.7469,0.0988,0.09953,-0.009002,-0.017077,-0.008075,0.755
2026-06-08T07:07:54.152996+00:00Z,bybit,mexc,ESPORTSUSDT,1.0788,0.09796,0.099,5e-05,-0.017077,-0.017127,1.0959
2026-06-08T07:07:54.152996+00:00Z,gate,mexc,ESPORTSUSDT,0.5565,0.09846,0.099,-0.009002,-0.017077,-0.008075,0.5646
2026-06-08T07:07:56.169019+00:00Z,bybit,mexc,ESPORTSUSDT,1.4025,0.09817,0.09953,5e-05,-0.017077,-0.017127,1.4196
2026-06-08T07:07:56.169019+00:00Z,gate,mexc,ESPORTSUSDT,0.8694,0.09868,0.09953,-0.009002,-0.017077,-0.008075,0.8775
2026-06-08T07:07:58.184794+00:00Z,bybit,mexc,ESPORTSUSDT,1.4496,0.09843,0.09984,5e-05,-0.017077,-0.017127,1.4667
2026-06-08T07:07:58.184794+00:00Z,gate,mexc,ESPORTSUSDT,0.7853,0.09907,0.09984,-0.009002,-0.017077,-0.008075,0.7934
2026-06-08T07:08:04.205609+00:00Z,bybit,mexc,ESPORTSUSDT,1.285,0.09859,0.09984,5e-05,-0.017077,-0.017127,1.3021
2026-06-08T07:08:04.205609+00:00Z,gate,mexc,ESPORTSUSDT,0.8769,0.09898,0.09984,-0.009002,-0.017077,-0.008075,0.885
2026-06-08T07:08:06.241226+00:00Z,bybit,gate,ESPORTSUSDT,0.5164,0.09856,0.09906,5e-05,-0.009002,-0.009052,0.5254
2026-06-08T07:08:08.243443+00:00Z,bybit,gate,ESPORTSUSDT,0.5682,0.09836,0.09891,5e-05,-0.009002,-0.009052,0.5773
2026-06-08T07:08:30.284242+00:00Z,bybit,gate,ESPORTSUSDT,0.5215,0.09953,0.10004,5e-05,-0.009002,-0.009052,0.5305
2026-06-08T07:08:34.301001+00:00Z,bybit,gate,ESPORTSUSDT,0.5413,0.09957,0.1001,5e-05,-0.008966,-0.009016,0.5503
2026-06-08T07:08:36.462024+00:00Z,bybit,mexc,ESPORTSUSDT,1.644,0.09958,0.1012,5e-05,-0.017077,-0.017127,1.6611
2026-06-08T07:08:36.462024+00:00Z,gate,mexc,ESPORTSUSDT,0.7548,0.10045,0.1012,-0.008966,-0.017077,-0.008111,0.7629
2026-06-08T07:08:36.462024+00:00Z,bybit,gate,ESPORTSUSDT,0.6316,0.09958,0.1002,5e-05,-0.008966,-0.009016,0.6406
2026-06-08T07:08:38.492762+00:00Z,bybit,mexc,ESPORTSUSDT,1.295,0.10017,0.10145,5e-05,-0.017077,-0.017127,1.3121
2026-06-08T07:08:38.492762+00:00Z,gate,mexc,ESPORTSUSDT,0.653,0.1008,0.10145,-0.008966,-0.017077,-0.008111,0.6611
2026-06-08T07:08:40.507782+00:00Z,bybit,mexc,ESPORTSUSDT,1.3244,0.10021,0.10152,5e-05,-0.017077,-0.017127,1.3415
2026-06-08T07:08:40.507782+00:00Z,gate,mexc,ESPORTSUSDT,0.6725,0.10085,0.10152,-0.008966,-0.017077,-0.008111,0.6806
2026-06-08T07:08:42.531649+00:00Z,bybit,mexc,ESPORTSUSDT,1.5179,0.09995,0.10145,5e-05,-0.017077,-0.017127,1.535
2026-06-08T07:08:42.531649+00:00Z,gate,mexc,ESPORTSUSDT,0.613,0.10084,0.10145,-0.008966,-0.017077,-0.008111,0.6211
2026-06-08T07:08:42.531649+00:00Z,bybit,gate,ESPORTSUSDT,0.5693,0.09995,0.10051,5e-05,-0.008966,-0.009016,0.5783
2026-06-08T07:08:44.548388+00:00Z,bybit,mexc,ESPORTSUSDT,1.3093,0.09983,0.10112,5e-05,-0.017077,-0.017127,1.3265
2026-06-08T07:08:46.563505+00:00Z,bybit,mexc,ESPORTSUSDT,1.1379,0.09993,0.10105,5e-05,-0.017077,-0.017127,1.155
2026-06-08T07:08:48.580331+00:00Z,bybit,mexc,ESPORTSUSDT,1.4712,0.09972,0.10117,5e-05,-0.017077,-0.017127,1.4883
2026-06-08T07:08:48.580331+00:00Z,bybit,gate,ESPORTSUSDT,0.6608,0.09972,0.10037,5e-05,-0.008966,-0.009016,0.6699
2026-06-08T07:08:48.580331+00:00Z,gate,mexc,ESPORTSUSDT,0.6447,0.10053,0.10117,-0.008966,-0.017077,-0.008111,0.6528
2026-06-08T07:08:50.618966+00:00Z,bybit,mexc,ESPORTSUSDT,1.1646,0.09935,0.10049,5e-05,-0.017077,-0.017127,1.1817
2026-06-08T07:08:50.618966+00:00Z,bybit,gate,ESPORTSUSDT,0.5123,0.09935,0.09985,5e-05,-0.008966,-0.009016,0.5213
2026-06-08T07:08:52.639917+00:00Z,bybit,mexc,ESPORTSUSDT,1.2768,0.09923,0.10048,5e-05,-0.017077,-0.017127,1.294
2026-06-08T07:08:52.639917+00:00Z,bybit,gate,ESPORTSUSDT,0.6137,0.09923,0.09983,5e-05,-0.008966,-0.009016,0.6227
2026-06-08T07:08:54.643101+00:00Z,bybit,mexc,ESPORTSUSDT,1.2773,0.09919,0.10044,5e-05,-0.017077,-0.017127,1.2945
2026-06-08T07:08:54.643101+00:00Z,gate,mexc,ESPORTSUSDT,0.6998,0.09975,0.10044,-0.008966,-0.017077,-0.008111,0.708
2026-06-08T07:08:56.675182+00:00Z,bybit,mexc,ESPORTSUSDT,1.4607,0.09906,0.10049,5e-05,-0.017077,-0.017127,1.4778
2026-06-08T07:08:56.675182+00:00Z,gate,mexc,ESPORTSUSDT,0.7904,0.09971,0.10049,-0.008966,-0.017077,-0.008111,0.7985
2026-06-08T07:08:56.675182+00:00Z,bybit,gate,ESPORTSUSDT,0.5642,0.09906,0.09961,5e-05,-0.008966,-0.009016,0.5733
2026-06-08T07:08:58.685140+00:00Z,bybit,mexc,ESPORTSUSDT,1.1449,0.09842,0.09953,5e-05,-0.017077,-0.017127,1.1621
2026-06-08T07:09:00.701281+00:00Z,bybit,mexc,ESPORTSUSDT,1.716,0.09771,0.09937,5e-05,-0.017077,-0.017127,1.7332
2026-06-08T07:09:00.701281+00:00Z,gate,mexc,ESPORTSUSDT,1.0452,0.09835,0.09937,-0.008966,-0.017077,-0.008111,1.0533
2026-06-08T07:09:02.705477+00:00Z,bybit,mexc,ESPORTSUSDT,1.2171,0.09835,0.09953,5e-05,-0.017231,-0.017281,1.2344
2026-06-08T07:09:02.705477+00:00Z,gate,mexc,ESPORTSUSDT,0.6554,0.09889,0.09953,-0.008966,-0.017231,-0.008265,0.6637
2026-06-08T07:09:04.720973+00:00Z,bybit,mexc,ESPORTSUSDT,1.4794,0.09712,0.09854,5e-05,-0.017231,-0.017281,1.4967
2026-06-08T07:09:04.720973+00:00Z,bybit,gate,ESPORTSUSDT,0.771,0.09712,0.09786,5e-05,-0.008966,-0.009016,0.78
2026-06-08T07:09:04.720973+00:00Z,gate,mexc,ESPORTSUSDT,0.5285,0.09803,0.09854,-0.008966,-0.017231,-0.008265,0.5368
2026-06-08T07:09:06.731985+00:00Z,bybit,mexc,ESPORTSUSDT,1.3207,0.09667,0.09793,5e-05,-0.017231,-0.017281,1.338
2026-06-08T07:09:06.731985+00:00Z,bybit,gate,ESPORTSUSDT,0.6607,0.09667,0.0973,5e-05,-0.008966,-0.009016,0.6697
2026-06-08T07:09:08.753677+00:00Z,bybit,mexc,ESPORTSUSDT,0.9375,0.09672,0.09761,5e-05,-0.017231,-0.017281,0.9547
2026-06-08T07:09:08.753677+00:00Z,bybit,gate,ESPORTSUSDT,0.5983,0.09672,0.09729,5e-05,-0.008966,-0.009016,0.6074
2026-06-08T07:09:10.770579+00:00Z,bybit,mexc,ESPORTSUSDT,1.3145,0.09636,0.09761,5e-05,-0.017231,-0.017281,1.3318
2026-06-08T07:09:10.770579+00:00Z,gate,mexc,ESPORTSUSDT,0.5749,0.09706,0.09761,-0.008966,-0.017231,-0.008265,0.5832
2026-06-08T07:09:12.785897+00:00Z,bybit,mexc,ESPORTSUSDT,1.283,0.09639,0.09761,5e-05,-0.017231,-0.017281,1.3003
2026-06-08T07:09:12.785897+00:00Z,bybit,gate,ESPORTSUSDT,0.6419,0.09639,0.097,5e-05,-0.008966,-0.009016,0.6509
2026-06-08T07:09:14.801700+00:00Z,bybit,mexc,ESPORTSUSDT,1.5361,0.09613,0.09759,5e-05,-0.017231,-0.017281,1.5533
2026-06-08T07:09:14.801700+00:00Z,gate,mexc,ESPORTSUSDT,0.7619,0.09686,0.09759,-0.008966,-0.017231,-0.008265,0.7702
2026-06-08T07:09:14.801700+00:00Z,bybit,gate,ESPORTSUSDT,0.5083,0.09613,0.09661,5e-05,-0.008966,-0.009016,0.5174
2026-06-08T07:09:16.818776+00:00Z,bybit,mexc,ESPORTSUSDT,0.9406,0.09639,0.09728,5e-05,-0.017231,-0.017281,0.9579
2026-06-08T07:09:18.833038+00:00Z,bybit,mexc,ESPORTSUSDT,1.3566,0.09632,0.09761,5e-05,-0.017231,-0.017281,1.3738
2026-06-08T07:09:18.833038+00:00Z,bybit,gate,ESPORTSUSDT,0.6735,0.09632,0.09696,5e-05,-0.008966,-0.009016,0.6825
2026-06-08T07:09:20.848593+00:00Z,bybit,mexc,ESPORTSUSDT,1.0101,0.09569,0.09664,5e-05,-0.017231,-0.017281,1.0274
2026-06-08T07:09:22.862975+00:00Z,bybit,mexc,ESPORTSUSDT,1.3342,0.09568,0.09694,5e-05,-0.017231,-0.017281,1.3515
2026-06-08T07:09:22.862975+00:00Z,bybit,gate,ESPORTSUSDT,0.5629,0.09568,0.09621,5e-05,-0.008966,-0.009016,0.572
2026-06-08T07:09:22.862975+00:00Z,gate,mexc,ESPORTSUSDT,0.5059,0.09646,0.09694,-0.008966,-0.017231,-0.008265,0.5141
2026-06-08T07:09:24.884584+00:00Z,bybit,mexc,ESPORTSUSDT,1.1503,0.09532,0.0964,5e-05,-0.017231,-0.017281,1.1676
2026-06-08T07:09:24.884584+00:00Z,bybit,gate,ESPORTSUSDT,0.607,0.09532,0.09589,5e-05,-0.008966,-0.009016,0.616
2026-06-08T07:09:28.913710+00:00Z,bybit,mexc,ESPORTSUSDT,1.6789,0.09569,0.09728,5e-05,-0.017231,-0.017281,1.6962
2026-06-08T07:09:28.913710+00:00Z,gate,mexc,ESPORTSUSDT,0.8897,0.09643,0.09728,-0.008966,-0.017231,-0.008265,0.898
2026-06-08T07:09:30.928895+00:00Z,bybit,mexc,ESPORTSUSDT,1.5463,0.09614,0.09761,5e-05,-0.017231,-0.017281,1.5636
2026-06-08T07:09:30.928895+00:00Z,gate,mexc,ESPORTSUSDT,0.6994,0.09694,0.09761,-0.008966,-0.017231,-0.008265,0.7077
2026-06-08T07:09:30.928895+00:00Z,bybit,gate,ESPORTSUSDT,0.5187,0.09614,0.09663,5e-05,-0.008966,-0.009016,0.5277
2026-06-08T07:09:32.945421+00:00Z,bybit,mexc,ESPORTSUSDT,1.262,0.09641,0.09761,5e-05,-0.017231,-0.017281,1.2792
2026-06-08T07:09:34.962133+00:00Z,bybit,gate,ESPORTSUSDT,0.5044,0.09691,0.09739,5e-05,-0.008997,-0.009047,0.5134
2026-06-08T07:09:36.977921+00:00Z,bybit,mexc,ESPORTSUSDT,2.4599,0.09621,0.09856,5e-05,-0.017231,-0.017281,2.4771
2026-06-08T07:09:36.977921+00:00Z,bybit,gate,ESPORTSUSDT,1.4122,0.09621,0.09756,5e-05,-0.008997,-0.009047,1.4213
2026-06-08T07:09:36.977921+00:00Z,gate,mexc,ESPORTSUSDT,0.7235,0.09786,0.09856,-0.008997,-0.017231,-0.008234,0.7318
2026-06-08T07:09:38.994597+00:00Z,bybit,gate,ESPORTSUSDT,0.5544,0.09535,0.09587,5e-05,-0.008997,-0.009047,0.5635
2026-06-08T07:09:40.999793+00:00Z,bybit,mexc,ESPORTSUSDT,1.1752,0.09586,0.09697,5e-05,-0.017231,-0.017281,1.1925
2026-06-08T07:09:40.999793+00:00Z,bybit,gate,ESPORTSUSDT,0.6558,0.09586,0.09648,5e-05,-0.008997,-0.009047,0.6649
2026-06-08T07:09:43.041720+00:00Z,bybit,gate,ESPORTSUSDT,0.6132,0.096,0.09658,5e-05,-0.008997,-0.009047,0.6223
2026-06-08T07:09:43.041720+00:00Z,bybit,mexc,ESPORTSUSDT,0.5277,0.096,0.09649,5e-05,-0.017231,-0.017281,0.545
2026-06-08T07:09:45.044461+00:00Z,bybit,mexc,ESPORTSUSDT,1.2558,0.09608,0.09727,5e-05,-0.017231,-0.017281,1.2731
2026-06-08T07:09:45.044461+00:00Z,bybit,gate,ESPORTSUSDT,0.6127,0.09608,0.09666,5e-05,-0.008997,-0.009047,0.6218
2026-06-08T07:09:47.062705+00:00Z,bybit,mexc,ESPORTSUSDT,0.7561,0.09745,0.09817,5e-05,-0.017231,-0.017281,0.7734
2026-06-08T07:09:49.078034+00:00Z,bybit,mexc,ESPORTSUSDT,0.9612,0.09641,0.09732,5e-05,-0.017231,-0.017281,0.9784
2026-06-08T07:09:49.078034+00:00Z,bybit,gate,ESPORTSUSDT,0.5277,0.09641,0.09691,5e-05,-0.008997,-0.009047,0.5367
2026-06-08T07:09:51.095338+00:00Z,bybit,mexc,ESPORTSUSDT,1.2066,0.09669,0.09784,5e-05,-0.017231,-0.017281,1.2239
2026-06-08T07:09:51.095338+00:00Z,bybit,gate,ESPORTSUSDT,0.7847,0.09669,0.09744,5e-05,-0.008997,-0.009047,0.7938
2026-06-08T07:09:53.122562+00:00Z,bybit,gate,ESPORTSUSDT,0.7853,0.09662,0.09737,5e-05,-0.008997,-0.009047,0.7943
2026-06-08T07:09:55.139305+00:00Z,bybit,mexc,ESPORTSUSDT,1.2637,0.09708,0.09829,5e-05,-0.017231,-0.017281,1.281
2026-06-08T07:09:55.139305+00:00Z,bybit,gate,ESPORTSUSDT,0.6889,0.09708,0.09774,5e-05,-0.008997,-0.009047,0.6979
2026-06-08T07:09:57.142621+00:00Z,bybit,mexc,ESPORTSUSDT,1.6516,0.0979,0.0995,5e-05,-0.017231,-0.017281,1.6689
2026-06-08T07:09:57.142621+00:00Z,bybit,gate,ESPORTSUSDT,0.7853,0.0979,0.09866,5e-05,-0.008997,-0.009047,0.7944
2026-06-08T07:09:59.158276+00:00Z,bybit,mexc,ESPORTSUSDT,1.379,0.09767,0.099,5e-05,-0.017231,-0.017281,1.3963
2026-06-08T07:09:59.158276+00:00Z,bybit,gate,ESPORTSUSDT,0.6848,0.09767,0.09833,5e-05,-0.008997,-0.009047,0.6938
2026-06-08T07:10:01.175327+00:00Z,bybit,mexc,ESPORTSUSDT,1.4383,0.09782,0.09921,5e-05,-0.017231,-0.017281,1.4555
2026-06-08T07:10:01.175327+00:00Z,bybit,gate,ESPORTSUSDT,0.6326,0.09782,0.09843,5e-05,-0.008997,-0.009047,0.6417
2026-06-08T07:10:03.177857+00:00Z,bybit,mexc,ESPORTSUSDT,1.5634,0.09832,0.09984,5e-05,-0.017355,-0.017405,1.5808
2026-06-08T07:10:03.177857+00:00Z,bybit,gate,ESPORTSUSDT,0.6803,0.09832,0.09898,5e-05,-0.008997,-0.009047,0.6894
2026-06-08T07:10:03.177857+00:00Z,gate,mexc,ESPORTSUSDT,0.5724,0.09928,0.09984,-0.008997,-0.017355,-0.008358,0.5808
2026-06-08T07:10:05.194278+00:00Z,bybit,mexc,ESPORTSUSDT,1.3037,0.09873,0.1,5e-05,-0.017355,-0.017405,1.3211
2026-06-08T07:10:05.194278+00:00Z,gate,mexc,ESPORTSUSDT,0.5412,0.09947,0.1,-0.008997,-0.017355,-0.008358,0.5495
2026-06-08T07:10:07.209621+00:00Z,bybit,gate,ESPORTSUSDT,0.6984,0.09865,0.09933,5e-05,-0.008997,-0.009047,0.7074
2026-06-08T07:10:09.226025+00:00Z,bybit,mexc,ESPORTSUSDT,1.6641,0.09838,0.1,5e-05,-0.017355,-0.017405,1.6815
2026-06-08T07:10:09.226025+00:00Z,bybit,gate,ESPORTSUSDT,0.7206,0.09838,0.09908,5e-05,-0.008997,-0.009047,0.7296
2026-06-08T07:10:09.226025+00:00Z,gate,mexc,ESPORTSUSDT,0.6424,0.09937,0.1,-0.008997,-0.017355,-0.008358,0.6507
2026-06-08T07:10:11.241895+00:00Z,bybit,mexc,ESPORTSUSDT,1.3811,0.09826,0.0996,5e-05,-0.017355,-0.017405,1.3985
2026-06-08T07:10:11.241895+00:00Z,gate,mexc,ESPORTSUSDT,0.6043,0.09901,0.0996,-0.008997,-0.017355,-0.008358,0.6126
2026-06-08T07:10:13.245395+00:00Z,bybit,mexc,ESPORTSUSDT,1.3722,0.09817,0.0995,5e-05,-0.017355,-0.017405,1.3896
2026-06-08T07:10:13.245395+00:00Z,gate,mexc,ESPORTSUSDT,0.7679,0.09875,0.0995,-0.008997,-0.017355,-0.008358,0.7762
2026-06-08T07:10:15.257616+00:00Z,bybit,mexc,ESPORTSUSDT,1.4452,0.09805,0.09945,5e-05,-0.017355,-0.017405,1.4627
2026-06-08T07:10:15.257616+00:00Z,bybit,gate,ESPORTSUSDT,0.6822,0.09805,0.09871,5e-05,-0.008997,-0.009047,0.6912
2026-06-08T07:10:15.257616+00:00Z,gate,mexc,ESPORTSUSDT,0.5035,0.09896,0.09945,-0.008997,-0.017355,-0.008358,0.5119
2026-06-08T07:10:17.274261+00:00Z,bybit,mexc,ESPORTSUSDT,1.2785,0.09833,0.09957,5e-05,-0.017355,-0.017405,1.2959
2026-06-08T07:10:17.274261+00:00Z,gate,mexc,ESPORTSUSDT,0.6858,0.0989,0.09957,-0.008997,-0.017355,-0.008358,0.6942
2026-06-08T07:10:21.297421+00:00Z,bybit,mexc,ESPORTSUSDT,1.9217,0.09715,0.099,5e-05,-0.017355,-0.017405,1.9391
2026-06-08T07:10:21.297421+00:00Z,bybit,gate,ESPORTSUSDT,0.781,0.09715,0.0979,5e-05,-0.008997,-0.009047,0.7901
2026-06-08T07:10:21.297421+00:00Z,gate,mexc,ESPORTSUSDT,0.7615,0.09826,0.099,-0.008997,-0.017355,-0.008358,0.7698
2026-06-08T07:10:23.305962+00:00Z,bybit,gate,ESPORTSUSDT,0.5548,0.09712,0.09765,5e-05,-0.008997,-0.009047,0.5638
2026-06-08T07:10:25.320679+00:00Z,bybit,mexc,ESPORTSUSDT,1.2852,0.09702,0.09825,5e-05,-0.017355,-0.017405,1.3026
2026-06-08T07:10:25.320679+00:00Z,bybit,gate,ESPORTSUSDT,0.6378,0.09702,0.09763,5e-05,-0.008997,-0.009047,0.6468
2026-06-08T07:10:27.323507+00:00Z,bybit,mexc,ESPORTSUSDT,1.3474,0.09699,0.09828,5e-05,-0.017355,-0.017405,1.3648
2026-06-08T07:10:27.323507+00:00Z,bybit,gate,ESPORTSUSDT,0.638,0.09699,0.0976,5e-05,-0.008997,-0.009047,0.647
2026-06-08T07:10:29.341661+00:00Z,bybit,mexc,ESPORTSUSDT,1.3457,0.09712,0.09841,5e-05,-0.017355,-0.017405,1.3631
2026-06-08T07:10:29.341661+00:00Z,gate,mexc,ESPORTSUSDT,0.5704,0.09786,0.09841,-0.008997,-0.017355,-0.008358,0.5787
2026-06-08T07:10:31.344596+00:00Z,bybit,mexc,ESPORTSUSDT,1.4679,0.09652,0.09792,5e-05,-0.017355,-0.017405,1.4853
2026-06-08T07:10:31.344596+00:00Z,bybit,gate,ESPORTSUSDT,0.7032,0.09652,0.09719,5e-05,-0.008997,-0.009047,0.7123
2026-06-08T07:10:33.347951+00:00Z,bybit,mexc,ESPORTSUSDT,1.442,0.09687,0.09825,5e-05,-0.017355,-0.017405,1.4594
2026-06-08T07:10:33.347951+00:00Z,bybit,gate,ESPORTSUSDT,0.5355,0.09687,0.09738,5e-05,-0.008997,-0.009047,0.5446
2026-06-08T07:10:33.347951+00:00Z,gate,mexc,ESPORTSUSDT,0.5199,0.09775,0.09825,-0.008997,-0.017355,-0.008358,0.5282
2026-06-08T07:10:35.352468+00:00Z,bybit,mexc,ESPORTSUSDT,1.1117,0.09687,0.09793,5e-05,-0.017355,-0.017405,1.1291
2026-06-08T07:10:35.352468+00:00Z,bybit,gate,ESPORTSUSDT,0.5665,0.09687,0.09741,5e-05,-0.00896,-0.00901,0.5755
2026-06-08T07:10:37.355947+00:00Z,bybit,mexc,ESPORTSUSDT,1.2276,0.09668,0.09785,5e-05,-0.017355,-0.017405,1.245
2026-06-08T07:10:37.355947+00:00Z,bybit,gate,ESPORTSUSDT,0.64,0.09668,0.09729,5e-05,-0.00896,-0.00901,0.649
2026-06-08T07:10:39.372186+00:00Z,bybit,mexc,ESPORTSUSDT,1.552,0.09644,0.09792,5e-05,-0.017355,-0.017405,1.5694
2026-06-08T07:10:39.372186+00:00Z,bybit,gate,ESPORTSUSDT,0.7348,0.09644,0.09714,5e-05,-0.00896,-0.00901,0.7439
2026-06-08T07:10:39.372186+00:00Z,gate,mexc,ESPORTSUSDT,0.6249,0.09732,0.09792,-0.00896,-0.017355,-0.008395,0.6333
2026-06-08T07:10:41.388653+00:00Z,bybit,mexc,ESPORTSUSDT,1.4941,0.09616,0.09758,5e-05,-0.017355,-0.017405,1.5115
2026-06-08T07:10:41.388653+00:00Z,bybit,gate,ESPORTSUSDT,0.7786,0.09616,0.0969,5e-05,-0.00896,-0.00901,0.7876
2026-06-08T07:10:41.388653+00:00Z,gate,mexc,ESPORTSUSDT,0.5338,0.09707,0.09758,-0.00896,-0.017355,-0.008395,0.5422
2026-06-08T07:10:43.395318+00:00Z,bybit,mexc,ESPORTSUSDT,1.4193,0.0963,0.09765,5e-05,-0.017355,-0.017405,1.4367
2026-06-08T07:10:43.395318+00:00Z,gate,mexc,ESPORTSUSDT,0.5645,0.09711,0.09765,-0.00896,-0.017355,-0.008395,0.5729
2026-06-08T07:10:43.395318+00:00Z,bybit,gate,ESPORTSUSDT,0.5075,0.0963,0.09678,5e-05,-0.00896,-0.00901,0.5165
2026-06-08T07:10:45.414313+00:00Z,bybit,mexc,ESPORTSUSDT,1.5153,0.0968,0.09825,5e-05,-0.017355,-0.017405,1.5327
2026-06-08T07:10:45.414313+00:00Z,bybit,gate,ESPORTSUSDT,0.7115,0.0968,0.09748,5e-05,-0.00896,-0.00901,0.7205
2026-06-08T07:10:45.414313+00:00Z,gate,mexc,ESPORTSUSDT,0.6331,0.09764,0.09825,-0.00896,-0.017355,-0.008395,0.6415
2026-06-08T07:10:47.432992+00:00Z,bybit,mexc,ESPORTSUSDT,1.5481,0.09669,0.09817,5e-05,-0.017355,-0.017405,1.5655
2026-06-08T07:10:47.432992+00:00Z,bybit,gate,ESPORTSUSDT,0.6606,0.09669,0.09732,5e-05,-0.00896,-0.00901,0.6696
2026-06-08T07:10:47.432992+00:00Z,gate,mexc,ESPORTSUSDT,0.6233,0.09757,0.09817,-0.00896,-0.017355,-0.008395,0.6317
2026-06-08T07:10:49.455824+00:00Z,bybit,mexc,ESPORTSUSDT,1.4679,0.09652,0.09792,5e-05,-0.017355,-0.017405,1.4853
2026-06-08T07:10:49.455824+00:00Z,gate,mexc,ESPORTSUSDT,0.6766,0.09727,0.09792,-0.00896,-0.017355,-0.008395,0.685
2026-06-08T07:10:49.455824+00:00Z,bybit,gate,ESPORTSUSDT,0.5788,0.09652,0.09707,5e-05,-0.00896,-0.00901,0.5879
2026-06-08T07:10:51.471840+00:00Z,bybit,mexc,ESPORTSUSDT,0.882,0.09716,0.098,5e-05,-0.017355,-0.017405,0.8994
2026-06-08T07:10:53.473847+00:00Z,bybit,mexc,ESPORTSUSDT,1.2831,0.09718,0.09841,5e-05,-0.017355,-0.017405,1.3005
2026-06-08T07:10:53.473847+00:00Z,gate,mexc,ESPORTSUSDT,0.6527,0.09778,0.09841,-0.00896,-0.017355,-0.008395,0.6611
2026-06-08T07:10:55.494275+00:00Z,bybit,mexc,ESPORTSUSDT,1.0839,0.09752,0.09856,5e-05,-0.017355,-0.017405,1.1013
2026-06-08T07:10:57.496264+00:00Z,bybit,mexc,ESPORTSUSDT,1.0639,0.09747,0.09849,5e-05,-0.017355,-0.017405,1.0813
2026-06-08T07:10:57.496264+00:00Z,bybit,gate,ESPORTSUSDT,0.5425,0.09747,0.09799,5e-05,-0.00896,-0.00901,0.5515
2026-06-08T07:10:59.512689+00:00Z,bybit,mexc,ESPORTSUSDT,1.1323,0.09777,0.09886,5e-05,-0.017355,-0.017405,1.1497
2026-06-08T07:10:59.512689+00:00Z,bybit,gate,ESPORTSUSDT,0.5409,0.09777,0.09829,5e-05,-0.00896,-0.00901,0.5499
2026-06-08T07:11:01.527655+00:00Z,bybit,mexc,ESPORTSUSDT,1.039,0.09789,0.09889,5e-05,-0.017355,-0.017405,1.0564
2026-06-08T07:11:01.527655+00:00Z,bybit,gate,ESPORTSUSDT,0.6117,0.09789,0.09848,5e-05,-0.00896,-0.00901,0.6207
2026-06-08T07:11:03.536449+00:00Z,bybit,mexc,ESPORTSUSDT,1.2832,0.09797,0.09921,5e-05,-0.017502,-0.017552,1.3008
2026-06-08T07:11:03.536449+00:00Z,gate,mexc,ESPORTSUSDT,0.5864,0.09864,0.09921,-0.00896,-0.017502,-0.008542,0.5949
2026-06-08T07:11:03.536449+00:00Z,bybit,gate,ESPORTSUSDT,0.5398,0.09797,0.09849,5e-05,-0.00896,-0.00901,0.5488
2026-06-08T07:11:05.554601+00:00Z,bybit,mexc,ESPORTSUSDT,1.139,0.09809,0.09919,5e-05,-0.017502,-0.017552,1.1565
2026-06-08T07:11:05.554601+00:00Z,bybit,gate,ESPORTSUSDT,0.5289,0.09809,0.0986,5e-05,-0.00896,-0.00901,0.538
2026-06-08T07:11:07.572134+00:00Z,bybit,mexc,ESPORTSUSDT,1.0427,0.09852,0.09953,5e-05,-0.017502,-0.017552,1.0603
2026-06-08T07:11:07.572134+00:00Z,gate,mexc,ESPORTSUSDT,0.6455,0.0989,0.09953,-0.00896,-0.017502,-0.008542,0.6541
2026-06-08T07:11:09.574957+00:00Z,bybit,mexc,ESPORTSUSDT,1.1663,0.09837,0.0995,5e-05,-0.017502,-0.017552,1.1838
2026-06-08T07:11:09.574957+00:00Z,bybit,gate,ESPORTSUSDT,0.6393,0.09837,0.09899,5e-05,-0.00896,-0.00901,0.6483
2026-06-08T07:11:11.585487+00:00Z,bybit,mexc,ESPORTSUSDT,1.4316,0.0983,0.09969,5e-05,-0.017502,-0.017552,1.4491
2026-06-08T07:11:11.585487+00:00Z,gate,mexc,ESPORTSUSDT,0.7157,0.09899,0.09969,-0.00896,-0.017502,-0.008542,0.7242
2026-06-08T07:11:13.588878+00:00Z,bybit,mexc,ESPORTSUSDT,1.2782,0.09836,0.0996,5e-05,-0.017502,-0.017552,1.2958
2026-06-08T07:11:13.588878+00:00Z,gate,mexc,ESPORTSUSDT,0.7061,0.09891,0.0996,-0.00896,-0.017502,-0.008542,0.7147
2026-06-08T07:11:15.604616+00:00Z,bybit,mexc,ESPORTSUSDT,1.3675,0.09852,0.09985,5e-05,-0.017502,-0.017552,1.3851
2026-06-08T07:11:15.604616+00:00Z,gate,mexc,ESPORTSUSDT,0.6638,0.0992,0.09985,-0.00896,-0.017502,-0.008542,0.6723
2026-06-08T07:11:15.604616+00:00Z,bybit,gate,ESPORTSUSDT,0.5165,0.09852,0.09902,5e-05,-0.00896,-0.00901,0.5255
2026-06-08T07:11:17.622974+00:00Z,bybit,mexc,ESPORTSUSDT,1.3855,0.09796,0.0993,5e-05,-0.017502,-0.017552,1.403
2026-06-08T07:11:17.622974+00:00Z,gate,mexc,ESPORTSUSDT,0.6266,0.09869,0.0993,-0.00896,-0.017502,-0.008542,0.6352
2026-06-08T07:11:17.622974+00:00Z,bybit,gate,ESPORTSUSDT,0.5603,0.09796,0.0985,5e-05,-0.00896,-0.00901,0.5693
2026-06-08T07:11:19.639569+00:00Z,bybit,mexc,ESPORTSUSDT,1.0348,0.0983,0.0993,5e-05,-0.017502,-0.017552,1.0524
2026-06-08T07:11:19.639569+00:00Z,gate,mexc,ESPORTSUSDT,0.6368,0.09868,0.0993,-0.00896,-0.017502,-0.008542,0.6454
2026-06-08T07:11:21.654719+00:00Z,bybit,mexc,ESPORTSUSDT,1.3234,0.09802,0.0993,5e-05,-0.017502,-0.017552,1.341
2026-06-08T07:11:21.654719+00:00Z,gate,mexc,ESPORTSUSDT,0.8207,0.0985,0.0993,-0.00896,-0.017502,-0.008542,0.8293
2026-06-08T07:11:23.675477+00:00Z,bybit,mexc,ESPORTSUSDT,1.1322,0.09779,0.09888,5e-05,-0.017502,-0.017552,1.1497
2026-06-08T07:11:23.675477+00:00Z,bybit,gate,ESPORTSUSDT,0.5408,0.09779,0.09831,5e-05,-0.00896,-0.00901,0.5498
2026-06-08T07:11:25.690412+00:00Z,bybit,mexc,ESPORTSUSDT,1.5477,0.09803,0.09953,5e-05,-0.017502,-0.017552,1.5652
2026-06-08T07:11:25.690412+00:00Z,gate,mexc,ESPORTSUSDT,0.6863,0.09886,0.09953,-0.00896,-0.017502,-0.008542,0.6948
2026-06-08T07:11:25.690412+00:00Z,bybit,gate,ESPORTSUSDT,0.6721,0.09803,0.09868,5e-05,-0.00896,-0.00901,0.6811
2026-06-08T07:11:27.707716+00:00Z,bybit,mexc,ESPORTSUSDT,0.9144,0.09812,0.099,5e-05,-0.017502,-0.017552,0.932
2026-06-08T07:11:29.726251+00:00Z,bybit,mexc,ESPORTSUSDT,1.341,0.09823,0.09953,5e-05,-0.017502,-0.017552,1.3585
2026-06-08T07:11:29.726251+00:00Z,gate,mexc,ESPORTSUSDT,0.5947,0.09895,0.09953,-0.00896,-0.017502,-0.008542,0.6032
2026-06-08T07:11:29.726251+00:00Z,bybit,gate,ESPORTSUSDT,0.5689,0.09823,0.09878,5e-05,-0.00896,-0.00901,0.5779
2026-06-08T07:11:31.743168+00:00Z,bybit,mexc,ESPORTSUSDT,1.4476,0.0979,0.0993,5e-05,-0.017502,-0.017552,1.4651
2026-06-08T07:11:31.743168+00:00Z,gate,mexc,ESPORTSUSDT,0.6572,0.09866,0.0993,-0.00896,-0.017502,-0.008542,0.6658
2026-06-08T07:11:31.743168+00:00Z,bybit,gate,ESPORTSUSDT,0.6219,0.0979,0.0985,5e-05,-0.00896,-0.00901,0.6309
2026-06-08T07:11:33.759257+00:00Z,bybit,mexc,ESPORTSUSDT,1.3608,0.09827,0.09959,5e-05,-0.017502,-0.017552,1.3783
2026-06-08T07:11:33.759257+00:00Z,gate,mexc,ESPORTSUSDT,0.7776,0.09883,0.09959,-0.008927,-0.017502,-0.008575,0.7861
2026-06-08T07:11:35.775892+00:00Z,bybit,mexc,ESPORTSUSDT,1.1663,0.09837,0.0995,5e-05,-0.017502,-0.017552,1.1838
2026-06-08T07:11:37.794528+00:00Z,bybit,mexc,ESPORTSUSDT,1.1566,0.09833,0.09945,5e-05,-0.017502,-0.017552,1.1741
2026-06-08T07:11:37.794528+00:00Z,bybit,gate,ESPORTSUSDT,0.548,0.09833,0.09886,5e-05,-0.008927,-0.008977,0.557
2026-06-08T07:11:39.797207+00:00Z,bybit,mexc,ESPORTSUSDT,1.481,0.0984,0.09984,5e-05,-0.017502,-0.017552,1.4985
2026-06-08T07:11:39.797207+00:00Z,bybit,gate,ESPORTSUSDT,0.6086,0.0984,0.09899,5e-05,-0.008927,-0.008977,0.6175
2026-06-08T07:11:39.797207+00:00Z,gate,mexc,ESPORTSUSDT,0.5625,0.09929,0.09984,-0.008927,-0.017502,-0.008575,0.5711
2026-06-08T07:11:43.815618+00:00Z,bybit,mexc,ESPORTSUSDT,1.1784,0.0982,0.09934,5e-05,-0.017502,-0.017552,1.196
2026-06-08T07:11:43.815618+00:00Z,bybit,gate,ESPORTSUSDT,0.5792,0.0982,0.09876,5e-05,-0.008927,-0.008977,0.5882
2026-06-08T07:11:45.843628+00:00Z,bybit,mexc,ESPORTSUSDT,0.6139,0.09894,0.09953,5e-05,-0.017502,-0.017552,0.6314
2026-06-08T07:11:47.859391+00:00Z,bybit,gate,ESPORTSUSDT,0.6558,0.09894,0.09958,5e-05,-0.008927,-0.008977,0.6648
2026-06-08T07:11:47.859391+00:00Z,bybit,mexc,ESPORTSUSDT,0.6139,0.09894,0.09953,5e-05,-0.017502,-0.017552,0.6314
2026-06-08T07:11:49.884553+00:00Z,bybit,mexc,ESPORTSUSDT,1.0157,0.09918,0.10017,5e-05,-0.017502,-0.017552,1.0333
2026-06-08T07:11:49.884553+00:00Z,gate,mexc,ESPORTSUSDT,0.7224,0.09946,0.10017,-0.008927,-0.017502,-0.008575,0.731
2026-06-08T07:11:51.912538+00:00Z,bybit,mexc,ESPORTSUSDT,0.8176,0.09874,0.09953,5e-05,-0.017502,-0.017552,0.8352
2026-06-08T07:11:53.928536+00:00Z,bybit,mexc,ESPORTSUSDT,1.2935,0.09875,0.10001,5e-05,-0.017502,-0.017552,1.3111
2026-06-08T07:11:53.928536+00:00Z,gate,mexc,ESPORTSUSDT,0.683,0.09934,0.10001,-0.008927,-0.017502,-0.008575,0.6916
2026-06-08T07:11:55.943706+00:00Z,bybit,mexc,ESPORTSUSDT,1.2916,0.0989,0.10016,5e-05,-0.017502,-0.017552,1.3091
2026-06-08T07:11:55.943706+00:00Z,gate,mexc,ESPORTSUSDT,0.7326,0.09944,0.10016,-0.008927,-0.017502,-0.008575,0.7412
2026-06-08T07:11:57.971051+00:00Z,bybit,mexc,ESPORTSUSDT,1.3826,0.0989,0.10025,5e-05,-0.017502,-0.017552,1.4001
2026-06-08T07:11:57.971051+00:00Z,gate,mexc,ESPORTSUSDT,0.6309,0.09963,0.10025,-0.008927,-0.017502,-0.008575,0.6395
2026-06-08T07:12:01.974562+00:00Z,bybit,mexc,ESPORTSUSDT,1.2358,0.09932,0.10053,5e-05,-0.017502,-0.017552,1.2534
2026-06-08T07:12:01.974562+00:00Z,bybit,gate,ESPORTSUSDT,0.5627,0.09932,0.09987,5e-05,-0.008927,-0.008977,0.5717
2026-06-08T07:12:03.979472+00:00Z,bybit,mexc,ESPORTSUSDT,1.3749,0.09946,0.10081,5e-05,-0.017502,-0.017552,1.3924
2026-06-08T07:12:03.979472+00:00Z,gate,mexc,ESPORTSUSDT,0.5772,0.10024,0.10081,-0.008927,-0.017502,-0.008575,0.5858
2026-06-08T07:12:03.979472+00:00Z,bybit,gate,ESPORTSUSDT,0.5419,0.09946,0.09999,5e-05,-0.008927,-0.008977,0.5508
2026-06-08T07:12:05.996150+00:00Z,bybit,mexc,ESPORTSUSDT,1.6303,0.09921,0.10081,5e-05,-0.017502,-0.017552,1.6478
2026-06-08T07:12:05.996150+00:00Z,gate,mexc,ESPORTSUSDT,0.7783,0.10004,0.10081,-0.008927,-0.017502,-0.008575,0.7868
2026-06-08T07:12:05.996150+00:00Z,bybit,gate,ESPORTSUSDT,0.6642,0.09921,0.09986,5e-05,-0.008927,-0.008977,0.6731
2026-06-08T07:12:08.015639+00:00Z,bybit,mexc,ESPORTSUSDT,1.4429,0.09892,0.10033,5e-05,-0.017502,-0.017552,1.4605
2026-06-08T07:12:08.015639+00:00Z,bybit,gate,ESPORTSUSDT,0.5953,0.09892,0.0995,5e-05,-0.008927,-0.008977,0.6043
2026-06-08T07:12:08.015639+00:00Z,gate,mexc,ESPORTSUSDT,0.5497,0.09979,0.10033,-0.008927,-0.017502,-0.008575,0.5583
2026-06-08T07:12:10.032021+00:00Z,bybit,mexc,ESPORTSUSDT,1.5275,0.09868,0.10017,5e-05,-0.017502,-0.017552,1.545
2026-06-08T07:12:10.032021+00:00Z,gate,mexc,ESPORTSUSDT,0.7832,0.0994,0.10017,-0.008927,-0.017502,-0.008575,0.7918
2026-06-08T07:12:10.032021+00:00Z,bybit,gate,ESPORTSUSDT,0.6069,0.09868,0.09927,5e-05,-0.008927,-0.008977,0.6158
2026-06-08T07:12:12.048573+00:00Z,bybit,mexc,ESPORTSUSDT,0.5394,0.09965,0.10017,5e-05,-0.017502,-0.017552,0.5569
2026-06-08T07:12:14.063094+00:00Z,bybit,mexc,ESPORTSUSDT,1.0837,0.09942,0.10048,5e-05,-0.017502,-0.017552,1.1013
2026-06-08T07:12:16.078188+00:00Z,bybit,mexc,ESPORTSUSDT,1.3975,0.09928,0.10065,5e-05,-0.017502,-0.017552,1.415
2026-06-08T07:12:16.078188+00:00Z,gate,mexc,ESPORTSUSDT,0.5781,0.10008,0.10065,-0.008927,-0.017502,-0.008575,0.5867
2026-06-08T07:12:16.078188+00:00Z,bybit,gate,ESPORTSUSDT,0.573,0.09928,0.09984,5e-05,-0.008927,-0.008977,0.582
2026-06-08T07:12:18.096857+00:00Z,bybit,mexc,ESPORTSUSDT,1.4408,0.09907,0.10048,5e-05,-0.017502,-0.017552,1.4583
2026-06-08T07:12:18.096857+00:00Z,bybit,gate,ESPORTSUSDT,0.5944,0.09907,0.09965,5e-05,-0.008927,-0.008977,0.6034
2026-06-08T07:12:18.096857+00:00Z,gate,mexc,ESPORTSUSDT,0.5892,0.0999,0.10048,-0.008927,-0.017502,-0.008575,0.5977
2026-06-08T07:12:20.113671+00:00Z,bybit,mexc,ESPORTSUSDT,1.1052,0.0993,0.10038,5e-05,-0.017502,-0.017552,1.1227
2026-06-08T07:12:20.113671+00:00Z,gate,mexc,ESPORTSUSDT,0.5192,0.09987,0.10038,-0.008927,-0.017502,-0.008575,0.5278
2026-06-08T07:12:22.129085+00:00Z,bybit,mexc,ESPORTSUSDT,1.1696,0.09895,0.10009,5e-05,-0.017502,-0.017552,1.1872
2026-06-08T07:12:22.129085+00:00Z,bybit,gate,ESPORTSUSDT,0.5143,0.09895,0.09945,5e-05,-0.008927,-0.008977,0.5233
2026-06-08T07:12:24.146339+00:00Z,bybit,mexc,ESPORTSUSDT,1.4864,0.09872,0.10017,5e-05,-0.017502,-0.017552,1.5039
2026-06-08T07:12:24.146339+00:00Z,gate,mexc,ESPORTSUSDT,0.6921,0.09949,0.10017,-0.008927,-0.017502,-0.008575,0.7006
2026-06-08T07:12:24.146339+00:00Z,bybit,gate,ESPORTSUSDT,0.5965,0.09872,0.0993,5e-05,-0.008927,-0.008977,0.6055
2026-06-08T07:12:28.181566+00:00Z,bybit,mexc,ESPORTSUSDT,1.6098,0.0986,0.10017,5e-05,-0.017502,-0.017552,1.6274
2026-06-08T07:12:28.181566+00:00Z,gate,mexc,ESPORTSUSDT,0.8542,0.09933,0.10017,-0.008927,-0.017502,-0.008575,0.8628
2026-06-08T07:12:28.181566+00:00Z,bybit,gate,ESPORTSUSDT,0.5871,0.0986,0.09917,5e-05,-0.008927,-0.008977,0.596
2026-06-08T07:12:30.198765+00:00Z,bybit,gate,ESPORTSUSDT,0.5374,0.09841,0.09893,5e-05,-0.008927,-0.008977,0.5464
2026-06-08T07:12:32.213531+00:00Z,bybit,mexc,ESPORTSUSDT,1.4919,0.09903,0.10049,5e-05,-0.017502,-0.017552,1.5094
2026-06-08T07:12:32.213531+00:00Z,gate,mexc,ESPORTSUSDT,0.7807,0.09972,0.10049,-0.008927,-0.017502,-0.008575,0.7893
2026-06-08T07:12:34.242572+00:00Z,bybit,mexc,ESPORTSUSDT,1.5454,0.09883,0.10034,5e-05,-0.017502,-0.017552,1.563
2026-06-08T07:12:34.242572+00:00Z,gate,mexc,ESPORTSUSDT,0.7516,0.0996,0.10034,-0.008889,-0.017502,-0.008613,0.7602
2026-06-08T07:12:34.242572+00:00Z,bybit,gate,ESPORTSUSDT,0.5756,0.09883,0.09939,5e-05,-0.008889,-0.008939,0.5845
2026-06-08T07:12:36.283475+00:00Z,bybit,mexc,ESPORTSUSDT,1.5071,0.09869,0.10016,5e-05,-0.017502,-0.017552,1.5246
2026-06-08T07:12:36.283475+00:00Z,gate,mexc,ESPORTSUSDT,0.7124,0.09946,0.10016,-0.008889,-0.017502,-0.008613,0.721
2026-06-08T07:12:36.283475+00:00Z,bybit,gate,ESPORTSUSDT,0.5561,0.09869,0.09923,5e-05,-0.008889,-0.008939,0.565
2026-06-08T07:12:38.300014+00:00Z,bybit,mexc,ESPORTSUSDT,1.9925,0.09823,0.10017,5e-05,-0.017502,-0.017552,2.0101
2026-06-08T07:12:38.300014+00:00Z,gate,mexc,ESPORTSUSDT,1.1598,0.09903,0.10017,-0.008889,-0.017502,-0.008613,1.1684
2026-06-08T07:12:38.300014+00:00Z,bybit,gate,ESPORTSUSDT,0.6096,0.09823,0.09882,5e-05,-0.008889,-0.008939,0.6185
2026-06-08T07:12:40.332515+00:00Z,bybit,mexc,ESPORTSUSDT,1.306,0.09857,0.09984,5e-05,-0.017502,-0.017552,1.3235
2026-06-08T07:12:40.332515+00:00Z,bybit,gate,ESPORTSUSDT,0.6481,0.09857,0.0992,5e-05,-0.008889,-0.008939,0.657
2026-06-08T07:12:42.335501+00:00Z,bybit,mexc,ESPORTSUSDT,1.2812,0.09892,0.10017,5e-05,-0.017502,-0.017552,1.2988
2026-06-08T07:12:42.335501+00:00Z,gate,mexc,ESPORTSUSDT,0.5405,0.09964,0.10017,-0.008889,-0.017502,-0.008613,0.5491
2026-06-08T07:12:42.335501+00:00Z,bybit,gate,ESPORTSUSDT,0.5144,0.09892,0.09942,5e-05,-0.008889,-0.008939,0.5233
2026-06-08T07:12:44.368120+00:00Z,bybit,mexc,ESPORTSUSDT,1.759,0.09877,0.10049,5e-05,-0.017502,-0.017552,1.7765
2026-06-08T07:12:44.368120+00:00Z,gate,mexc,ESPORTSUSDT,1.0239,0.09948,0.10049,-0.008889,-0.017502,-0.008613,1.0325
2026-06-08T07:12:44.368120+00:00Z,bybit,gate,ESPORTSUSDT,0.7075,0.09877,0.09946,5e-05,-0.008889,-0.008939,0.7165
2026-06-08T07:12:46.383337+00:00Z,bybit,mexc,ESPORTSUSDT,1.1892,0.09901,0.10017,5e-05,-0.017502,-0.017552,1.2067
2026-06-08T07:12:46.383337+00:00Z,gate,mexc,ESPORTSUSDT,0.6011,0.09958,0.10017,-0.008889,-0.017502,-0.008613,0.6097
2026-06-08T07:12:48.399373+00:00Z,bybit,mexc,ESPORTSUSDT,1.2096,0.09899,0.10017,5e-05,-0.017502,-0.017552,1.2271
2026-06-08T07:12:48.399373+00:00Z,gate,mexc,ESPORTSUSDT,0.6112,0.09957,0.10017,-0.008889,-0.017502,-0.008613,0.6198
2026-06-08T07:12:50.405887+00:00Z,bybit,mexc,ESPORTSUSDT,1.3997,0.09912,0.10049,5e-05,-0.017502,-0.017552,1.4173
2026-06-08T07:12:50.405887+00:00Z,gate,mexc,ESPORTSUSDT,0.7,0.0998,0.10049,-0.008889,-0.017502,-0.008613,0.7086
2026-06-08T07:12:50.405887+00:00Z,bybit,gate,ESPORTSUSDT,0.5436,0.09912,0.09965,5e-05,-0.008889,-0.008939,0.5526
2026-06-08T07:12:52.410046+00:00Z,bybit,mexc,ESPORTSUSDT,1.514,0.0989,0.10038,5e-05,-0.017502,-0.017552,1.5316
2026-06-08T07:12:52.410046+00:00Z,bybit,gate,ESPORTSUSDT,0.7976,0.0989,0.09968,5e-05,-0.008889,-0.008939,0.8066
2026-06-08T07:12:52.410046+00:00Z,gate,mexc,ESPORTSUSDT,0.5797,0.09981,0.10038,-0.008889,-0.017502,-0.008613,0.5883
2026-06-08T07:12:56.415403+00:00Z,bybit,mexc,ESPORTSUSDT,0.9252,0.10026,0.10117,5e-05,-0.017502,-0.017552,0.9427
2026-06-08T07:12:58.431709+00:00Z,bybit,mexc,ESPORTSUSDT,1.5643,0.10021,0.10176,5e-05,-0.017502,-0.017552,1.5819
2026-06-08T07:12:58.431709+00:00Z,gate,mexc,ESPORTSUSDT,0.7112,0.10105,0.10176,-0.008889,-0.017502,-0.008613,0.7198
2026-06-08T07:12:58.431709+00:00Z,bybit,gate,ESPORTSUSDT,0.6775,0.10021,0.10088,5e-05,-0.008889,-0.008939,0.6865
2026-06-08T07:13:00.448701+00:00Z,bybit,gate,ESPORTSUSDT,0.6538,0.1008,0.10145,5e-05,-0.008889,-0.008939,0.6627
2026-06-08T07:13:02.463661+00:00Z,bybit,mexc,ESPORTSUSDT,1.7395,0.10106,0.1028,5e-05,-0.017651,-0.017701,1.7572
2026-06-08T07:13:02.463661+00:00Z,gate,mexc,ESPORTSUSDT,0.9911,0.1018,0.1028,-0.008889,-0.017651,-0.008762,0.9998
2026-06-08T07:13:02.463661+00:00Z,bybit,gate,ESPORTSUSDT,0.573,0.10106,0.10163,5e-05,-0.008889,-0.008939,0.5819
2026-06-08T07:13:04.488686+00:00Z,bybit,mexc,ESPORTSUSDT,1.0434,0.10042,0.10145,5e-05,-0.017651,-0.017701,1.0611
2026-06-08T07:13:06.505742+00:00Z,bybit,gate,ESPORTSUSDT,0.6684,0.09857,0.09922,5e-05,-0.008889,-0.008939,0.6773
2026-06-08T07:13:08.520174+00:00Z,bybit,mexc,ESPORTSUSDT,0.7822,0.09941,0.10017,5e-05,-0.017651,-0.017701,0.7999
2026-06-08T07:13:10.522149+00:00Z,bybit,mexc,ESPORTSUSDT,1.1818,0.09965,0.10081,5e-05,-0.017651,-0.017701,1.1995
2026-06-08T07:13:10.522149+00:00Z,gate,mexc,ESPORTSUSDT,0.5774,0.10024,0.10081,-0.008889,-0.017651,-0.008762,0.5862
2026-06-08T07:13:12.527225+00:00Z,bybit,mexc,ESPORTSUSDT,1.2972,0.09926,0.10053,5e-05,-0.017651,-0.017701,1.3149
2026-06-08T07:13:12.527225+00:00Z,bybit,gate,ESPORTSUSDT,0.6436,0.09926,0.09989,5e-05,-0.008889,-0.008939,0.6526
2026-06-08T07:13:14.547083+00:00Z,bybit,mexc,ESPORTSUSDT,1.1708,0.09886,0.1,5e-05,-0.017651,-0.017701,1.1885
2026-06-08T07:13:14.547083+00:00Z,gate,mexc,ESPORTSUSDT,0.7543,0.09926,0.1,-0.008889,-0.017651,-0.008762,0.763
2026-06-08T07:13:16.562436+00:00Z,bybit,mexc,ESPORTSUSDT,1.0881,0.09903,0.10009,5e-05,-0.017651,-0.017701,1.1058
2026-06-08T07:13:18.579497+00:00Z,bybit,gate,ESPORTSUSDT,0.6865,0.09889,0.09956,5e-05,-0.008889,-0.008939,0.6954
2026-06-08T07:13:20.594027+00:00Z,bybit,gate,ESPORTSUSDT,0.6215,0.09959,0.1002,5e-05,-0.008889,-0.008939,0.6304
2026-06-08T07:13:22.611092+00:00Z,bybit,mexc,ESPORTSUSDT,1.61,0.09923,0.10081,5e-05,-0.017651,-0.017701,1.6277
2026-06-08T07:13:22.611092+00:00Z,gate,mexc,ESPORTSUSDT,0.7181,0.1001,0.10081,-0.008889,-0.017651,-0.008762,0.7268
2026-06-08T07:13:22.611092+00:00Z,bybit,gate,ESPORTSUSDT,0.6741,0.09923,0.09989,5e-05,-0.008889,-0.008939,0.683
2026-06-08T07:13:24.641960+00:00Z,bybit,mexc,ESPORTSUSDT,0.9694,0.09982,0.10077,5e-05,-0.017651,-0.017701,0.9871
2026-06-08T07:13:24.641960+00:00Z,bybit,gate,ESPORTSUSDT,0.6501,0.09982,0.10046,5e-05,-0.008889,-0.008939,0.659
2026-06-08T07:13:26.657254+00:00Z,bybit,gate,ESPORTSUSDT,0.6909,0.09971,0.10039,5e-05,-0.008889,-0.008939,0.6999
2026-06-08T07:13:28.668585+00:00Z,bybit,mexc,ESPORTSUSDT,1.1984,0.09994,0.10112,5e-05,-0.017651,-0.017701,1.2161
2026-06-08T07:13:28.668585+00:00Z,bybit,gate,ESPORTSUSDT,0.7194,0.09994,0.10065,5e-05,-0.008889,-0.008939,0.7283
2026-06-08T07:13:30.696501+00:00Z,bybit,mexc,ESPORTSUSDT,1.245,0.10022,0.10145,5e-05,-0.017651,-0.017701,1.2627
2026-06-08T07:13:30.696501+00:00Z,bybit,gate,ESPORTSUSDT,0.5976,0.10022,0.10081,5e-05,-0.008889,-0.008939,0.6066
2026-06-08T07:13:32.703315+00:00Z,bybit,mexc,ESPORTSUSDT,1.4266,0.10008,0.10149,5e-05,-0.017651,-0.017701,1.4443
2026-06-08T07:13:32.703315+00:00Z,gate,mexc,ESPORTSUSDT,0.6733,0.10082,0.10149,-0.008889,-0.017651,-0.008762,0.6821
2026-06-08T07:13:32.703315+00:00Z,bybit,gate,ESPORTSUSDT,0.5885,0.10008,0.10066,5e-05,-0.008889,-0.008939,0.5974
2026-06-08T07:13:34.719521+00:00Z,bybit,mexc,ESPORTSUSDT,1.1909,0.10058,0.10176,5e-05,-0.017651,-0.017701,1.2086
2026-06-08T07:13:34.719521+00:00Z,bybit,gate,ESPORTSUSDT,0.5358,0.10058,0.10111,5e-05,-0.008805,-0.008855,0.5447
2026-06-08T07:13:36.722103+00:00Z,bybit,mexc,ESPORTSUSDT,1.2353,0.10102,0.10225,5e-05,-0.017651,-0.017701,1.253
2026-06-08T07:13:36.722103+00:00Z,gate,mexc,ESPORTSUSDT,0.6783,0.10157,0.10225,-0.008805,-0.017651,-0.008846,0.6872
2026-06-08T07:13:38.868713+00:00Z,bybit,gate,ESPORTSUSDT,0.5634,0.10098,0.10154,5e-05,-0.008805,-0.008855,0.5723
2026-06-08T07:13:40.874915+00:00Z,bybit,mexc,ESPORTSUSDT,1.1873,0.10089,0.10207,5e-05,-0.017651,-0.017701,1.205
2026-06-08T07:13:40.874915+00:00Z,gate,mexc,ESPORTSUSDT,0.5605,0.10151,0.10207,-0.008805,-0.017651,-0.008846,0.5694
2026-06-08T07:13:40.874915+00:00Z,bybit,gate,ESPORTSUSDT,0.5044,0.10089,0.10139,5e-05,-0.008805,-0.008855,0.5133
2026-06-08T07:13:42.880670+00:00Z,bybit,mexc,ESPORTSUSDT,1.474,0.10094,0.10241,5e-05,-0.017651,-0.017701,1.4917
2026-06-08T07:13:42.880670+00:00Z,gate,mexc,ESPORTSUSDT,0.7367,0.10167,0.10241,-0.008805,-0.017651,-0.008846,0.7455
2026-06-08T07:13:42.880670+00:00Z,bybit,gate,ESPORTSUSDT,0.5735,0.10094,0.10151,5e-05,-0.008805,-0.008855,0.5824
2026-06-08T07:13:44.886169+00:00Z,bybit,mexc,ESPORTSUSDT,1.7841,0.10077,0.10255,5e-05,-0.017651,-0.017701,1.8018
2026-06-08T07:13:44.886169+00:00Z,gate,mexc,ESPORTSUSDT,0.934,0.10161,0.10255,-0.008805,-0.017651,-0.008846,0.9428
2026-06-08T07:13:44.886169+00:00Z,bybit,gate,ESPORTSUSDT,0.5943,0.10077,0.10136,5e-05,-0.008805,-0.008855,0.6032
2026-06-08T07:13:46.903340+00:00Z,bybit,mexc,ESPORTSUSDT,1.6082,0.1006,0.1022,5e-05,-0.017651,-0.017701,1.6259
2026-06-08T07:13:46.903340+00:00Z,gate,mexc,ESPORTSUSDT,0.7183,0.10148,0.1022,-0.008805,-0.017651,-0.008846,0.7272
2026-06-08T07:13:46.903340+00:00Z,bybit,gate,ESPORTSUSDT,0.6749,0.1006,0.10127,5e-05,-0.008805,-0.008855,0.6837
2026-06-08T07:13:48.920303+00:00Z,bybit,gate,ESPORTSUSDT,0.614,0.10081,0.10142,5e-05,-0.008805,-0.008855,0.6228
2026-06-08T07:13:50.935934+00:00Z,bybit,gate,ESPORTSUSDT,0.6134,0.10091,0.10152,5e-05,-0.008805,-0.008855,0.6222
2026-06-08T07:13:52.951554+00:00Z,bybit,mexc,ESPORTSUSDT,1.3824,0.10039,0.10176,5e-05,-0.017651,-0.017701,1.4001
2026-06-08T07:13:52.951554+00:00Z,gate,mexc,ESPORTSUSDT,0.6816,0.10108,0.10176,-0.008805,-0.017651,-0.008846,0.6904
2026-06-08T07:13:52.951554+00:00Z,bybit,gate,ESPORTSUSDT,0.5069,0.10039,0.10089,5e-05,-0.008805,-0.008855,0.5158
2026-06-08T07:13:54.972528+00:00Z,bybit,mexc,ESPORTSUSDT,1.0402,0.10073,0.10176,5e-05,-0.017651,-0.017701,1.0579
2026-06-08T07:13:54.972528+00:00Z,gate,mexc,ESPORTSUSDT,0.6119,0.10115,0.10176,-0.008805,-0.017651,-0.008846,0.6208
2026-06-08T07:13:56.992163+00:00Z,bybit,gate,ESPORTSUSDT,0.6361,0.10044,0.10107,5e-05,-0.008805,-0.008855,0.645
2026-06-08T07:13:58.995843+00:00Z,bybit,mexc,ESPORTSUSDT,1.4763,0.10078,0.10225,5e-05,-0.017651,-0.017701,1.494
2026-06-08T07:13:58.995843+00:00Z,bybit,gate,ESPORTSUSDT,0.6737,0.10078,0.10145,5e-05,-0.008805,-0.008855,0.6825
2026-06-08T07:13:58.995843+00:00Z,gate,mexc,ESPORTSUSDT,0.6486,0.1016,0.10225,-0.008805,-0.017651,-0.008846,0.6575
2026-06-08T07:14:01.012644+00:00Z,bybit,mexc,ESPORTSUSDT,1.3573,0.10078,0.10213,5e-05,-0.017651,-0.017701,1.375
2026-06-08T07:14:01.012644+00:00Z,gate,mexc,ESPORTSUSDT,0.6395,0.10149,0.10213,-0.008805,-0.017651,-0.008846,0.6483
2026-06-08T07:14:03.029481+00:00Z,bybit,mexc,ESPORTSUSDT,1.4038,0.10101,0.10241,5e-05,-0.017779,-0.017829,1.4217
2026-06-08T07:14:03.029481+00:00Z,gate,mexc,ESPORTSUSDT,0.6477,0.10176,0.10241,-0.008805,-0.017779,-0.008974,0.6567
2026-06-08T07:14:03.029481+00:00Z,bybit,gate,ESPORTSUSDT,0.5831,0.10101,0.10159,5e-05,-0.008805,-0.008855,0.5919
2026-06-08T07:14:05.053171+00:00Z,bybit,mexc,ESPORTSUSDT,1.4687,0.10063,0.10209,5e-05,-0.017779,-0.017829,1.4865
2026-06-08T07:14:05.053171+00:00Z,bybit,gate,ESPORTSUSDT,0.7243,0.10063,0.10135,5e-05,-0.008805,-0.008855,0.7332
2026-06-08T07:14:05.053171+00:00Z,gate,mexc,ESPORTSUSDT,0.6299,0.10146,0.10209,-0.008805,-0.017779,-0.008974,0.6389
2026-06-08T07:14:07.085871+00:00Z,bybit,gate,ESPORTSUSDT,0.7348,0.10056,0.10129,5e-05,-0.008805,-0.008855,0.7436
2026-06-08T07:14:09.100542+00:00Z,bybit,mexc,ESPORTSUSDT,1.378,0.10072,0.10209,5e-05,-0.017779,-0.017829,1.3959
2026-06-08T07:14:09.100542+00:00Z,bybit,gate,ESPORTSUSDT,0.7336,0.10072,0.10145,5e-05,-0.008805,-0.008855,0.7425
2026-06-08T07:14:13.118215+00:00Z,bybit,gate,ESPORTSUSDT,0.7518,0.10095,0.1017,5e-05,-0.008805,-0.008855,0.7607
2026-06-08T07:14:15.134028+00:00Z,bybit,mexc,ESPORTSUSDT,1.7396,0.10106,0.1028,5e-05,-0.017779,-0.017829,1.7574
2026-06-08T07:14:15.134028+00:00Z,gate,mexc,ESPORTSUSDT,0.7735,0.10202,0.1028,-0.008805,-0.017779,-0.008974,0.7825
2026-06-08T07:14:15.134028+00:00Z,bybit,gate,ESPORTSUSDT,0.7114,0.10106,0.10177,5e-05,-0.008805,-0.008855,0.7203
2026-06-08T07:14:17.156308+00:00Z,bybit,mexc,ESPORTSUSDT,1.547,0.10071,0.10225,5e-05,-0.017779,-0.017829,1.5648
2026-06-08T07:14:17.156308+00:00Z,gate,mexc,ESPORTSUSDT,0.7677,0.10148,0.10225,-0.008805,-0.017779,-0.008974,0.7767
2026-06-08T07:14:17.156308+00:00Z,bybit,gate,ESPORTSUSDT,0.6741,0.10071,0.10138,5e-05,-0.008805,-0.008855,0.683
2026-06-08T07:14:19.175895+00:00Z,bybit,gate,ESPORTSUSDT,0.8852,0.10042,0.1013,5e-05,-0.008805,-0.008855,0.894
2026-06-08T07:14:21.193007+00:00Z,bybit,mexc,ESPORTSUSDT,1.3378,0.10076,0.10209,5e-05,-0.017779,-0.017829,1.3556
2026-06-08T07:14:21.193007+00:00Z,gate,mexc,ESPORTSUSDT,0.7391,0.10135,0.10209,-0.008805,-0.017779,-0.008974,0.7481
2026-06-08T07:14:23.208910+00:00Z,bybit,mexc,ESPORTSUSDT,1.3242,0.09951,0.10081,5e-05,-0.017779,-0.017829,1.3421
2026-06-08T07:14:23.208910+00:00Z,bybit,gate,ESPORTSUSDT,0.652,0.09951,0.10015,5e-05,-0.008805,-0.008855,0.6609
2026-06-08T07:14:23.208910+00:00Z,gate,mexc,ESPORTSUSDT,0.5074,0.10031,0.10081,-0.008805,-0.017779,-0.008974,0.5164
2026-06-08T07:14:25.225661+00:00Z,bybit,gate,ESPORTSUSDT,0.6387,0.10002,0.10065,5e-05,-0.008805,-0.008855,0.6476
2026-06-08T07:14:27.243702+00:00Z,bybit,mexc,ESPORTSUSDT,1.4273,0.10004,0.10145,5e-05,-0.017779,-0.017829,1.4451
2026-06-08T07:14:27.243702+00:00Z,bybit,gate,ESPORTSUSDT,0.6886,0.10004,0.10072,5e-05,-0.008805,-0.008855,0.6974
2026-06-08T07:14:27.243702+00:00Z,gate,mexc,ESPORTSUSDT,0.584,0.10087,0.10145,-0.008805,-0.017779,-0.008974,0.5929
2026-06-08T07:14:29.259888+00:00Z,bybit,mexc,ESPORTSUSDT,1.6712,0.1004,0.10206,5e-05,-0.017779,-0.017829,1.689
2026-06-08T07:14:29.259888+00:00Z,bybit,gate,ESPORTSUSDT,0.8156,0.1004,0.10121,5e-05,-0.008805,-0.008855,0.8245
2026-06-08T07:14:29.259888+00:00Z,gate,mexc,ESPORTSUSDT,0.7195,0.10134,0.10206,-0.008805,-0.017779,-0.008974,0.7284
2026-06-08T07:14:31.264184+00:00Z,bybit,gate,JCTUSDT,0.9566,0.004631,0.004675,5e-05,9.1e-05,4.1e-05,0.9566
2026-06-08T07:14:31.264184+00:00Z,bybit,gate,ESPORTSUSDT,0.7167,0.10031,0.10102,5e-05,-0.008805,-0.008855,0.7255
2026-06-08T07:14:33.282152+00:00Z,bybit,mexc,ESPORTSUSDT,1.5233,0.1003,0.10181,5e-05,-0.017779,-0.017829,1.5411
2026-06-08T07:14:33.282152+00:00Z,gate,mexc,ESPORTSUSDT,0.8709,0.10094,0.10181,-0.008805,-0.017779,-0.008974,0.8798
2026-06-08T07:14:35.291233+00:00Z,bybit,gate,ESPORTSUSDT,0.6469,0.1003,0.10094,5e-05,-0.008754,-0.008804,0.6557
2026-06-08T07:14:37.293362+00:00Z,bybit,mexc,ESPORTSUSDT,1.2936,0.10033,0.10161,5e-05,-0.017779,-0.017829,1.3114
2026-06-08T07:14:37.293362+00:00Z,gate,mexc,ESPORTSUSDT,0.6828,0.10093,0.10161,-0.008754,-0.017779,-0.009025,0.6918
2026-06-08T07:14:39.313871+00:00Z,bybit,mexc,ESPORTSUSDT,1.2653,0.1002,0.10145,5e-05,-0.017779,-0.017829,1.2832
2026-06-08T07:14:39.313871+00:00Z,bybit,gate,ESPORTSUSDT,0.7074,0.1002,0.1009,5e-05,-0.008754,-0.008804,0.7162
2026-06-08T07:14:41.329574+00:00Z,bybit,mexc,ESPORTSUSDT,1.2775,0.10082,0.10209,5e-05,-0.017779,-0.017829,1.2953
2026-06-08T07:14:41.329574+00:00Z,gate,mexc,ESPORTSUSDT,0.5705,0.10152,0.10209,-0.008754,-0.017779,-0.009025,0.5795
2026-06-08T07:14:43.346062+00:00Z,bybit,gate,ESPORTSUSDT,0.5558,0.10054,0.10109,5e-05,-0.008754,-0.008804,0.5647
2026-06-08T07:14:45.361711+00:00Z,bybit,mexc,ESPORTSUSDT,1.4082,0.10069,0.10209,5e-05,-0.017779,-0.017829,1.4261
2026-06-08T07:14:45.361711+00:00Z,bybit,gate,ESPORTSUSDT,0.8033,0.10069,0.10149,5e-05,-0.008754,-0.008804,0.8121
2026-06-08T07:14:47.374013+00:00Z,bybit,mexc,ESPORTSUSDT,1.1753,0.10108,0.10225,5e-05,-0.017779,-0.017829,1.1932
2026-06-08T07:14:47.374013+00:00Z,bybit,gate,ESPORTSUSDT,0.5628,0.10108,0.10164,5e-05,-0.008754,-0.008804,0.5716
2026-06-08T07:14:49.389764+00:00Z,bybit,mexc,ESPORTSUSDT,1.726,0.10069,0.10241,5e-05,-0.017779,-0.017829,1.7439
2026-06-08T07:14:49.389764+00:00Z,gate,mexc,ESPORTSUSDT,0.9155,0.10149,0.10241,-0.008754,-0.017779,-0.009025,0.9245
2026-06-08T07:14:49.389764+00:00Z,bybit,gate,ESPORTSUSDT,0.7239,0.10069,0.10141,5e-05,-0.008754,-0.008804,0.7327
2026-06-08T07:14:51.406001+00:00Z,bybit,mexc,ESPORTSUSDT,1.5751,0.10082,0.10239,5e-05,-0.017779,-0.017829,1.5929
2026-06-08T07:14:51.406001+00:00Z,gate,mexc,ESPORTSUSDT,0.8064,0.10158,0.10239,-0.008754,-0.017779,-0.009025,0.8155
2026-06-08T07:14:51.406001+00:00Z,bybit,gate,ESPORTSUSDT,0.6039,0.10082,0.10142,5e-05,-0.008754,-0.008804,0.6127
2026-06-08T07:14:53.425082+00:00Z,bybit,mexc,ESPORTSUSDT,1.0299,0.10177,0.1028,5e-05,-0.017779,-0.017829,1.0477
2026-06-08T07:14:53.425082+00:00Z,bybit,gate,ESPORTSUSDT,0.5984,0.10177,0.10237,5e-05,-0.008754,-0.008804,0.6072
2026-06-08T07:14:55.443695+00:00Z,bybit,mexc,ESPORTSUSDT,1.5952,0.1027,0.10432,5e-05,-0.017779,-0.017829,1.6131
2026-06-08T07:14:55.443695+00:00Z,bybit,gate,ESPORTSUSDT,0.8949,0.1027,0.10361,5e-05,-0.008754,-0.008804,0.9037
2026-06-08T07:14:55.443695+00:00Z,gate,mexc,ESPORTSUSDT,0.5197,0.10379,0.10432,-0.008754,-0.017779,-0.009025,0.5287
2026-06-08T07:14:57.447707+00:00Z,bybit,mexc,ESPORTSUSDT,1.1162,0.10288,0.10401,5e-05,-0.017779,-0.017829,1.134
2026-06-08T07:14:57.447707+00:00Z,gate,mexc,ESPORTSUSDT,0.8232,0.10317,0.10401,-0.008754,-0.017779,-0.009025,0.8322
2026-06-08T07:14:59.464080+00:00Z,bybit,mexc,ESPORTSUSDT,1.402,0.10259,0.10401,5e-05,-0.017779,-0.017829,1.4198
2026-06-08T07:14:59.464080+00:00Z,gate,mexc,ESPORTSUSDT,0.7549,0.10324,0.10401,-0.008754,-0.017779,-0.009025,0.7639
2026-06-08T07:15:01.483298+00:00Z,bybit,mexc,ESPORTSUSDT,1.1555,0.10284,0.10401,5e-05,-0.017779,-0.017829,1.1733
2026-06-08T07:15:01.483298+00:00Z,bybit,gate,ESPORTSUSDT,0.6311,0.10284,0.10348,5e-05,-0.008754,-0.008804,0.6399
2026-06-08T07:15:03.498976+00:00Z,bybit,mexc,ESPORTSUSDT,1.6642,0.10326,0.10496,5e-05,-0.017779,-0.017829,1.682
2026-06-08T07:15:03.498976+00:00Z,bybit,gate,ESPORTSUSDT,0.8901,0.10326,0.10417,5e-05,-0.008754,-0.008804,0.8989
2026-06-08T07:15:03.498976+00:00Z,gate,mexc,ESPORTSUSDT,0.6032,0.10434,0.10496,-0.008754,-0.017779,-0.009025,0.6123
2026-06-08T07:15:05.519552+00:00Z,bybit,mexc,ESPORTSUSDT,0.6661,0.1049,0.10558,5e-05,-0.017779,-0.017829,0.6839
2026-06-08T07:15:05.519552+00:00Z,bybit,gate,ESPORTSUSDT,0.5903,0.1049,0.10551,5e-05,-0.008754,-0.008804,0.5991
2026-06-08T07:15:07.541582+00:00Z,bybit,mexc,ESPORTSUSDT,1.7431,0.10665,0.10849,5e-05,-0.017779,-0.017829,1.7609
2026-06-08T07:15:07.541582+00:00Z,gate,mexc,ESPORTSUSDT,0.8268,0.10761,0.10849,-0.008754,-0.017779,-0.009025,0.8358
2026-06-08T07:15:07.541582+00:00Z,bybit,gate,ESPORTSUSDT,0.5901,0.10665,0.10727,5e-05,-0.008754,-0.008804,0.5989
2026-06-08T07:15:09.569228+00:00Z,bybit,mexc,ESPORTSUSDT,1.0767,0.10672,0.10785,5e-05,-0.017779,-0.017829,1.0945
2026-06-08T07:15:11.586763+00:00Z,bybit,mexc,ESPORTSUSDT,1.4263,0.10792,0.10944,5e-05,-0.017779,-0.017829,1.4441
2026-06-08T07:15:11.586763+00:00Z,gate,mexc,ESPORTSUSDT,0.7361,0.10865,0.10944,-0.008754,-0.017779,-0.009025,0.7452
2026-06-08T07:15:13.616619+00:00Z,bybit,mexc,ESPORTSUSDT,1.7257,0.10949,0.11136,5e-05,-0.017779,-0.017829,1.7436
2026-06-08T07:15:13.616619+00:00Z,gate,mexc,ESPORTSUSDT,1.0617,0.1102,0.11136,-0.008754,-0.017779,-0.009025,1.0707
2026-06-08T07:15:15.633750+00:00Z,bybit,mexc,ESPORTSUSDT,1.8519,0.10905,0.11105,5e-05,-0.017779,-0.017829,1.8697
2026-06-08T07:15:15.633750+00:00Z,gate,mexc,ESPORTSUSDT,1.1475,0.1098,0.11105,-0.008754,-0.017779,-0.009025,1.1565
2026-06-08T07:15:15.633750+00:00Z,bybit,gate,ESPORTSUSDT,0.5774,0.10905,0.10967,5e-05,-0.008754,-0.008804,0.5862
2026-06-08T07:15:17.664801+00:00Z,bybit,mexc,ESPORTSUSDT,1.6563,0.10925,0.11104,5e-05,-0.017779,-0.017829,1.6741
2026-06-08T07:15:17.664801+00:00Z,gate,mexc,ESPORTSUSDT,0.927,0.11003,0.11104,-0.008754,-0.017779,-0.009025,0.936
2026-06-08T07:15:19.681016+00:00Z,bybit,mexc,ESPORTSUSDT,1.7034,0.10916,0.111,5e-05,-0.017779,-0.017829,1.7213
2026-06-08T07:15:19.681016+00:00Z,gate,mexc,ESPORTSUSDT,0.8723,0.11005,0.111,-0.008754,-0.017779,-0.009025,0.8813
2026-06-08T07:15:21.706709+00:00Z,bybit,mexc,ESPORTSUSDT,1.9275,0.10892,0.111,5e-05,-0.017779,-0.017829,1.9453
2026-06-08T07:15:21.706709+00:00Z,gate,mexc,ESPORTSUSDT,1.1941,0.1097,0.111,-0.008754,-0.017779,-0.009025,1.2031
2026-06-08T07:15:21.706709+00:00Z,bybit,gate,ESPORTSUSDT,0.5138,0.10892,0.10947,5e-05,-0.008754,-0.008804,0.5226
2026-06-08T07:15:23.723257+00:00Z,bybit,mexc,ESPORTSUSDT,2.1244,0.10871,0.111,5e-05,-0.017779,-0.017829,2.1422
2026-06-08T07:15:23.723257+00:00Z,gate,mexc,ESPORTSUSDT,1.3789,0.1095,0.111,-0.008754,-0.017779,-0.009025,1.3879
2026-06-08T07:15:25.753704+00:00Z,bybit,mexc,ESPORTSUSDT,2.0399,0.1088,0.111,5e-05,-0.017779,-0.017829,2.0577
2026-06-08T07:15:25.753704+00:00Z,gate,mexc,ESPORTSUSDT,1.2772,0.10961,0.111,-0.008754,-0.017779,-0.009025,1.2862
2026-06-08T07:15:25.753704+00:00Z,bybit,gate,ESPORTSUSDT,0.5511,0.1088,0.10939,5e-05,-0.008754,-0.008804,0.5599
2026-06-08T07:15:27.757323+00:00Z,bybit,mexc,ESPORTSUSDT,2.1244,0.10871,0.111,5e-05,-0.017779,-0.017829,2.1422
2026-06-08T07:15:27.757323+00:00Z,gate,mexc,ESPORTSUSDT,1.453,0.10942,0.111,-0.008754,-0.017779,-0.009025,1.462
2026-06-08T07:15:29.774137+00:00Z,bybit,mexc,ESPORTSUSDT,1.0647,0.10985,0.111,5e-05,-0.017779,-0.017829,1.0825
2026-06-08T07:15:31.776222+00:00Z,bybit,mexc,ESPORTSUSDT,1.3784,0.10951,0.111,5e-05,-0.017779,-0.017829,1.3963
2026-06-08T07:15:31.776222+00:00Z,mexc,bybit,ALLOUSDT,0.8062,0.42034,0.42373,-0.000426,-0.000166,0.00026,0.806
2026-06-08T07:15:31.776222+00:00Z,mexc,gate,ALLOUSDT,0.7515,0.42034,0.4235,-0.000426,-0.000129,0.000297,0.7512
2026-06-08T07:15:31.776222+00:00Z,gate,mexc,ESPORTSUSDT,0.5343,0.11042,0.111,-0.008754,-0.017779,-0.009025,0.5433
2026-06-08T07:15:33.794264+00:00Z,bybit,mexc,ESPORTSUSDT,0.7164,0.11023,0.111,5e-05,-0.017779,-0.017829,0.7342
2026-06-08T07:15:33.794264+00:00Z,mexc,gate,ALLOUSDT,0.5326,0.42034,0.42258,-0.000426,-0.000134,0.000292,0.5323
2026-06-08T07:15:33.794264+00:00Z,mexc,bybit,ALLOUSDT,0.5231,0.42034,0.42254,-0.000426,-0.000166,0.00026,0.5229
2026-06-08T07:15:35.800439+00:00Z,bybit,mexc,ESPORTSUSDT,0.8994,0.11003,0.111,5e-05,-0.017779,-0.017829,0.9172
2026-06-08T07:15:35.800439+00:00Z,bybit,gate,PIPPINUSDT,0.5435,0.0184,0.0185,5e-05,5e-05,0.0,0.5435
2026-06-08T07:15:37.816201+00:00Z,bybit,mexc,ESPORTSUSDT,1.2675,0.10963,0.111,5e-05,-0.017779,-0.017829,1.2853
2026-06-08T07:15:37.816201+00:00Z,gate,mexc,ESPORTSUSDT,0.5617,0.11039,0.111,-0.008685,-0.017779,-0.009094,0.5708
2026-06-08T07:15:39.841665+00:00Z,bybit,mexc,ESPORTSUSDT,0.9544,0.10997,0.111,5e-05,-0.017779,-0.017829,0.9723
2026-06-08T07:15:41.856770+00:00Z,bybit,mexc,ESPORTSUSDT,0.7346,0.11021,0.111,5e-05,-0.017779,-0.017829,0.7525
2026-06-08T07:15:41.856770+00:00Z,bybit,gate,ESPORTSUSDT,0.5894,0.11021,0.11085,5e-05,-0.008685,-0.008735,0.5982
2026-06-08T07:15:43.883571+00:00Z,bybit,gate,ESPORTSUSDT,0.523,0.11083,0.1114,5e-05,-0.008685,-0.008735,0.5318
2026-06-08T07:15:45.899167+00:00Z,bybit,gate,ESPORTSUSDT,0.6608,0.11041,0.11113,5e-05,-0.008685,-0.008735,0.6696
2026-06-08T07:15:45.899167+00:00Z,bybit,mexc,ESPORTSUSDT,0.5522,0.11041,0.111,5e-05,-0.017779,-0.017829,0.57
2026-06-08T07:15:47.917225+00:00Z,bybit,mexc,ESPORTSUSDT,0.7072,0.11024,0.111,5e-05,-0.017779,-0.017829,0.7251
2026-06-08T07:15:49.921051+00:00Z,bybit,mexc,ESPORTSUSDT,0.5158,0.11045,0.111,5e-05,-0.017779,-0.017829,0.5336
2026-06-08T07:15:53.936655+00:00Z,bybit,gate,ESPORTSUSDT,0.5791,0.11046,0.11109,5e-05,-0.008685,-0.008735,0.5878
2026-06-08T07:15:53.936655+00:00Z,bybit,mexc,ESPORTSUSDT,0.5067,0.11046,0.111,5e-05,-0.017779,-0.017829,0.5245
2026-06-08T07:15:55.953382+00:00Z,bybit,gate,ESPORTSUSDT,0.5857,0.11093,0.11157,5e-05,-0.008685,-0.008735,0.5944
2026-06-08T07:15:57.956785+00:00Z,bybit,gate,ESPORTSUSDT,0.5232,0.11079,0.11136,5e-05,-0.008685,-0.008735,0.532
2026-06-08T07:15:59.960335+00:00Z,bybit,gate,ESPORTSUSDT,0.5129,0.11108,0.11164,5e-05,-0.008685,-0.008735,0.5216
2026-06-08T07:16:01.976542+00:00Z,mexc,gate,ESPORTSUSDT,0.5039,0.11112,0.11169,-0.017779,-0.008685,0.009094,0.4948
2026-06-08T07:16:03.991501+00:00Z,mexc,bybit,ALLOUSDT,0.5445,0.42034,0.42263,-0.000426,-0.000159,0.000267,0.5443
2026-06-08T07:16:06.006695+00:00Z,bybit,gate,ESPORTSUSDT,0.67,0.1104,0.11113,5e-05,-0.008685,-0.008735,0.6787
2026-06-08T07:16:06.006695+00:00Z,mexc,bybit,ALLOUSDT,0.6064,0.42034,0.42289,-0.000426,-0.000159,0.000267,0.6061
2026-06-08T07:16:06.006695+00:00Z,mexc,gate,ALLOUSDT,0.5992,0.42034,0.42286,-0.000426,-0.000134,0.000292,0.5989
2026-06-08T07:16:06.006695+00:00Z,bybit,mexc,ESPORTSUSDT,0.5613,0.1104,0.111,5e-05,-0.017779,-0.017829,0.5791
2026-06-08T07:16:08.025589+00:00Z,mexc,gate,ESPORTSUSDT,1.1428,0.11112,0.1124,-0.017779,-0.008685,0.009094,1.1337
2026-06-08T07:16:08.025589+00:00Z,mexc,bybit,ALLOUSDT,0.7063,0.42034,0.42331,-0.000426,-0.000159,0.000267,0.706
2026-06-08T07:16:08.025589+00:00Z,mexc,gate,ALLOUSDT,0.6563,0.42034,0.4231,-0.000426,-0.000134,0.000292,0.656
2026-06-08T07:16:08.025589+00:00Z,mexc,bybit,ESPORTSUSDT,0.6391,0.11112,0.11185,-0.017779,5e-05,0.017829,0.6213
2026-06-08T07:16:08.025589+00:00Z,bybit,gate,ESPORTSUSDT,0.5005,0.11185,0.1124,5e-05,-0.008685,-0.008735,0.5092
2026-06-08T07:16:10.033531+00:00Z,mexc,gate,ESPORTSUSDT,1.4308,0.11112,0.11272,-0.017779,-0.008685,0.009094,1.4217
2026-06-08T07:16:10.033531+00:00Z,mexc,bybit,ALLOUSDT,1.0037,0.42034,0.42456,-0.000426,-0.000159,0.000267,1.0034
2026-06-08T07:16:10.033531+00:00Z,mexc,gate,ALLOUSDT,0.9656,0.42034,0.4244,-0.000426,-0.000134,0.000292,0.9653
2026-06-08T07:16:10.033531+00:00Z,mexc,bybit,ESPORTSUSDT,0.9181,0.11112,0.11216,-0.017779,5e-05,0.017829,0.9003
2026-06-08T07:16:12.037978+00:00Z,mexc,gate,ESPORTSUSDT,1.1608,0.11112,0.11242,-0.017779,-0.008685,0.009094,1.1517
2026-06-08T07:16:12.037978+00:00Z,mexc,bybit,ALLOUSDT,0.9942,0.42034,0.42452,-0.000426,-0.000159,0.000267,0.9939
2026-06-08T07:16:12.037978+00:00Z,mexc,gate,ALLOUSDT,0.8443,0.42034,0.42389,-0.000426,-0.000134,0.000292,0.844
2026-06-08T07:16:12.037978+00:00Z,mexc,bybit,ESPORTSUSDT,0.6301,0.11112,0.11184,-0.017779,5e-05,0.017829,0.6123
2026-06-08T07:16:12.037978+00:00Z,bybit,gate,ESPORTSUSDT,0.5004,0.11187,0.11242,5e-05,-0.008685,-0.008735,0.5091
2026-06-08T07:16:14.043899+00:00Z,mexc,bybit,ALLOUSDT,0.9157,0.42034,0.42419,-0.000426,-0.000159,0.000267,0.9154
2026-06-08T07:16:14.043899+00:00Z,mexc,gate,ESPORTSUSDT,0.8638,0.11112,0.11209,-0.017779,-0.008685,0.009094,0.8547
2026-06-08T07:16:14.043899+00:00Z,mexc,gate,ALLOUSDT,0.8014,0.42034,0.42371,-0.000426,-0.000134,0.000292,0.8011
2026-06-08T07:16:14.043899+00:00Z,mexc,bybit,ESPORTSUSDT,0.5851,0.11112,0.11179,-0.017779,5e-05,0.017829,0.5673
2026-06-08T07:16:16.063544+00:00Z,mexc,gate,ESPORTSUSDT,2.1777,0.11112,0.11355,-0.017779,-0.008685,0.009094,2.1686
2026-06-08T07:16:16.063544+00:00Z,mexc,bybit,ESPORTSUSDT,1.629,0.11112,0.11295,-0.017779,5e-05,0.017829,1.6112
2026-06-08T07:16:16.063544+00:00Z,mexc,bybit,ALLOUSDT,0.9276,0.42034,0.42424,-0.000426,-0.000159,0.000267,0.9273
2026-06-08T07:16:16.063544+00:00Z,mexc,gate,ALLOUSDT,0.8466,0.42034,0.4239,-0.000426,-0.000134,0.000292,0.8463
2026-06-08T07:16:18.068596+00:00Z,mexc,gate,ESPORTSUSDT,3.5816,0.11112,0.11511,-0.017779,-0.008685,0.009094,3.5725
2026-06-08T07:16:18.068596+00:00Z,mexc,bybit,ESPORTSUSDT,3.1679,0.11112,0.11466,-0.017779,5e-05,0.017829,3.1501
2026-06-08T07:16:18.068596+00:00Z,mexc,bybit,ALLOUSDT,0.7253,0.42034,0.42339,-0.000426,-0.000159,0.000267,0.7251
2026-06-08T07:16:18.068596+00:00Z,mexc,gate,ALLOUSDT,0.6801,0.42034,0.4232,-0.000426,-0.000134,0.000292,0.6798
2026-06-08T07:16:20.073067+00:00Z,bybit,gate,ESPORTSUSDT,0.7455,0.11537,0.11622,5e-05,-0.008685,-0.008735,0.7542
2026-06-08T07:16:22.075098+00:00Z,bybit,mexc,ESPORTSUSDT,1.3685,0.11624,0.11781,5e-05,-0.017779,-0.017829,1.3863
2026-06-08T07:16:22.075098+00:00Z,gate,mexc,ESPORTSUSDT,0.9084,0.11676,0.11781,-0.008685,-0.017779,-0.009094,0.9175
2026-06-08T07:16:26.094842+00:00Z,bybit,mexc,ESPORTSUSDT,1.6619,0.11496,0.11685,5e-05,-0.017779,-0.017829,1.6797
2026-06-08T07:16:26.094842+00:00Z,gate,mexc,ESPORTSUSDT,1.248,0.11542,0.11685,-0.008685,-0.017779,-0.009094,1.2571
2026-06-08T07:16:28.109771+00:00Z,bybit,mexc,ESPORTSUSDT,1.4145,0.11456,0.11616,5e-05,-0.017779,-0.017829,1.4323
2026-06-08T07:16:28.109771+00:00Z,gate,mexc,ESPORTSUSDT,1.0354,0.11498,0.11616,-0.008685,-0.017779,-0.009094,1.0445
2026-06-08T07:16:32.115445+00:00Z,bybit,mexc,ESPORTSUSDT,1.8053,0.11357,0.1156,5e-05,-0.017779,-0.017829,1.8231
2026-06-08T07:16:32.115445+00:00Z,gate,mexc,ESPORTSUSDT,1.5284,0.11387,0.1156,-0.008685,-0.017779,-0.009094,1.5375
2026-06-08T07:16:34.133857+00:00Z,bybit,mexc,ESPORTSUSDT,1.5015,0.11391,0.1156,5e-05,-0.017779,-0.017829,1.5193
2026-06-08T07:16:34.133857+00:00Z,gate,mexc,ESPORTSUSDT,1.1024,0.11435,0.1156,-0.008549,-0.017779,-0.00923,1.1116
2026-06-08T07:16:36.149959+00:00Z,bybit,mexc,ESPORTSUSDT,1.4941,0.11448,0.11617,5e-05,-0.017779,-0.017829,1.5119
2026-06-08T07:16:36.149959+00:00Z,gate,mexc,ESPORTSUSDT,1.0969,0.11492,0.11617,-0.008549,-0.017779,-0.00923,1.1062
2026-06-08T07:16:40.168449+00:00Z,bybit,mexc,ESPORTSUSDT,1.5161,0.11413,0.11584,5e-05,-0.017779,-0.017829,1.5339
2026-06-08T07:16:40.168449+00:00Z,gate,mexc,ESPORTSUSDT,1.0824,0.11461,0.11584,-0.008549,-0.017779,-0.00923,1.0917
2026-06-08T07:16:42.207696+00:00Z,bybit,mexc,ESPORTSUSDT,1.3918,0.11427,0.11584,5e-05,-0.017779,-0.017829,1.4096
2026-06-08T07:16:42.207696+00:00Z,gate,mexc,ESPORTSUSDT,0.9503,0.11476,0.11584,-0.008549,-0.017779,-0.00923,0.9596
2026-06-08T07:16:44.224072+00:00Z,bybit,mexc,ESPORTSUSDT,1.4534,0.11424,0.11588,5e-05,-0.017779,-0.017829,1.4712
2026-06-08T07:16:44.224072+00:00Z,gate,mexc,ESPORTSUSDT,0.8973,0.11486,0.11588,-0.008549,-0.017779,-0.00923,0.9065
2026-06-08T07:16:46.257422+00:00Z,bybit,mexc,ESPORTSUSDT,1.3918,0.11427,0.11584,5e-05,-0.017779,-0.017829,1.4096
2026-06-08T07:16:46.257422+00:00Z,gate,mexc,ESPORTSUSDT,0.88,0.11484,0.11584,-0.008549,-0.017779,-0.00923,0.8892
2026-06-08T07:16:48.272433+00:00Z,bybit,mexc,ESPORTSUSDT,1.374,0.11429,0.11584,5e-05,-0.017779,-0.017829,1.3919
2026-06-08T07:16:48.272433+00:00Z,gate,mexc,ESPORTSUSDT,0.8537,0.11487,0.11584,-0.008549,-0.017779,-0.00923,0.8629
2026-06-08T07:16:50.287321+00:00Z,bybit,mexc,ESPORTSUSDT,1.2146,0.11447,0.11584,5e-05,-0.017779,-0.017829,1.2325
2026-06-08T07:16:50.287321+00:00Z,gate,mexc,ESPORTSUSDT,0.7659,0.11497,0.11584,-0.008549,-0.017779,-0.00923,0.7752
2026-06-08T07:16:52.303181+00:00Z,bybit,mexc,ESPORTSUSDT,1.525,0.11412,0.11584,5e-05,-0.017779,-0.017829,1.5428
2026-06-08T07:16:52.303181+00:00Z,gate,mexc,ESPORTSUSDT,0.8712,0.11485,0.11584,-0.008549,-0.017779,-0.00923,0.8805
2026-06-08T07:16:54.342585+00:00Z,bybit,mexc,ESPORTSUSDT,1.336,0.11379,0.11529,5e-05,-0.017779,-0.017829,1.3539
2026-06-08T07:16:54.342585+00:00Z,gate,mexc,ESPORTSUSDT,0.708,0.11449,0.11529,-0.008549,-0.017779,-0.00923,0.7172
2026-06-08T07:16:56.356263+00:00Z,bybit,mexc,ESPORTSUSDT,1.4515,0.11579,0.11745,5e-05,-0.017779,-0.017829,1.4693
2026-06-08T07:16:56.356263+00:00Z,gate,mexc,ESPORTSUSDT,0.8247,0.1165,0.11745,-0.008549,-0.017779,-0.00923,0.8339
2026-06-08T07:17:00.395866+00:00Z,bybit,mexc,ESPORTSUSDT,0.8838,0.11548,0.11648,5e-05,-0.017779,-0.017829,0.9016
2026-06-08T07:17:02.413424+00:00Z,bybit,mexc,ESPORTSUSDT,1.486,0.11512,0.11681,5e-05,-0.017938,-0.017988,1.504
2026-06-08T07:17:02.413424+00:00Z,gate,mexc,ESPORTSUSDT,0.6383,0.11608,0.11681,-0.008549,-0.017938,-0.009389,0.6477
2026-06-08T07:17:02.413424+00:00Z,bybit,gate,ESPORTSUSDT,0.5906,0.11512,0.11579,5e-05,-0.008549,-0.008599,0.5992
2026-06-08T07:17:04.417436+00:00Z,bybit,mexc,ESPORTSUSDT,0.8776,0.11517,0.11616,5e-05,-0.017938,-0.017988,0.8956
2026-06-08T07:17:04.417436+00:00Z,gate,mexc,ESPORTSUSDT,0.5199,0.11557,0.11616,-0.008549,-0.017938,-0.009389,0.5293
2026-06-08T07:17:08.434054+00:00Z,bybit,mexc,ESPORTSUSDT,0.6971,0.11633,0.11712,5e-05,-0.017938,-0.017988,0.7151
2026-06-08T07:17:10.449151+00:00Z,bybit,mexc,ESPORTSUSDT,1.2525,0.11665,0.11809,5e-05,-0.017938,-0.017988,1.2704
2026-06-08T07:17:10.449151+00:00Z,gate,mexc,ESPORTSUSDT,0.6571,0.11733,0.11809,-0.008549,-0.017938,-0.009389,0.6665
2026-06-08T07:17:12.484263+00:00Z,bybit,mexc,ESPORTSUSDT,1.9315,0.11602,0.11824,5e-05,-0.017938,-0.017988,1.9494
2026-06-08T07:17:12.484263+00:00Z,gate,mexc,ESPORTSUSDT,1.3811,0.11664,0.11824,-0.008549,-0.017938,-0.009389,1.3905
2026-06-08T07:17:14.508266+00:00Z,bybit,mexc,ESPORTSUSDT,1.1084,0.11555,0.11681,5e-05,-0.017938,-0.017988,1.1264
2026-06-08T07:17:14.508266+00:00Z,gate,mexc,ESPORTSUSDT,0.8206,0.11587,0.11681,-0.008549,-0.017938,-0.009389,0.83
2026-06-08T07:17:16.540089+00:00Z,bybit,mexc,ESPORTSUSDT,1.2969,0.11572,0.1172,5e-05,-0.017938,-0.017988,1.3149
2026-06-08T07:17:16.540089+00:00Z,gate,mexc,ESPORTSUSDT,0.8787,0.11619,0.1172,-0.008549,-0.017938,-0.009389,0.888
2026-06-08T07:17:18.555575+00:00Z,bybit,mexc,ESPORTSUSDT,0.8965,0.1161,0.11712,5e-05,-0.017938,-0.017988,0.9145
2026-06-08T07:17:20.570009+00:00Z,bybit,mexc,ESPORTSUSDT,1.3397,0.11576,0.11729,5e-05,-0.017938,-0.017988,1.3577
2026-06-08T07:17:20.570009+00:00Z,gate,mexc,ESPORTSUSDT,0.9474,0.1162,0.11729,-0.008549,-0.017938,-0.009389,0.9568
2026-06-08T07:17:22.586518+00:00Z,bybit,mexc,ESPORTSUSDT,0.8357,0.11618,0.11713,5e-05,-0.017938,-0.017988,0.8537
2026-06-08T07:17:22.586518+00:00Z,gate,mexc,ESPORTSUSDT,0.6625,0.11637,0.11713,-0.008549,-0.017938,-0.009389,0.6719
2026-06-08T07:17:24.605912+00:00Z,bybit,mexc,ESPORTSUSDT,1.264,0.11557,0.11701,5e-05,-0.017938,-0.017988,1.282
2026-06-08T07:17:24.605912+00:00Z,gate,mexc,ESPORTSUSDT,0.7758,0.11612,0.11701,-0.008549,-0.017938,-0.009389,0.7852
2026-06-08T07:17:26.646798+00:00Z,bybit,mexc,ESPORTSUSDT,1.0997,0.11556,0.11681,5e-05,-0.017938,-0.017988,1.1177
2026-06-08T07:17:26.646798+00:00Z,gate,mexc,ESPORTSUSDT,0.5257,0.11621,0.11681,-0.008549,-0.017938,-0.009389,0.5351
2026-06-08T07:17:28.664598+00:00Z,bybit,mexc,ESPORTSUSDT,1.2803,0.11487,0.11632,5e-05,-0.017938,-0.017988,1.2983
2026-06-08T07:17:28.664598+00:00Z,gate,mexc,ESPORTSUSDT,0.7281,0.11549,0.11632,-0.008549,-0.017938,-0.009389,0.7375
2026-06-08T07:17:30.686724+00:00Z,bybit,mexc,ESPORTSUSDT,1.3492,0.11493,0.11646,5e-05,-0.017938,-0.017988,1.3672
2026-06-08T07:17:30.686724+00:00Z,gate,mexc,ESPORTSUSDT,0.6315,0.11574,0.11646,-0.008549,-0.017938,-0.009389,0.6409
2026-06-08T07:17:32.703862+00:00Z,bybit,mexc,ESPORTSUSDT,1.1994,0.11512,0.11648,5e-05,-0.017938,-0.017988,1.2174
2026-06-08T07:17:32.703862+00:00Z,gate,mexc,ESPORTSUSDT,0.5185,0.11589,0.11648,-0.008549,-0.017938,-0.009389,0.5279
2026-06-08T07:17:34.722535+00:00Z,bybit,mexc,ESPORTSUSDT,0.727,0.11566,0.11648,5e-05,-0.017938,-0.017988,0.745
2026-06-08T07:17:36.738268+00:00Z,bybit,mexc,ESPORTSUSDT,1.443,0.11579,0.11744,5e-05,-0.017938,-0.017988,1.461
2026-06-08T07:17:36.738268+00:00Z,gate,mexc,ESPORTSUSDT,0.7559,0.11657,0.11744,-0.008388,-0.017938,-0.00955,0.7654
2026-06-08T07:17:38.753976+00:00Z,bybit,mexc,ESPORTSUSDT,1.1492,0.11581,0.11712,5e-05,-0.017938,-0.017988,1.1671
2026-06-08T07:17:38.753976+00:00Z,gate,mexc,ESPORTSUSDT,0.6713,0.11635,0.11712,-0.008388,-0.017938,-0.00955,0.6809
2026-06-08T07:17:40.770566+00:00Z,bybit,mexc,ESPORTSUSDT,1.4562,0.11542,0.11708,5e-05,-0.017938,-0.017988,1.4742
2026-06-08T07:17:40.770566+00:00Z,gate,mexc,ESPORTSUSDT,0.7235,0.11625,0.11708,-0.008388,-0.017938,-0.00955,0.7331
2026-06-08T07:17:42.787121+00:00Z,bybit,mexc,ESPORTSUSDT,1.4469,0.11547,0.11712,5e-05,-0.017938,-0.017988,1.4649
2026-06-08T07:17:42.787121+00:00Z,gate,mexc,ESPORTSUSDT,0.8273,0.11617,0.11712,-0.008388,-0.017938,-0.00955,0.8369
2026-06-08T07:17:44.804413+00:00Z,bybit,mexc,ESPORTSUSDT,1.2169,0.1151,0.11648,5e-05,-0.017938,-0.017988,1.2349
2026-06-08T07:17:44.804413+00:00Z,gate,mexc,ESPORTSUSDT,0.6576,0.11573,0.11648,-0.008388,-0.017938,-0.00955,0.6672
2026-06-08T07:17:48.820964+00:00Z,bybit,mexc,ESPORTSUSDT,1.2082,0.11511,0.11648,5e-05,-0.017938,-0.017988,1.2261
2026-06-08T07:17:48.820964+00:00Z,gate,mexc,ESPORTSUSDT,0.7882,0.11558,0.11648,-0.008388,-0.017938,-0.00955,0.7978
2026-06-08T07:17:50.827750+00:00Z,bybit,mexc,ESPORTSUSDT,1.2974,0.11568,0.11716,5e-05,-0.017938,-0.017988,1.3154
2026-06-08T07:17:50.827750+00:00Z,gate,mexc,ESPORTSUSDT,0.7663,0.11628,0.11716,-0.008388,-0.017938,-0.00955,0.7759
2026-06-08T07:17:52.864722+00:00Z,bybit,mexc,ESPORTSUSDT,0.5604,0.11615,0.11678,5e-05,-0.017938,-0.017988,0.5784
2026-06-08T07:17:54.879021+00:00Z,bybit,mexc,ESPORTSUSDT,0.8554,0.11464,0.1156,5e-05,-0.017938,-0.017988,0.8734
2026-06-08T07:17:54.879021+00:00Z,gate,mexc,ESPORTSUSDT,0.7064,0.1148,0.1156,-0.008388,-0.017938,-0.00955,0.716
2026-06-08T07:17:58.897003+00:00Z,bybit,mexc,ESPORTSUSDT,1.3245,0.11404,0.11553,5e-05,-0.017938,-0.017988,1.3425
2026-06-08T07:17:58.897003+00:00Z,gate,mexc,ESPORTSUSDT,1.0238,0.11437,0.11553,-0.008388,-0.017938,-0.00955,1.0334
2026-06-08T07:18:00.913170+00:00Z,bybit,mexc,ESPORTSUSDT,1.0053,0.11344,0.11456,5e-05,-0.017938,-0.017988,1.0233
2026-06-08T07:18:00.913170+00:00Z,gate,mexc,ESPORTSUSDT,0.5537,0.11394,0.11456,-0.008388,-0.017938,-0.00955,0.5632
2026-06-08T07:18:02.924059+00:00Z,bybit,mexc,ESPORTSUSDT,0.7412,0.11477,0.1156,5e-05,-0.017938,-0.017988,0.7592
2026-06-08T07:18:04.939934+00:00Z,bybit,mexc,ESPORTSUSDT,1.3682,0.11406,0.1156,5e-05,-0.017938,-0.017988,1.3861
2026-06-08T07:18:04.939934+00:00Z,gate,mexc,ESPORTSUSDT,0.9086,0.11457,0.1156,-0.008388,-0.017938,-0.00955,0.9181
2026-06-08T07:18:06.955322+00:00Z,bybit,mexc,ESPORTSUSDT,1.3753,0.11272,0.11425,5e-05,-0.017938,-0.017988,1.3933
2026-06-08T07:18:06.955322+00:00Z,gate,mexc,ESPORTSUSDT,0.7058,0.11346,0.11425,-0.008388,-0.017938,-0.00955,0.7154
2026-06-08T07:18:08.971183+00:00Z,bybit,mexc,ESPORTSUSDT,0.7318,0.11344,0.11425,-0.00013,-0.017938,-0.017808,0.7496
2026-06-08T07:18:11.005252+00:00Z,bybit,mexc,ESPORTSUSDT,1.0794,0.11304,0.11424,-0.00013,-0.017938,-0.017808,1.0972
2026-06-08T07:18:13.013065+00:00Z,bybit,mexc,ESPORTSUSDT,1.5272,0.11329,0.115,-0.00013,-0.017938,-0.017808,1.545
2026-06-08T07:18:13.013065+00:00Z,gate,mexc,ESPORTSUSDT,0.9133,0.11397,0.115,-0.008388,-0.017938,-0.00955,0.9228
2026-06-08T07:18:17.031240+00:00Z,bybit,mexc,ESPORTSUSDT,1.498,0.1135,0.11518,-0.00013,-0.017938,-0.017808,1.5158
2026-06-08T07:18:17.031240+00:00Z,gate,mexc,ESPORTSUSDT,0.542,0.11457,0.11518,-0.008388,-0.017938,-0.00955,0.5515
2026-06-08T07:18:19.050799+00:00Z,bybit,mexc,ESPORTSUSDT,1.2171,0.11423,0.1156,-0.00013,-0.017938,-0.017808,1.235
2026-06-08T07:18:19.050799+00:00Z,gate,mexc,ESPORTSUSDT,0.5663,0.11496,0.1156,-0.008388,-0.017938,-0.00955,0.5758
2026-06-08T07:18:21.070028+00:00Z,bybit,mexc,ESPORTSUSDT,1.2373,0.10496,0.10624,-0.00013,-0.017938,-0.017808,1.2551
2026-06-08T07:18:21.070028+00:00Z,bybit,gate,ESPORTSUSDT,0.6371,0.10496,0.10562,-0.00013,-0.008388,-0.008258,0.6453
2026-06-08T07:18:23.075802+00:00Z,bybit,mexc,ESPORTSUSDT,1.1611,0.10496,0.10616,-0.00013,-0.017938,-0.017808,1.1789
2026-06-08T07:18:23.075802+00:00Z,bybit,gate,ESPORTSUSDT,1.0467,0.10496,0.10605,-0.00013,-0.008388,-0.008258,1.055
2026-06-08T07:18:25.091333+00:00Z,bybit,mexc,ESPORTSUSDT,1.6671,0.10671,0.10847,-0.00013,-0.017938,-0.017808,1.6849
2026-06-08T07:18:25.091333+00:00Z,gate,mexc,ESPORTSUSDT,0.6591,0.10777,0.10847,-0.008388,-0.017938,-0.00955,0.6686
2026-06-08T07:18:27.109305+00:00Z,bybit,mexc,ESPORTSUSDT,0.9979,0.10713,0.10818,-0.00013,-0.017938,-0.017808,1.0157
2026-06-08T07:18:27.109305+00:00Z,gate,mexc,ESPORTSUSDT,0.5766,0.10757,0.10818,-0.008388,-0.017938,-0.00955,0.5862
2026-06-08T07:18:29.125894+00:00Z,bybit,mexc,ESPORTSUSDT,0.8808,0.1066,0.10752,-0.00013,-0.017938,-0.017808,0.8987
2026-06-08T07:18:31.141452+00:00Z,bybit,mexc,ESPORTSUSDT,1.7204,0.10572,0.10752,-0.00013,-0.017938,-0.017808,1.7382
2026-06-08T07:18:31.141452+00:00Z,bybit,gate,ESPORTSUSDT,0.6988,0.10572,0.10645,-0.00013,-0.008388,-0.008258,0.707
2026-06-08T07:18:31.141452+00:00Z,gate,mexc,ESPORTSUSDT,0.6366,0.10685,0.10752,-0.008388,-0.017938,-0.00955,0.6461
2026-06-08T07:18:33.160215+00:00Z,bybit,mexc,ESPORTSUSDT,0.7765,0.10544,0.10624,-0.00013,-0.017938,-0.017808,0.7943
2026-06-08T07:18:35.176135+00:00Z,bybit,mexc,ESPORTSUSDT,1.2723,0.10682,0.10816,-0.00013,-0.017938,-0.017808,1.2901
2026-06-08T07:18:35.176135+00:00Z,gate,mexc,ESPORTSUSDT,0.53,0.1076,0.10816,-0.008343,-0.017938,-0.009595,0.5396
2026-06-08T07:18:37.178798+00:00Z,bybit,mexc,ESPORTSUSDT,1.2226,0.1079,0.1092,-0.00013,-0.017938,-0.017808,1.2404
2026-06-08T07:18:37.178798+00:00Z,gate,mexc,ESPORTSUSDT,0.5066,0.10866,0.1092,-0.008343,-0.017938,-0.009595,0.5162
2026-06-08T07:18:39.213186+00:00Z,bybit,mexc,ESPORTSUSDT,1.055,0.10798,0.1091,-0.00013,-0.017938,-0.017808,1.0728
2026-06-08T07:18:39.213186+00:00Z,gate,mexc,ESPORTSUSDT,0.6368,0.10842,0.1091,-0.008343,-0.017938,-0.009595,0.6464
2026-06-08T07:18:41.347330+00:00Z,bybit,mexc,ESPORTSUSDT,1.3787,0.10802,0.10949,-0.00013,-0.017938,-0.017808,1.3965
2026-06-08T07:18:41.347330+00:00Z,gate,mexc,ESPORTSUSDT,0.5976,0.10885,0.10949,-0.008343,-0.017938,-0.009595,0.6072
2026-06-08T07:18:43.351477+00:00Z,bybit,mexc,ESPORTSUSDT,1.3135,0.10805,0.10945,-0.00013,-0.017938,-0.017808,1.3313
2026-06-08T07:18:43.351477+00:00Z,gate,mexc,ESPORTSUSDT,0.6163,0.10879,0.10945,-0.008343,-0.017938,-0.009595,0.6259
2026-06-08T07:18:47.355862+00:00Z,bybit,mexc,ESPORTSUSDT,1.2911,0.10838,0.10976,-0.00013,-0.017938,-0.017808,1.3089
2026-06-08T07:18:47.355862+00:00Z,gate,mexc,ESPORTSUSDT,0.7068,0.109,0.10976,-0.008343,-0.017938,-0.009595,0.7164
2026-06-08T07:18:49.359304+00:00Z,bybit,mexc,ESPORTSUSDT,0.7427,0.10898,0.10977,-0.00013,-0.017938,-0.017808,0.7605
2026-06-08T07:18:51.375084+00:00Z,bybit,mexc,ESPORTSUSDT,1.3726,0.10924,0.11072,-0.00013,-0.017938,-0.017808,1.3904
2026-06-08T07:18:51.375084+00:00Z,gate,mexc,ESPORTSUSDT,0.7191,0.10994,0.11072,-0.008343,-0.017938,-0.009595,0.7287
2026-06-08T07:18:53.378403+00:00Z,bybit,mexc,ESPORTSUSDT,0.9716,0.10904,0.11008,-0.00013,-0.017938,-0.017808,0.9894
2026-06-08T07:18:55.393947+00:00Z,bybit,mexc,ESPORTSUSDT,1.2,0.10912,0.11041,-0.00013,-0.017938,-0.017808,1.2178
2026-06-08T07:18:55.393947+00:00Z,gate,mexc,ESPORTSUSDT,0.6568,0.1097,0.11041,-0.008343,-0.017938,-0.009595,0.6664
2026-06-08T07:18:57.409380+00:00Z,bybit,mexc,ESPORTSUSDT,1.0734,0.10989,0.11105,-0.00013,-0.017938,-0.017808,1.0912
2026-06-08T07:18:59.425189+00:00Z,bybit,mexc,ESPORTSUSDT,1.3545,0.11072,0.1122,-0.00013,-0.017938,-0.017808,1.3723
2026-06-08T07:18:59.425189+00:00Z,gate,mexc,ESPORTSUSDT,0.7639,0.11136,0.1122,-0.008343,-0.017938,-0.009595,0.7735
2026-06-08T07:19:01.440018+00:00Z,bybit,mexc,ESPORTSUSDT,1.084,0.11067,0.11185,-0.00013,-0.017938,-0.017808,1.1018
2026-06-08T07:19:05.456181+00:00Z,bybit,mexc,ESPORTSUSDT,0.826,0.10888,0.10976,-0.00013,-0.017854,-0.017724,0.8437
2026-06-08T07:19:07.472600+00:00Z,bybit,mexc,ESPORTSUSDT,1.2181,0.10913,0.11044,-0.00013,-0.017854,-0.017724,1.2359
2026-06-08T07:19:09.488083+00:00Z,bybit,mexc,ESPORTSUSDT,1.0546,0.10895,0.11008,-0.000391,-0.017854,-0.017463,1.0721
2026-06-08T07:19:11.505358+00:00Z,bybit,mexc,ESPORTSUSDT,0.9353,0.11004,0.11105,-0.000391,-0.017854,-0.017463,0.9528
2026-06-08T07:19:11.505358+00:00Z,gate,mexc,ESPORTSUSDT,0.5527,0.11045,0.11105,-0.008343,-0.017854,-0.009511,0.5623
2026-06-08T07:19:15.508863+00:00Z,bybit,mexc,ESPORTSUSDT,1.7718,0.10944,0.11136,-0.000391,-0.017854,-0.017463,1.7893
2026-06-08T07:19:15.508863+00:00Z,gate,mexc,ESPORTSUSDT,1.2459,0.11,0.11136,-0.008343,-0.017854,-0.009511,1.2554
2026-06-08T07:19:17.526159+00:00Z,bybit,mexc,ESPORTSUSDT,1.2464,0.10904,0.11038,-0.000391,-0.017854,-0.017463,1.2638
2026-06-08T07:19:17.526159+00:00Z,gate,mexc,ESPORTSUSDT,0.5744,0.10976,0.11038,-0.008343,-0.017854,-0.009511,0.5839
2026-06-08T07:19:19.544273+00:00Z,bybit,mexc,ESPORTSUSDT,0.9499,0.10939,0.11041,-0.000391,-0.017854,-0.017463,0.9674
2026-06-08T07:19:23.561103+00:00Z,bybit,mexc,ESPORTSUSDT,1.4207,0.10903,0.11056,-0.000391,-0.017854,-0.017463,1.4382
2026-06-08T07:19:23.561103+00:00Z,gate,mexc,ESPORTSUSDT,0.6375,0.10987,0.11056,-0.008343,-0.017854,-0.009511,0.647
2026-06-08T07:19:27.581749+00:00Z,bybit,mexc,ESPORTSUSDT,2.1388,0.10842,0.11072,-0.000391,-0.017854,-0.017463,2.1563
2026-06-08T07:19:27.581749+00:00Z,gate,mexc,ESPORTSUSDT,1.3829,0.10922,0.11072,-0.008343,-0.017854,-0.009511,1.3924
2026-06-08T07:19:29.585401+00:00Z,bybit,mexc,ESPORTSUSDT,1.5114,0.10844,0.11006,-0.000391,-0.017854,-0.017463,1.5288
2026-06-08T07:19:29.585401+00:00Z,gate,mexc,ESPORTSUSDT,0.7602,0.10924,0.11006,-0.008343,-0.017854,-0.009511,0.7697
2026-06-08T07:19:31.588109+00:00Z,bybit,mexc,ESPORTSUSDT,1.3775,0.10735,0.10881,-0.000391,-0.017854,-0.017463,1.395
2026-06-08T07:19:31.588109+00:00Z,gate,mexc,ESPORTSUSDT,0.6198,0.10815,0.10881,-0.008343,-0.017854,-0.009511,0.6293
2026-06-08T07:19:33.605730+00:00Z,bybit,mexc,ESPORTSUSDT,1.0544,0.10801,0.10913,-0.000391,-0.017854,-0.017463,1.0719
2026-06-08T07:19:33.605730+00:00Z,gate,mexc,ESPORTSUSDT,0.6273,0.10846,0.10913,-0.008247,-0.017854,-0.009607,0.637
2026-06-08T07:19:35.608443+00:00Z,bybit,mexc,ESPORTSUSDT,1.166,0.10796,0.1092,-0.000391,-0.017854,-0.017463,1.1835
2026-06-08T07:19:35.608443+00:00Z,gate,mexc,ESPORTSUSDT,0.6826,0.10847,0.1092,-0.008247,-0.017854,-0.009607,0.6922
2026-06-08T07:19:37.627680+00:00Z,bybit,mexc,ESPORTSUSDT,2.4949,0.10656,0.1092,-0.000391,-0.017854,-0.017463,2.5124
2026-06-08T07:19:37.627680+00:00Z,gate,mexc,ESPORTSUSDT,1.9038,0.10717,0.1092,-0.008247,-0.017854,-0.009607,1.9134
2026-06-08T07:19:39.643655+00:00Z,bybit,mexc,ESPORTSUSDT,2.3125,0.10675,0.1092,-0.000391,-0.017854,-0.017463,2.33
2026-06-08T07:19:39.643655+00:00Z,gate,mexc,ESPORTSUSDT,1.8373,0.10724,0.1092,-0.008247,-0.017854,-0.009607,1.8469
2026-06-08T07:19:41.660150+00:00Z,bybit,mexc,ESPORTSUSDT,2.1213,0.10695,0.1092,-0.000391,-0.017854,-0.017463,2.1387
2026-06-08T07:19:41.660150+00:00Z,gate,mexc,ESPORTSUSDT,1.7045,0.10738,0.1092,-0.008247,-0.017854,-0.009607,1.7141
2026-06-08T07:19:43.677317+00:00Z,bybit,mexc,ESPORTSUSDT,2.2168,0.10685,0.1092,-0.000391,-0.017854,-0.017463,2.2343
2026-06-08T07:19:43.677317+00:00Z,gate,mexc,ESPORTSUSDT,1.8658,0.10721,0.1092,-0.008247,-0.017854,-0.009607,1.8754
2026-06-08T07:19:45.694667+00:00Z,bybit,mexc,ESPORTSUSDT,2.1117,0.10696,0.1092,-0.000391,-0.017854,-0.017463,2.1292
2026-06-08T07:19:45.694667+00:00Z,gate,mexc,ESPORTSUSDT,1.7614,0.10732,0.1092,-0.008247,-0.017854,-0.009607,1.771
2026-06-08T07:19:47.711744+00:00Z,bybit,mexc,ESPORTSUSDT,1.8831,0.1072,0.1092,-0.000391,-0.017854,-0.017463,1.9006
2026-06-08T07:19:47.711744+00:00Z,gate,mexc,ESPORTSUSDT,1.6477,0.10744,0.1092,-0.008247,-0.017854,-0.009607,1.6573
2026-06-08T07:19:49.727197+00:00Z,bybit,mexc,ESPORTSUSDT,1.5894,0.10751,0.1092,-0.000391,-0.017854,-0.017463,1.6069
2026-06-08T07:19:49.727197+00:00Z,gate,mexc,ESPORTSUSDT,1.1301,0.10799,0.1092,-0.008247,-0.017854,-0.009607,1.1397
2026-06-08T07:19:51.754186+00:00Z,gate,mexc,ESPORTSUSDT,1.6951,0.10739,0.1092,-0.008247,-0.017854,-0.009607,1.7047
2026-06-08T07:19:51.754186+00:00Z,bybit,mexc,ESPORTSUSDT,1.6934,0.1074,0.1092,-0.000391,-0.017854,-0.017463,1.7109
2026-06-08T07:19:53.782923+00:00Z,bybit,mexc,ESPORTSUSDT,1.7124,0.10738,0.1092,-0.000391,-0.017854,-0.017463,1.7298
2026-06-08T07:19:53.782923+00:00Z,gate,mexc,ESPORTSUSDT,1.6005,0.10749,0.1092,-0.008247,-0.017854,-0.009607,1.6101
2026-06-08T07:19:55.800186+00:00Z,bybit,mexc,ESPORTSUSDT,1.6934,0.1074,0.1092,-0.000391,-0.017854,-0.017463,1.7109
2026-06-08T07:19:55.800186+00:00Z,gate,mexc,ESPORTSUSDT,1.5438,0.10755,0.1092,-0.008247,-0.017854,-0.009607,1.5534
2026-06-08T07:19:57.819115+00:00Z,bybit,mexc,ESPORTSUSDT,2.1786,0.10689,0.1092,-0.000391,-0.017854,-0.017463,2.196
2026-06-08T07:19:57.819115+00:00Z,gate,mexc,ESPORTSUSDT,1.6761,0.10741,0.1092,-0.008247,-0.017854,-0.009607,1.6857
2026-06-08T07:19:59.821709+00:00Z,bybit,mexc,ESPORTSUSDT,2.2168,0.10685,0.1092,-0.000391,-0.017854,-0.017463,2.2343
2026-06-08T07:19:59.821709+00:00Z,gate,mexc,ESPORTSUSDT,1.7519,0.10733,0.1092,-0.008247,-0.017854,-0.009607,1.7615
2026-06-08T07:20:01.833032+00:00Z,bybit,mexc,ESPORTSUSDT,1.5989,0.1075,0.1092,-0.000391,-0.017854,-0.017463,1.6163
2026-06-08T07:20:01.833032+00:00Z,gate,mexc,ESPORTSUSDT,1.2801,0.10783,0.1092,-0.008247,-0.017854,-0.009607,1.2897
2026-06-08T07:20:03.865658+00:00Z,bybit,mexc,ESPORTSUSDT,1.3538,0.10776,0.1092,-0.000391,-0.017854,-0.017463,1.3712
2026-06-08T07:20:03.865658+00:00Z,mexc,bybit,ALLOUSDT,0.9137,0.4256,0.42949,-0.00041,-0.000125,0.000285,0.9134
2026-06-08T07:20:03.865658+00:00Z,gate,mexc,ESPORTSUSDT,0.8965,0.10824,0.1092,-0.008247,-0.017854,-0.009607,0.9061
2026-06-08T07:20:03.865658+00:00Z,mexc,gate,ALLOUSDT,0.8127,0.4256,0.42906,-0.00041,-0.000129,0.000281,0.8124
2026-06-08T07:20:05.886876+00:00Z,bybit,mexc,ESPORTSUSDT,1.1196,0.10888,0.11008,-0.000391,-0.017854,-0.017463,1.1371
2026-06-08T07:20:05.886876+00:00Z,gate,mexc,ESPORTSUSDT,0.6588,0.10937,0.11008,-0.008247,-0.017854,-0.009607,0.6684
2026-06-08T07:20:07.903615+00:00Z,bybit,mexc,ESPORTSUSDT,1.7029,0.10858,0.11041,-0.000391,-0.017854,-0.017463,1.7203
2026-06-08T07:20:07.903615+00:00Z,gate,mexc,ESPORTSUSDT,1.2382,0.10907,0.11041,-0.008247,-0.017854,-0.009607,1.2478
2026-06-08T07:20:09.919700+00:00Z,bybit,mexc,ESPORTSUSDT,1.1844,0.10881,0.11008,-0.000602,-0.017854,-0.017252,1.2017
2026-06-08T07:20:09.919700+00:00Z,gate,mexc,ESPORTSUSDT,0.8801,0.10913,0.11008,-0.008247,-0.017854,-0.009607,0.8897
2026-06-08T07:20:11.934815+00:00Z,bybit,mexc,ESPORTSUSDT,0.8323,0.10919,0.11008,-0.000602,-0.017854,-0.017252,0.8496
2026-06-08T07:20:11.934815+00:00Z,gate,mexc,ESPORTSUSDT,0.714,0.10931,0.11008,-0.008247,-0.017854,-0.009607,0.7236
2026-06-08T07:20:13.938152+00:00Z,bybit,mexc,ESPORTSUSDT,1.0173,0.10899,0.11008,-0.000602,-0.017854,-0.017252,1.0346
2026-06-08T07:20:13.938152+00:00Z,gate,mexc,ESPORTSUSDT,0.6312,0.1094,0.11008,-0.008247,-0.017854,-0.009607,0.6408
2026-06-08T07:20:15.955501+00:00Z,bybit,mexc,ESPORTSUSDT,1.1776,0.10945,0.11072,-0.000602,-0.017854,-0.017252,1.1949
2026-06-08T07:20:15.955501+00:00Z,gate,mexc,ESPORTSUSDT,0.5819,0.11009,0.11072,-0.008247,-0.017854,-0.009607,0.5915
2026-06-08T07:20:17.958982+00:00Z,bybit,mexc,ESPORTSUSDT,1.0276,0.10986,0.11097,-0.000602,-0.017854,-0.017252,1.0449
2026-06-08T07:20:17.958982+00:00Z,gate,mexc,ESPORTSUSDT,0.6079,0.11031,0.11097,-0.008247,-0.017854,-0.009607,0.6175
2026-06-08T07:20:19.987601+00:00Z,bybit,mexc,ESPORTSUSDT,1.5067,0.10944,0.11107,-0.000602,-0.017854,-0.017252,1.5239
2026-06-08T07:20:19.987601+00:00Z,gate,mexc,ESPORTSUSDT,0.8448,0.11015,0.11107,-0.008247,-0.017854,-0.009607,0.8544
2026-06-08T07:20:22.002610+00:00Z,bybit,mexc,ESPORTSUSDT,1.3721,0.10924,0.11072,-0.000602,-0.017854,-0.017252,1.3893
2026-06-08T07:20:22.002610+00:00Z,gate,mexc,ESPORTSUSDT,0.921,0.10972,0.11072,-0.008247,-0.017854,-0.009607,0.9306
2026-06-08T07:20:24.019103+00:00Z,bybit,mexc,ESPORTSUSDT,1.0853,0.10955,0.11072,-0.000602,-0.017854,-0.017252,1.1025
2026-06-08T07:20:24.019103+00:00Z,gate,mexc,ESPORTSUSDT,0.8291,0.10982,0.11072,-0.008247,-0.017854,-0.009607,0.8387
2026-06-08T07:20:26.022697+00:00Z,bybit,mexc,ESPORTSUSDT,1.4556,0.10915,0.11072,-0.000602,-0.017854,-0.017252,1.4729
2026-06-08T07:20:26.022697+00:00Z,gate,mexc,ESPORTSUSDT,0.8291,0.10982,0.11072,-0.008247,-0.017854,-0.009607,0.8387
2026-06-08T07:20:28.037647+00:00Z,bybit,mexc,ESPORTSUSDT,1.0945,0.10954,0.11072,-0.000602,-0.017854,-0.017252,1.1117
2026-06-08T07:20:28.037647+00:00Z,gate,mexc,ESPORTSUSDT,0.8016,0.10985,0.11072,-0.008247,-0.017854,-0.009607,0.8112
2026-06-08T07:20:30.056465+00:00Z,gate,mexc,ESPORTSUSDT,0.8567,0.10979,0.11072,-0.008247,-0.017854,-0.009607,0.8663
2026-06-08T07:20:30.056465+00:00Z,bybit,mexc,ESPORTSUSDT,0.8551,0.1098,0.11072,-0.000602,-0.017854,-0.017252,0.8724
2026-06-08T07:20:32.072564+00:00Z,bybit,mexc,ESPORTSUSDT,0.8858,0.10938,0.11033,-0.000602,-0.017854,-0.017252,0.903
2026-06-08T07:20:32.072564+00:00Z,gate,mexc,ESPORTSUSDT,0.6114,0.10967,0.11033,-0.008247,-0.017854,-0.009607,0.621
2026-06-08T07:20:34.088242+00:00Z,bybit,mexc,ESPORTSUSDT,1.0582,0.10952,0.11066,-0.000602,-0.017854,-0.017252,1.0754
2026-06-08T07:20:34.088242+00:00Z,gate,mexc,ESPORTSUSDT,0.5822,0.11003,0.11066,-0.008178,-0.017854,-0.009676,0.5919
2026-06-08T07:20:36.092596+00:00Z,bybit,mexc,ESPORTSUSDT,1.4309,0.10823,0.10976,-0.000602,-0.017854,-0.017252,1.4482
2026-06-08T07:20:36.092596+00:00Z,gate,mexc,ESPORTSUSDT,0.8457,0.10885,0.10976,-0.008178,-0.017854,-0.009676,0.8554
2026-06-08T07:20:38.109018+00:00Z,bybit,mexc,ESPORTSUSDT,1.1629,0.10824,0.10948,-0.000602,-0.017854,-0.017252,1.1801
2026-06-08T07:20:38.109018+00:00Z,gate,mexc,ESPORTSUSDT,0.5977,0.10884,0.10948,-0.008178,-0.017854,-0.009676,0.6074
2026-06-08T07:20:40.126197+00:00Z,bybit,mexc,ESPORTSUSDT,1.5197,0.10849,0.11012,-0.000602,-0.017854,-0.017252,1.5369
2026-06-08T07:20:40.126197+00:00Z,gate,mexc,ESPORTSUSDT,0.8614,0.10919,0.11012,-0.008178,-0.017854,-0.009676,0.8711
2026-06-08T07:20:42.142624+00:00Z,bybit,mexc,ESPORTSUSDT,1.262,0.10846,0.10981,-0.000602,-0.017854,-0.017252,1.2792
2026-06-08T07:20:42.142624+00:00Z,gate,mexc,ESPORTSUSDT,0.9287,0.10881,0.10981,-0.008178,-0.017854,-0.009676,0.9384
2026-06-08T07:20:44.160068+00:00Z,bybit,mexc,ESPORTSUSDT,1.1196,0.10795,0.10914,-0.000602,-0.017854,-0.017252,1.1369
2026-06-08T07:20:44.160068+00:00Z,gate,mexc,ESPORTSUSDT,0.5995,0.1085,0.10914,-0.008178,-0.017854,-0.009676,0.6092
2026-06-08T07:20:46.175631+00:00Z,bybit,mexc,ESPORTSUSDT,1.5042,0.1076,0.1092,-0.000602,-0.017854,-0.017252,1.5215
2026-06-08T07:20:46.175631+00:00Z,gate,mexc,ESPORTSUSDT,0.757,0.10839,0.1092,-0.008178,-0.017854,-0.009676,0.7667
2026-06-08T07:20:48.194284+00:00Z,bybit,mexc,ESPORTSUSDT,1.685,0.10733,0.10912,-0.000602,-0.017854,-0.017252,1.7023
2026-06-08T07:20:48.194284+00:00Z,gate,mexc,ESPORTSUSDT,0.7761,0.10829,0.10912,-0.008178,-0.017854,-0.009676,0.7858
2026-06-08T07:20:48.194284+00:00Z,bybit,gate,ESPORTSUSDT,0.6505,0.10733,0.10802,-0.000602,-0.008178,-0.007576,0.658
2026-06-08T07:20:50.214980+00:00Z,bybit,mexc,ESPORTSUSDT,0.8884,0.1079,0.10884,-0.000602,-0.017854,-0.017252,0.9057
2026-06-08T07:20:50.214980+00:00Z,gate,mexc,ESPORTSUSDT,0.564,0.10824,0.10884,-0.008178,-0.017854,-0.009676,0.5737
2026-06-08T07:20:52.231444+00:00Z,bybit,mexc,ESPORTSUSDT,1.6808,0.107,0.10878,-0.000602,-0.017854,-0.017252,1.6981
2026-06-08T07:20:52.231444+00:00Z,gate,mexc,ESPORTSUSDT,0.9375,0.10778,0.10878,-0.008178,-0.017854,-0.009676,0.9472
2026-06-08T07:20:52.231444+00:00Z,bybit,gate,ESPORTSUSDT,0.5309,0.107,0.10756,-0.000602,-0.008178,-0.007576,0.5385
2026-06-08T07:20:54.247992+00:00Z,bybit,mexc,ESPORTSUSDT,1.255,0.10745,0.10878,-0.000602,-0.017854,-0.017252,1.2723
2026-06-08T07:20:54.247992+00:00Z,gate,mexc,ESPORTSUSDT,0.8346,0.10789,0.10878,-0.008178,-0.017854,-0.009676,0.8443
2026-06-08T07:20:56.265860+00:00Z,bybit,mexc,ESPORTSUSDT,1.3835,0.10759,0.10906,-0.000602,-0.017854,-0.017252,1.4008
2026-06-08T07:20:56.265860+00:00Z,gate,mexc,ESPORTSUSDT,0.9257,0.10807,0.10906,-0.008178,-0.017854,-0.009676,0.9354
2026-06-08T07:20:58.269659+00:00Z,bybit,mexc,ESPORTSUSDT,1.5798,0.10752,0.1092,-0.000602,-0.017854,-0.017252,1.597
2026-06-08T07:20:58.269659+00:00Z,gate,mexc,ESPORTSUSDT,0.878,0.10826,0.1092,-0.008178,-0.017854,-0.009676,0.8876
2026-06-08T07:21:00.274449+00:00Z,bybit,mexc,ESPORTSUSDT,1.1104,0.10795,0.10913,-0.000602,-0.017854,-0.017252,1.1276
2026-06-08T07:21:02.288993+00:00Z,bybit,mexc,ESPORTSUSDT,1.4883,0.10809,0.10968,-0.000602,-0.017932,-0.01733,1.5057
2026-06-08T07:21:02.288993+00:00Z,gate,mexc,ESPORTSUSDT,0.7815,0.10884,0.10968,-0.008178,-0.017932,-0.009754,0.7913
2026-06-08T07:21:08.302441+00:00Z,bybit,mexc,ESPORTSUSDT,1.4691,0.10883,0.11041,-0.000602,-0.017932,-0.01733,1.4865
2026-06-08T07:21:08.302441+00:00Z,gate,mexc,ESPORTSUSDT,0.804,0.10954,0.11041,-0.008178,-0.017932,-0.009754,0.8137
2026-06-08T07:21:10.321876+00:00Z,bybit,mexc,ESPORTSUSDT,0.9588,0.10938,0.11041,-0.000833,-0.017932,-0.017099,0.9759
2026-06-08T07:21:10.321876+00:00Z,gate,mexc,ESPORTSUSDT,0.6661,0.10969,0.11041,-0.008178,-0.017932,-0.009754,0.6759
2026-06-08T07:21:12.336895+00:00Z,bybit,mexc,ESPORTSUSDT,1.2514,0.10937,0.11072,-0.000833,-0.017932,-0.017099,1.2685
2026-06-08T07:21:12.336895+00:00Z,gate,mexc,ESPORTSUSDT,0.9488,0.10969,0.11072,-0.008178,-0.017932,-0.009754,0.9585
2026-06-08T07:21:14.354887+00:00Z,bybit,mexc,ESPORTSUSDT,1.2627,0.10918,0.11054,-0.000833,-0.017932,-0.017099,1.2798
2026-06-08T07:21:14.354887+00:00Z,gate,mexc,ESPORTSUSDT,0.7755,0.1097,0.11054,-0.008178,-0.017932,-0.009754,0.7852
2026-06-08T07:21:16.374559+00:00Z,bybit,mexc,ESPORTSUSDT,1.5586,0.11028,0.11198,-0.000833,-0.017932,-0.017099,1.5757
2026-06-08T07:21:16.374559+00:00Z,gate,mexc,ESPORTSUSDT,1.0474,0.11083,0.11198,-0.008178,-0.017932,-0.009754,1.0571
2026-06-08T07:21:18.391909+00:00Z,bybit,mexc,ESPORTSUSDT,1.0788,0.1102,0.11137,-0.000833,-0.017932,-0.017099,1.0959
2026-06-08T07:21:20.407668+00:00Z,bybit,mexc,ESPORTSUSDT,0.8125,0.11064,0.11152,-0.000833,-0.017932,-0.017099,0.8296
2026-06-08T07:21:22.423703+00:00Z,bybit,mexc,ESPORTSUSDT,1.385,0.11112,0.11264,-0.000833,-0.017932,-0.017099,1.4021
2026-06-08T07:21:22.423703+00:00Z,gate,mexc,ESPORTSUSDT,0.6981,0.11187,0.11264,-0.008178,-0.017932,-0.009754,0.7078
2026-06-08T07:21:24.440882+00:00Z,bybit,mexc,ESPORTSUSDT,1.0666,0.11053,0.11169,-0.000833,-0.017932,-0.017099,1.0837
2026-06-08T07:21:26.455357+00:00Z,bybit,mexc,ESPORTSUSDT,0.7811,0.11125,0.1121,-0.000833,-0.017932,-0.017099,0.7982
2026-06-08T07:21:26.455357+00:00Z,gate,mexc,ESPORTSUSDT,0.7376,0.11129,0.1121,-0.008178,-0.017932,-0.009754,0.7473
2026-06-08T07:21:28.458675+00:00Z,bybit,mexc,ESPORTSUSDT,0.9816,0.11094,0.11201,-0.000833,-0.017932,-0.017099,0.9987
2026-06-08T07:21:28.458675+00:00Z,gate,mexc,ESPORTSUSDT,0.5483,0.11141,0.11201,-0.008178,-0.017932,-0.009754,0.5581
2026-06-08T07:21:30.476678+00:00Z,bybit,mexc,ESPORTSUSDT,1.243,0.11094,0.1123,-0.000833,-0.017932,-0.017099,1.2601
2026-06-08T07:21:30.476678+00:00Z,gate,mexc,ESPORTSUSDT,0.6821,0.11155,0.1123,-0.008178,-0.017932,-0.009754,0.6919
2026-06-08T07:21:32.493195+00:00Z,bybit,mexc,ESPORTSUSDT,1.4215,0.11108,0.11264,-0.000833,-0.017932,-0.017099,1.4386
2026-06-08T07:21:32.493195+00:00Z,gate,mexc,ESPORTSUSDT,0.8874,0.11166,0.11264,-0.008178,-0.017932,-0.009754,0.8972
2026-06-08T07:21:34.510204+00:00Z,bybit,mexc,ESPORTSUSDT,1.4865,0.11093,0.11256,-0.000833,-0.017932,-0.017099,1.5036
2026-06-08T07:21:34.510204+00:00Z,gate,mexc,ESPORTSUSDT,0.8881,0.11158,0.11256,-0.008105,-0.017932,-0.009827,0.8979
2026-06-08T07:21:36.525332+00:00Z,bybit,mexc,ESPORTSUSDT,1.5202,0.11044,0.1121,-0.000833,-0.017932,-0.017099,1.5373
2026-06-08T07:21:36.525332+00:00Z,gate,mexc,ESPORTSUSDT,0.8827,0.11113,0.1121,-0.008105,-0.017932,-0.009827,0.8925
2026-06-08T07:21:38.543020+00:00Z,bybit,mexc,ESPORTSUSDT,1.557,0.1104,0.1121,-0.000833,-0.017932,-0.017099,1.5741
2026-06-08T07:21:38.543020+00:00Z,gate,mexc,ESPORTSUSDT,0.9644,0.11104,0.1121,-0.008105,-0.017932,-0.009827,0.9743
2026-06-08T07:21:40.558580+00:00Z,bybit,mexc,ESPORTSUSDT,1.4387,0.11044,0.11201,-0.000833,-0.017932,-0.017099,1.4558
2026-06-08T07:21:40.558580+00:00Z,gate,mexc,ESPORTSUSDT,0.8017,0.11113,0.11201,-0.008105,-0.017932,-0.009827,0.8115
2026-06-08T07:21:42.561488+00:00Z,bybit,mexc,ESPORTSUSDT,1.5321,0.11023,0.1119,-0.000833,-0.017932,-0.017099,1.5492
2026-06-08T07:21:42.561488+00:00Z,gate,mexc,ESPORTSUSDT,0.9662,0.11084,0.1119,-0.008105,-0.017932,-0.009827,0.976
2026-06-08T07:21:44.577393+00:00Z,bybit,mexc,ESPORTSUSDT,1.1617,0.11008,0.11134,-0.000833,-0.017932,-0.017099,1.1788
2026-06-08T07:21:44.577393+00:00Z,gate,mexc,ESPORTSUSDT,0.6425,0.11064,0.11134,-0.008105,-0.017932,-0.009827,0.6523
2026-06-08T07:21:46.581031+00:00Z,bybit,mexc,ESPORTSUSDT,1.2923,0.11057,0.11198,-0.000833,-0.017932,-0.017099,1.3094
2026-06-08T07:21:46.581031+00:00Z,gate,mexc,ESPORTSUSDT,0.6841,0.11123,0.11198,-0.008105,-0.017932,-0.009827,0.6939
2026-06-08T07:21:48.604272+00:00Z,bybit,mexc,ESPORTSUSDT,1.2703,0.11092,0.11231,-0.000833,-0.017932,-0.017099,1.2874
2026-06-08T07:21:48.604272+00:00Z,gate,mexc,ESPORTSUSDT,0.7363,0.1115,0.11231,-0.008105,-0.017932,-0.009827,0.7461
2026-06-08T07:21:52.608179+00:00Z,bybit,mexc,ESPORTSUSDT,1.3628,0.11147,0.11297,-0.000833,-0.017932,-0.017099,1.3799
2026-06-08T07:21:52.608179+00:00Z,gate,mexc,ESPORTSUSDT,0.8219,0.11206,0.11297,-0.008105,-0.017932,-0.009827,0.8317
2026-06-08T07:21:56.630533+00:00Z,bybit,mexc,ESPORTSUSDT,1.1302,0.1114,0.11264,-0.000833,-0.017932,-0.017099,1.1473
2026-06-08T07:21:56.630533+00:00Z,gate,mexc,ESPORTSUSDT,0.6981,0.11187,0.11264,-0.008105,-0.017932,-0.009827,0.708
2026-06-08T07:21:58.633716+00:00Z,bybit,mexc,ESPORTSUSDT,0.9942,0.11155,0.11264,-0.000833,-0.017932,-0.017099,1.0113
2026-06-08T07:21:58.633716+00:00Z,gate,mexc,ESPORTSUSDT,0.6442,0.11193,0.11264,-0.008105,-0.017932,-0.009827,0.654
2026-06-08T07:22:00.649552+00:00Z,bybit,mexc,ESPORTSUSDT,1.0998,0.11176,0.11297,-0.000833,-0.017932,-0.017099,1.1169
2026-06-08T07:22:00.649552+00:00Z,gate,mexc,ESPORTSUSDT,0.723,0.11217,0.11297,-0.008105,-0.017932,-0.009827,0.7329
2026-06-08T07:22:04.654852+00:00Z,bybit,mexc,ESPORTSUSDT,1.0333,0.1112,0.11233,-0.000833,-0.017932,-0.017099,1.0504
2026-06-08T07:22:04.654852+00:00Z,gate,mexc,ESPORTSUSDT,0.7542,0.1115,0.11233,-0.008105,-0.017932,-0.009827,0.764
2026-06-08T07:22:06.687667+00:00Z,bybit,mexc,ESPORTSUSDT,0.8568,0.11194,0.11288,-0.000833,-0.017932,-0.017099,0.8739
2026-06-08T07:22:06.687667+00:00Z,gate,mexc,ESPORTSUSDT,0.6338,0.11218,0.11288,-0.008105,-0.017932,-0.009827,0.6437
2026-06-08T07:22:08.703107+00:00Z,bybit,mexc,ESPORTSUSDT,1.4033,0.11108,0.11262,-0.000999,-0.017932,-0.016933,1.4203
2026-06-08T07:22:08.703107+00:00Z,gate,mexc,ESPORTSUSDT,0.8425,0.11169,0.11262,-0.008105,-0.017932,-0.009827,0.8523
2026-06-08T07:22:08.703107+00:00Z,bybit,gate,ESPORTSUSDT,0.5293,0.11108,0.11166,-0.000999,-0.008105,-0.007106,0.5364
2026-06-08T07:22:10.719164+00:00Z,bybit,mexc,ESPORTSUSDT,1.2151,0.111,0.11233,-0.000999,-0.017932,-0.016933,1.2321
2026-06-08T07:22:10.719164+00:00Z,gate,mexc,ESPORTSUSDT,0.673,0.11159,0.11233,-0.008105,-0.017932,-0.009827,0.6828
2026-06-08T07:22:12.735095+00:00Z,bybit,mexc,ESPORTSUSDT,1.109,0.1108,0.11201,-0.000999,-0.017932,-0.016933,1.1259
2026-06-08T07:22:12.735095+00:00Z,gate,mexc,ESPORTSUSDT,0.6206,0.11133,0.11201,-0.008105,-0.017932,-0.009827,0.6305
2026-06-08T07:22:14.762635+00:00Z,bybit,mexc,ESPORTSUSDT,1.2405,0.11033,0.11168,-0.000999,-0.017932,-0.016933,1.2575
2026-06-08T07:22:14.762635+00:00Z,gate,mexc,ESPORTSUSDT,0.5681,0.11106,0.11168,-0.008105,-0.017932,-0.009827,0.5779
2026-06-08T07:22:16.777757+00:00Z,bybit,mexc,ESPORTSUSDT,1.3439,0.10927,0.11072,-0.000999,-0.017932,-0.016933,1.3609
2026-06-08T07:22:16.777757+00:00Z,gate,mexc,ESPORTSUSDT,0.8937,0.10975,0.11072,-0.008105,-0.017932,-0.009827,0.9035
2026-06-08T07:22:18.794066+00:00Z,bybit,mexc,ESPORTSUSDT,1.2851,0.10961,0.111,-0.000999,-0.017932,-0.016933,1.302
2026-06-08T07:22:18.794066+00:00Z,gate,mexc,ESPORTSUSDT,0.6992,0.11024,0.111,-0.008105,-0.017932,-0.009827,0.7091
2026-06-08T07:22:24.812166+00:00Z,bybit,mexc,ESPORTSUSDT,0.8158,0.11016,0.11104,-0.000999,-0.017932,-0.016933,0.8327
2026-06-08T07:22:24.812166+00:00Z,gate,mexc,ESPORTSUSDT,0.6534,0.11033,0.11104,-0.008105,-0.017932,-0.009827,0.6632
2026-06-08T07:22:26.828125+00:00Z,bybit,mexc,ESPORTSUSDT,1.3731,0.10987,0.11136,-0.000999,-0.017932,-0.016933,1.39
2026-06-08T07:22:26.828125+00:00Z,gate,mexc,ESPORTSUSDT,0.8977,0.11038,0.11136,-0.008105,-0.017932,-0.009827,0.9075
2026-06-08T07:22:28.830832+00:00Z,bybit,mexc,ESPORTSUSDT,1.5149,0.11015,0.1118,-0.000999,-0.017932,-0.016933,1.5318
2026-06-08T07:22:28.830832+00:00Z,gate,mexc,ESPORTSUSDT,0.9306,0.11078,0.1118,-0.008105,-0.017932,-0.009827,0.9404
2026-06-08T07:22:30.846689+00:00Z,bybit,mexc,ESPORTSUSDT,1.213,0.11036,0.11168,-0.000999,-0.017932,-0.016933,1.23
2026-06-08T07:22:30.846689+00:00Z,gate,mexc,ESPORTSUSDT,0.7313,0.11088,0.11168,-0.008105,-0.017932,-0.009827,0.7412
2026-06-08T07:22:32.850686+00:00Z,bybit,mexc,ESPORTSUSDT,0.8568,0.11073,0.11166,-0.000999,-0.017932,-0.016933,0.8737
2026-06-08T07:22:32.850686+00:00Z,gate,mexc,ESPORTSUSDT,0.7224,0.11087,0.11166,-0.008105,-0.017932,-0.009827,0.7322
2026-06-08T07:22:34.865971+00:00Z,bybit,mexc,ESPORTSUSDT,0.7759,0.11067,0.11151,-0.000999,-0.017932,-0.016933,0.7929
2026-06-08T07:22:34.865971+00:00Z,gate,mexc,ESPORTSUSDT,0.6053,0.11085,0.11151,-0.008007,-0.017932,-0.009925,0.6152
2026-06-08T07:22:36.885532+00:00Z,bybit,mexc,ESPORTSUSDT,1.3613,0.11083,0.11232,-0.000999,-0.017932,-0.016933,1.3783
2026-06-08T07:22:36.885532+00:00Z,gate,mexc,ESPORTSUSDT,0.8448,0.11139,0.11232,-0.008007,-0.017932,-0.009925,0.8548
2026-06-08T07:22:38.901896+00:00Z,bybit,mexc,ESPORTSUSDT,1.554,0.1106,0.1123,-0.000999,-0.017932,-0.016933,1.5709
2026-06-08T07:22:38.901896+00:00Z,gate,mexc,ESPORTSUSDT,1.0082,0.11119,0.1123,-0.008007,-0.017932,-0.009925,1.0181
2026-06-08T07:22:40.917119+00:00Z,bybit,mexc,ESPORTSUSDT,1.1641,0.11071,0.11198,-0.000999,-0.017932,-0.016933,1.181
2026-06-08T07:22:40.917119+00:00Z,gate,mexc,ESPORTSUSDT,0.6933,0.11122,0.11198,-0.008007,-0.017932,-0.009925,0.7032
2026-06-08T07:22:42.933686+00:00Z,bybit,mexc,ESPORTSUSDT,1.4827,0.11052,0.11214,-0.000999,-0.017932,-0.016933,1.4997
2026-06-08T07:22:42.933686+00:00Z,gate,mexc,ESPORTSUSDT,1.3107,0.1107,0.11214,-0.008007,-0.017932,-0.009925,1.3207
2026-06-08T07:22:44.949610+00:00Z,bybit,mexc,ESPORTSUSDT,1.245,0.11074,0.1121,-0.000999,-0.017932,-0.016933,1.262
2026-06-08T07:22:44.949610+00:00Z,gate,mexc,ESPORTSUSDT,1.0555,0.11094,0.1121,-0.008007,-0.017932,-0.009925,1.0655
2026-06-08T07:22:46.965136+00:00Z,bybit,mexc,ESPORTSUSDT,1.3704,0.11083,0.11233,-0.000999,-0.017932,-0.016933,1.3873
2026-06-08T07:22:46.965136+00:00Z,gate,mexc,ESPORTSUSDT,0.89,0.11135,0.11233,-0.008007,-0.017932,-0.009925,0.9
2026-06-08T07:22:48.980639+00:00Z,bybit,mexc,ESPORTSUSDT,1.0736,0.11073,0.1119,-0.000999,-0.017932,-0.016933,1.0905
2026-06-08T07:22:48.980639+00:00Z,gate,mexc,ESPORTSUSDT,0.558,0.11129,0.1119,-0.008007,-0.017932,-0.009925,0.568
2026-06-08T07:22:50.997235+00:00Z,bybit,mexc,ESPORTSUSDT,1.6304,0.11032,0.1121,-0.000999,-0.017932,-0.016933,1.6474
2026-06-08T07:22:50.997235+00:00Z,gate,mexc,ESPORTSUSDT,1.4028,0.11056,0.1121,-0.008007,-0.017932,-0.009925,1.4128
2026-06-08T07:22:53.014351+00:00Z,bybit,mexc,ESPORTSUSDT,0.9299,0.11063,0.11164,-0.000999,-0.017932,-0.016933,0.9468
2026-06-08T07:22:53.014351+00:00Z,gate,mexc,ESPORTSUSDT,0.8135,0.11075,0.11164,-0.008007,-0.017932,-0.009925,0.8235
2026-06-08T07:22:59.032765+00:00Z,bybit,mexc,ESPORTSUSDT,1.4704,0.11008,0.11168,-0.000999,-0.017932,-0.016933,1.4874
2026-06-08T07:22:59.032765+00:00Z,gate,mexc,ESPORTSUSDT,0.9499,0.11064,0.11168,-0.008007,-0.017932,-0.009925,0.9598
2026-06-08T07:23:01.047842+00:00Z,bybit,mexc,ESPORTSUSDT,1.147,0.10973,0.11097,-0.000999,-0.017932,-0.016933,1.1639
2026-06-08T07:23:01.047842+00:00Z,gate,mexc,ESPORTSUSDT,0.8367,0.11006,0.11097,-0.008007,-0.017932,-0.009925,0.8467
2026-06-08T07:23:03.065120+00:00Z,bybit,mexc,ESPORTSUSDT,0.85,0.11044,0.11136,-0.000999,-0.018012,-0.017013,0.8671
2026-06-08T07:23:03.065120+00:00Z,gate,mexc,ESPORTSUSDT,0.6881,0.11061,0.11136,-0.008007,-0.018012,-0.010005,0.6981
2026-06-08T07:23:05.085068+00:00Z,bybit,mexc,ESPORTSUSDT,0.5217,0.11096,0.11152,-0.000999,-0.018012,-0.017013,0.5387
2026-06-08T07:23:07.087334+00:00Z,bybit,mexc,ESPORTSUSDT,1.3849,0.11112,0.11264,-0.000999,-0.018012,-0.017013,1.4019
2026-06-08T07:23:07.087334+00:00Z,gate,mexc,ESPORTSUSDT,1.0143,0.11152,0.11264,-0.008007,-0.018012,-0.010005,1.0243
2026-06-08T07:23:09.106587+00:00Z,bybit,mexc,ESPORTSUSDT,1.124,0.1111,0.11233,-0.00117,-0.018012,-0.016842,1.1408
2026-06-08T07:23:09.106587+00:00Z,gate,mexc,ESPORTSUSDT,0.9717,0.11126,0.11233,-0.008007,-0.018012,-0.010005,0.9817
2026-06-08T07:23:13.110742+00:00Z,bybit,mexc,ESPORTSUSDT,1.0786,0.11114,0.11232,-0.00117,-0.018012,-0.016842,1.0954
2026-06-08T07:23:13.110742+00:00Z,gate,mexc,ESPORTSUSDT,0.7545,0.11149,0.11232,-0.008007,-0.018012,-0.010005,0.7645
2026-06-08T07:23:15.113817+00:00Z,bybit,mexc,ESPORTSUSDT,1.3246,0.11088,0.11233,-0.00117,-0.018012,-0.016842,1.3414
2026-06-08T07:23:15.113817+00:00Z,gate,mexc,ESPORTSUSDT,1.19,0.11102,0.11233,-0.008007,-0.018012,-0.010005,1.2
2026-06-08T07:23:17.136986+00:00Z,bybit,mexc,ESPORTSUSDT,1.239,0.11128,0.11264,-0.00117,-0.018012,-0.016842,1.2558
2026-06-08T07:23:17.136986+00:00Z,gate,mexc,ESPORTSUSDT,0.8967,0.11165,0.11264,-0.008007,-0.018012,-0.010005,0.9067
2026-06-08T07:23:19.152589+00:00Z,bybit,mexc,ESPORTSUSDT,1.3352,0.1115,0.11297,-0.00117,-0.018012,-0.016842,1.3521
2026-06-08T07:23:19.152589+00:00Z,gate,mexc,ESPORTSUSDT,0.9843,0.11188,0.11297,-0.008007,-0.018012,-0.010005,0.9943
2026-06-08T07:23:21.170070+00:00Z,bybit,mexc,ESPORTSUSDT,1.33,0.11118,0.11264,-0.00117,-0.018012,-0.016842,1.3469
2026-06-08T07:23:21.170070+00:00Z,gate,mexc,ESPORTSUSDT,1.0234,0.11151,0.11264,-0.008007,-0.018012,-0.010005,1.0334
2026-06-08T07:23:23.186713+00:00Z,bybit,mexc,ESPORTSUSDT,1.4647,0.1112,0.11281,-0.00117,-0.018012,-0.016842,1.4815
2026-06-08T07:23:23.186713+00:00Z,gate,mexc,ESPORTSUSDT,1.058,0.11164,0.11281,-0.008007,-0.018012,-0.010005,1.068
2026-06-08T07:23:25.204874+00:00Z,bybit,mexc,ESPORTSUSDT,1.0995,0.11176,0.11297,-0.00117,-0.018012,-0.016842,1.1164
2026-06-08T07:23:25.204874+00:00Z,gate,mexc,ESPORTSUSDT,0.7502,0.11214,0.11297,-0.008007,-0.018012,-0.010005,0.7602
2026-06-08T07:23:27.235232+00:00Z,bybit,mexc,ESPORTSUSDT,1.1322,0.11207,0.11332,-0.00117,-0.018012,-0.016842,1.1491
2026-06-08T07:23:27.235232+00:00Z,gate,mexc,ESPORTSUSDT,0.8644,0.11236,0.11332,-0.008007,-0.018012,-0.010005,0.8744
2026-06-08T07:23:29.250933+00:00Z,bybit,mexc,ESPORTSUSDT,1.2611,0.11252,0.11392,-0.00117,-0.018012,-0.016842,1.2779
2026-06-08T07:23:29.250933+00:00Z,gate,mexc,ESPORTSUSDT,0.985,0.11282,0.11392,-0.008007,-0.018012,-0.010005,0.995
2026-06-08T07:23:31.269896+00:00Z,bybit,mexc,ESPORTSUSDT,0.7413,0.11181,0.11262,-0.00117,-0.018012,-0.016842,0.7581
2026-06-08T07:23:33.285870+00:00Z,bybit,mexc,ESPORTSUSDT,1.386,0.11175,0.11328,-0.00117,-0.018012,-0.016842,1.4028
2026-06-08T07:23:33.285870+00:00Z,gate,mexc,ESPORTSUSDT,0.8737,0.11231,0.11328,-0.008007,-0.018012,-0.010005,0.8837
2026-06-08T07:23:35.323484+00:00Z,bybit,mexc,ESPORTSUSDT,0.9676,0.11254,0.11361,-0.00117,-0.018012,-0.016842,0.9845
2026-06-08T07:23:35.323484+00:00Z,gate,mexc,ESPORTSUSDT,0.916,0.11259,0.11361,-0.007935,-0.018012,-0.010077,0.9261
2026-06-08T07:23:37.339884+00:00Z,bybit,mexc,ESPORTSUSDT,1.241,0.11191,0.11328,-0.00117,-0.018012,-0.016842,1.2579
2026-06-08T07:23:37.339884+00:00Z,gate,mexc,ESPORTSUSDT,0.8109,0.11238,0.11328,-0.007935,-0.018012,-0.010077,0.821
2026-06-08T07:23:39.343842+00:00Z,bybit,mexc,ESPORTSUSDT,1.5677,0.11155,0.11328,-0.00117,-0.018012,-0.016842,1.5846
2026-06-08T07:23:39.343842+00:00Z,gate,mexc,ESPORTSUSDT,1.0988,0.11206,0.11328,-0.007935,-0.018012,-0.010077,1.1089
2026-06-08T07:23:41.352348+00:00Z,bybit,mexc,ESPORTSUSDT,1.0913,0.11168,0.11288,-0.00117,-0.018012,-0.016842,1.1082
2026-06-08T07:23:41.352348+00:00Z,gate,mexc,ESPORTSUSDT,0.67,0.11214,0.11288,-0.007935,-0.018012,-0.010077,0.68
2026-06-08T07:23:43.495406+00:00Z,bybit,mexc,ESPORTSUSDT,1.2535,0.11159,0.11297,-0.00117,-0.018012,-0.016842,1.2704
2026-06-08T07:23:43.495406+00:00Z,gate,mexc,ESPORTSUSDT,0.8761,0.112,0.11297,-0.007935,-0.018012,-0.010077,0.8862
2026-06-08T07:23:45.510244+00:00Z,bybit,mexc,ESPORTSUSDT,1.2989,0.11154,0.11297,-0.00117,-0.018012,-0.016842,1.3157
2026-06-08T07:23:45.510244+00:00Z,gate,mexc,ESPORTSUSDT,0.8761,0.112,0.11297,-0.007935,-0.018012,-0.010077,0.8862
2026-06-08T07:23:47.527700+00:00Z,bybit,mexc,ESPORTSUSDT,1.0574,0.11244,0.11361,-0.00117,-0.018012,-0.016842,1.0742
2026-06-08T07:23:47.527700+00:00Z,gate,mexc,ESPORTSUSDT,0.8802,0.11263,0.11361,-0.007935,-0.018012,-0.010077,0.8903
2026-06-08T07:23:49.554830+00:00Z,bybit,mexc,ESPORTSUSDT,1.4127,0.11176,0.11332,-0.00117,-0.018012,-0.016842,1.4295
2026-06-08T07:23:49.554830+00:00Z,gate,mexc,ESPORTSUSDT,1.0353,0.11217,0.11332,-0.007935,-0.018012,-0.010077,1.0454
2026-06-08T07:23:51.570860+00:00Z,bybit,mexc,ESPORTSUSDT,1.2573,0.11125,0.11263,-0.00117,-0.018012,-0.016842,1.2741
2026-06-08T07:23:51.570860+00:00Z,gate,mexc,ESPORTSUSDT,0.8246,0.11172,0.11263,-0.007935,-0.018012,-0.010077,0.8347
2026-06-08T07:23:53.587848+00:00Z,bybit,mexc,ESPORTSUSDT,1.3357,0.1107,0.11216,-0.00117,-0.018012,-0.016842,1.3526
2026-06-08T07:23:53.587848+00:00Z,gate,mexc,ESPORTSUSDT,0.9006,0.11117,0.11216,-0.007935,-0.018012,-0.010077,0.9107
2026-06-08T07:23:55.606971+00:00Z,bybit,mexc,ESPORTSUSDT,1.1299,0.1114,0.11264,-0.00117,-0.018012,-0.016842,1.1468
2026-06-08T07:23:55.606971+00:00Z,gate,mexc,ESPORTSUSDT,0.8697,0.11168,0.11264,-0.007935,-0.018012,-0.010077,0.8798
2026-06-08T07:23:57.624645+00:00Z,bybit,mexc,ESPORTSUSDT,1.3356,0.11147,0.11294,-0.00117,-0.018012,-0.016842,1.3524
2026-06-08T07:23:57.624645+00:00Z,gate,mexc,ESPORTSUSDT,0.9846,0.11185,0.11294,-0.007935,-0.018012,-0.010077,0.9947
2026-06-08T07:23:59.642634+00:00Z,bybit,mexc,ESPORTSUSDT,1.3391,0.11117,0.11264,-0.00117,-0.018012,-0.016842,1.356
2026-06-08T07:23:59.642634+00:00Z,gate,mexc,ESPORTSUSDT,0.8426,0.11171,0.11264,-0.007935,-0.018012,-0.010077,0.8527
2026-06-08T07:24:01.647426+00:00Z,bybit,mexc,ESPORTSUSDT,0.7282,0.11105,0.11184,-0.00117,-0.018012,-0.016842,0.7451
2026-06-08T07:24:03.650330+00:00Z,bybit,mexc,ESPORTSUSDT,1.595,0.11089,0.11264,-0.00117,-0.018045,-0.016875,1.6119
2026-06-08T07:24:03.650330+00:00Z,gate,mexc,ESPORTSUSDT,0.9963,0.11154,0.11264,-0.007935,-0.018045,-0.01011,1.0064
2026-06-08T07:24:05.663743+00:00Z,bybit,mexc,ESPORTSUSDT,1.1513,0.11107,0.11233,-0.00117,-0.018045,-0.016875,1.1682
2026-06-08T07:24:05.663743+00:00Z,gate,mexc,ESPORTSUSDT,0.7455,0.11151,0.11233,-0.007935,-0.018045,-0.01011,0.7556
2026-06-08T07:24:07.681209+00:00Z,bybit,mexc,ESPORTSUSDT,1.3796,0.11081,0.11232,-0.00117,-0.018045,-0.016875,1.3964
2026-06-08T07:24:07.681209+00:00Z,gate,mexc,ESPORTSUSDT,0.9447,0.11128,0.11232,-0.007935,-0.018045,-0.01011,0.9548
2026-06-08T07:24:09.684667+00:00Z,bybit,mexc,ESPORTSUSDT,1.2298,0.11046,0.1118,-0.00134,-0.018045,-0.016705,1.2465
2026-06-08T07:24:09.684667+00:00Z,gate,mexc,ESPORTSUSDT,0.8489,0.11087,0.1118,-0.007935,-0.018045,-0.01011,0.859
2026-06-08T07:24:11.700189+00:00Z,bybit,mexc,ESPORTSUSDT,1.167,0.11041,0.11168,-0.00134,-0.018045,-0.016705,1.1837
2026-06-08T07:24:11.700189+00:00Z,gate,mexc,ESPORTSUSDT,0.6953,0.11092,0.11168,-0.007935,-0.018045,-0.01011,0.7054
2026-06-08T07:24:13.705597+00:00Z,bybit,mexc,ESPORTSUSDT,1.1519,0.11011,0.11136,-0.00134,-0.018045,-0.016705,1.1686
2026-06-08T07:24:13.705597+00:00Z,gate,mexc,ESPORTSUSDT,0.7064,0.11059,0.11136,-0.007935,-0.018045,-0.01011,0.7165
2026-06-08T07:24:15.720846+00:00Z,bybit,mexc,ESPORTSUSDT,1.0631,0.1099,0.11105,-0.00134,-0.018045,-0.016705,1.0798
2026-06-08T07:24:15.720846+00:00Z,gate,mexc,ESPORTSUSDT,0.6901,0.1103,0.11105,-0.007935,-0.018045,-0.01011,0.7002
2026-06-08T07:24:17.737220+00:00Z,bybit,mexc,ESPORTSUSDT,1.011,0.10963,0.11072,-0.00134,-0.018045,-0.016705,1.0277
2026-06-08T07:24:17.737220+00:00Z,gate,mexc,ESPORTSUSDT,0.6372,0.11003,0.11072,-0.007935,-0.018045,-0.01011,0.6473
2026-06-08T07:24:19.752081+00:00Z,bybit,mexc,ESPORTSUSDT,1.2789,0.10933,0.11071,-0.00134,-0.018045,-0.016705,1.2956
2026-06-08T07:24:19.752081+00:00Z,gate,mexc,ESPORTSUSDT,0.8389,0.1098,0.11071,-0.007935,-0.018045,-0.01011,0.849
2026-06-08T07:24:21.768239+00:00Z,bybit,mexc,ESPORTSUSDT,1.1921,0.10975,0.11104,-0.00134,-0.018045,-0.016705,1.2088
2026-06-08T07:24:21.768239+00:00Z,gate,mexc,ESPORTSUSDT,0.8364,0.11013,0.11104,-0.007935,-0.018045,-0.01011,0.8465
2026-06-08T07:24:23.789908+00:00Z,bybit,mexc,ESPORTSUSDT,1.1586,0.10947,0.11072,-0.00134,-0.018045,-0.016705,1.1753
2026-06-08T07:24:23.789908+00:00Z,gate,mexc,ESPORTSUSDT,0.7379,0.10992,0.11072,-0.007935,-0.018045,-0.01011,0.748
2026-06-08T07:24:25.806964+00:00Z,bybit,mexc,ESPORTSUSDT,1.3255,0.10926,0.11069,-0.00134,-0.018045,-0.016705,1.3422
2026-06-08T07:24:25.806964+00:00Z,gate,mexc,ESPORTSUSDT,0.9494,0.10966,0.11069,-0.007935,-0.018045,-0.01011,0.9595
2026-06-08T07:24:27.824920+00:00Z,bybit,mexc,ESPORTSUSDT,1.0393,0.10952,0.11064,-0.00134,-0.018045,-0.016705,1.0561
2026-06-08T07:24:27.824920+00:00Z,gate,mexc,ESPORTSUSDT,0.766,0.10981,0.11064,-0.007935,-0.018045,-0.01011,0.7761
2026-06-08T07:24:29.841487+00:00Z,bybit,mexc,ESPORTSUSDT,1.2419,0.10937,0.11071,-0.00134,-0.018045,-0.016705,1.2586
2026-06-08T07:24:29.841487+00:00Z,gate,mexc,ESPORTSUSDT,0.8113,0.10983,0.11071,-0.007935,-0.018045,-0.01011,0.8215
2026-06-08T07:24:33.859136+00:00Z,bybit,mexc,ESPORTSUSDT,1.269,0.1102,0.11158,-0.00134,-0.018045,-0.016705,1.2857
2026-06-08T07:24:33.859136+00:00Z,gate,mexc,ESPORTSUSDT,0.8416,0.11066,0.11158,-0.007856,-0.018045,-0.010189,0.8518
2026-06-08T07:24:35.874586+00:00Z,bybit,mexc,ESPORTSUSDT,1.1653,0.11057,0.11184,-0.00134,-0.018045,-0.016705,1.182
2026-06-08T07:24:35.874586+00:00Z,gate,mexc,ESPORTSUSDT,1.0217,0.11072,0.11184,-0.007856,-0.018045,-0.010189,1.0319
2026-06-08T07:24:37.889649+00:00Z,bybit,mexc,ESPORTSUSDT,1.1031,0.11046,0.11166,-0.00134,-0.018045,-0.016705,1.1198
2026-06-08T07:24:37.889649+00:00Z,gate,mexc,ESPORTSUSDT,0.7955,0.11079,0.11166,-0.007856,-0.018045,-0.010189,0.8056
2026-06-08T07:24:39.905426+00:00Z,bybit,mexc,ESPORTSUSDT,1.5484,0.10968,0.11136,-0.00134,-0.018045,-0.016705,1.5651
2026-06-08T07:24:39.905426+00:00Z,gate,mexc,ESPORTSUSDT,1.0812,0.11018,0.11136,-0.007856,-0.018045,-0.010189,1.0914
2026-06-08T07:24:41.943758+00:00Z,bybit,mexc,ESPORTSUSDT,1.4332,0.11013,0.11169,-0.00134,-0.018045,-0.016705,1.4499
2026-06-08T07:24:41.943758+00:00Z,gate,mexc,ESPORTSUSDT,1.0597,0.11053,0.11169,-0.007856,-0.018045,-0.010189,1.0699
2026-06-08T07:24:43.946412+00:00Z,bybit,mexc,ESPORTSUSDT,1.3083,0.10994,0.11136,-0.00134,-0.018045,-0.016705,1.325
2026-06-08T07:24:43.946412+00:00Z,gate,mexc,ESPORTSUSDT,0.9255,0.11035,0.11136,-0.007856,-0.018045,-0.010189,0.9356
2026-06-08T07:24:45.965574+00:00Z,bybit,mexc,ESPORTSUSDT,1.2715,0.10998,0.11136,-0.00134,-0.018045,-0.016705,1.2882
2026-06-08T07:24:45.965574+00:00Z,gate,mexc,ESPORTSUSDT,1.0445,0.11022,0.11136,-0.007856,-0.018045,-0.010189,1.0547
2026-06-08T07:24:47.969566+00:00Z,bybit,mexc,ESPORTSUSDT,1.192,0.10976,0.11105,-0.00134,-0.018045,-0.016705,1.2087
2026-06-08T07:24:47.969566+00:00Z,gate,mexc,ESPORTSUSDT,0.928,0.11004,0.11105,-0.007856,-0.018045,-0.010189,0.9382
2026-06-08T07:24:49.988072+00:00Z,bybit,mexc,ESPORTSUSDT,1.1552,0.10979,0.11104,-0.00134,-0.018045,-0.016705,1.1719
2026-06-08T07:24:49.988072+00:00Z,gate,mexc,ESPORTSUSDT,0.8182,0.11015,0.11104,-0.007856,-0.018045,-0.010189,0.8284
2026-06-08T07:24:52.005041+00:00Z,bybit,mexc,ESPORTSUSDT,1.4889,0.10936,0.11097,-0.00134,-0.018045,-0.016705,1.5056
2026-06-08T07:24:52.005041+00:00Z,gate,mexc,ESPORTSUSDT,1.131,0.10974,0.11097,-0.007856,-0.018045,-0.010189,1.1412
2026-06-08T07:24:54.021879+00:00Z,bybit,mexc,ESPORTSUSDT,1.2784,0.10938,0.11076,-0.00134,-0.018045,-0.016705,1.2951
2026-06-08T07:24:54.021879+00:00Z,gate,mexc,ESPORTSUSDT,1.0133,0.10966,0.11076,-0.007856,-0.018045,-0.010189,1.0235
2026-06-08T07:24:56.043754+00:00Z,bybit,mexc,ESPORTSUSDT,1.2787,0.10935,0.11073,-0.00134,-0.018045,-0.016705,1.2954
2026-06-08T07:24:56.043754+00:00Z,gate,mexc,ESPORTSUSDT,1.0136,0.10963,0.11073,-0.007856,-0.018045,-0.010189,1.0238
2026-06-08T07:25:00.063177+00:00Z,bybit,mexc,ESPORTSUSDT,1.3432,0.10931,0.11076,-0.00134,-0.018045,-0.016705,1.3599
2026-06-08T07:25:00.063177+00:00Z,gate,mexc,ESPORTSUSDT,1.0409,0.10963,0.11076,-0.007856,-0.018045,-0.010189,1.0511
2026-06-08T07:25:02.065686+00:00Z,bybit,mexc,ESPORTSUSDT,0.5251,0.11016,0.11072,-0.00134,-0.018045,-0.016705,0.5418
2026-06-08T07:25:04.081262+00:00Z,bybit,mexc,ESPORTSUSDT,1.3262,0.10997,0.11141,-0.00134,-0.018045,-0.016705,1.3429
2026-06-08T07:25:04.081262+00:00Z,gate,mexc,ESPORTSUSDT,0.9159,0.11041,0.11141,-0.007856,-0.018045,-0.010189,0.9261
2026-06-08T07:25:06.087378+00:00Z,bybit,mexc,ESPORTSUSDT,1.3168,0.11076,0.1122,-0.00134,-0.018045,-0.016705,1.3335
2026-06-08T07:25:06.087378+00:00Z,gate,mexc,ESPORTSUSDT,1.1004,0.11099,0.1122,-0.007856,-0.018045,-0.010189,1.1106
2026-06-08T07:25:10.092575+00:00Z,bybit,mexc,ESPORTSUSDT,1.1485,0.11043,0.11168,-0.001501,-0.018045,-0.016544,1.165
2026-06-08T07:25:10.092575+00:00Z,gate,mexc,ESPORTSUSDT,0.7499,0.11086,0.11168,-0.007856,-0.018045,-0.010189,0.76
2026-06-08T07:25:12.109737+00:00Z,bybit,mexc,ESPORTSUSDT,1.3173,0.10994,0.11137,-0.001501,-0.018045,-0.016544,1.3338
2026-06-08T07:25:12.109737+00:00Z,gate,mexc,ESPORTSUSDT,0.9071,0.11038,0.11137,-0.007856,-0.018045,-0.010189,0.9173
2026-06-08T07:25:16.113531+00:00Z,bybit,mexc,ESPORTSUSDT,1.1802,0.11,0.11128,-0.001501,-0.018045,-0.016544,1.1967
2026-06-08T07:25:16.113531+00:00Z,gate,mexc,ESPORTSUSDT,0.9261,0.11027,0.11128,-0.007856,-0.018045,-0.010189,0.9363
2026-06-08T07:25:18.132614+00:00Z,gate,mexc,ESPORTSUSDT,0.9616,0.11036,0.11141,-0.007856,-0.018045,-0.010189,0.9718
2026-06-08T07:25:18.132614+00:00Z,bybit,mexc,ESPORTSUSDT,0.8675,0.11047,0.11141,-0.001501,-0.018045,-0.016544,0.884
2026-06-08T07:25:22.151817+00:00Z,gate,mexc,ESPORTSUSDT,0.809,0.11017,0.11105,-0.007856,-0.018045,-0.010189,0.8191
2026-06-08T07:25:22.151817+00:00Z,bybit,mexc,ESPORTSUSDT,0.797,0.11019,0.11105,-0.001501,-0.018045,-0.016544,0.8136
2026-06-08T07:25:24.167629+00:00Z,bybit,mexc,ESPORTSUSDT,0.9305,0.10941,0.11041,-0.001501,-0.018045,-0.016544,0.9471
2026-06-08T07:25:24.167629+00:00Z,gate,mexc,ESPORTSUSDT,0.6666,0.10969,0.11041,-0.007856,-0.018045,-0.010189,0.6768
2026-06-08T07:25:26.199655+00:00Z,bybit,mexc,ESPORTSUSDT,0.9859,0.10935,0.11041,-0.001501,-0.018045,-0.016544,1.0025
2026-06-08T07:25:26.199655+00:00Z,gate,mexc,ESPORTSUSDT,0.8044,0.10954,0.11041,-0.007856,-0.018045,-0.010189,0.8146
2026-06-08T07:25:28.215765+00:00Z,bybit,mexc,ESPORTSUSDT,0.9986,0.10997,0.11105,-0.001501,-0.018045,-0.016544,1.0152
2026-06-08T07:25:28.215765+00:00Z,gate,mexc,ESPORTSUSDT,0.6081,0.11039,0.11105,-0.007856,-0.018045,-0.010189,0.6183
2026-06-08T07:25:30.225305+00:00Z,bybit,mexc,ESPORTSUSDT,1.0813,0.10988,0.11105,-0.001501,-0.018045,-0.016544,1.0979
2026-06-08T07:25:30.225305+00:00Z,gate,mexc,ESPORTSUSDT,0.7358,0.11025,0.11105,-0.007856,-0.018045,-0.010189,0.746
2026-06-08T07:25:32.241656+00:00Z,gate,mexc,ESPORTSUSDT,0.9255,0.11035,0.11136,-0.007856,-0.018045,-0.010189,0.9356
2026-06-08T07:25:32.241656+00:00Z,bybit,mexc,ESPORTSUSDT,0.7584,0.11054,0.11136,-0.001501,-0.018045,-0.016544,0.7749
2026-06-08T07:25:36.268266+00:00Z,bybit,mexc,ESPORTSUSDT,0.9713,0.10997,0.11102,-0.001501,-0.018045,-0.016544,0.9879
2026-06-08T07:25:36.268266+00:00Z,gate,mexc,ESPORTSUSDT,0.8917,0.11005,0.11102,-0.007785,-0.018045,-0.01026,0.9019
2026-06-08T07:25:40.286923+00:00Z,bybit,mexc,ESPORTSUSDT,1.4465,0.10979,0.11136,-0.001501,-0.018045,-0.016544,1.4631
2026-06-08T07:25:40.286923+00:00Z,gate,mexc,ESPORTSUSDT,1.1088,0.11015,0.11136,-0.007785,-0.018045,-0.01026,1.119
2026-06-08T07:25:44.309968+00:00Z,bybit,mexc,ESPORTSUSDT,0.8899,0.10992,0.11088,-0.001501,-0.018045,-0.016544,0.9065
2026-06-08T07:25:44.309968+00:00Z,gate,mexc,ESPORTSUSDT,0.6182,0.11021,0.11088,-0.007785,-0.018045,-0.01026,0.6285
2026-06-08T07:25:46.328990+00:00Z,bybit,mexc,ESPORTSUSDT,1.1919,0.10975,0.11104,-0.001501,-0.018045,-0.016544,1.2085
2026-06-08T07:25:46.328990+00:00Z,gate,mexc,ESPORTSUSDT,0.8824,0.11008,0.11104,-0.007785,-0.018045,-0.01026,0.8926
2026-06-08T07:25:50.335302+00:00Z,bybit,mexc,ESPORTSUSDT,0.9998,0.10984,0.11092,-0.001501,-0.018045,-0.016544,1.0163
2026-06-08T07:25:50.335302+00:00Z,gate,mexc,ESPORTSUSDT,0.8833,0.10996,0.11092,-0.007785,-0.018045,-0.01026,0.8936
2026-06-08T07:25:54.343239+00:00Z,bybit,mexc,ESPORTSUSDT,1.3157,0.1093,0.11072,-0.001501,-0.018045,-0.016544,1.3323
2026-06-08T07:25:54.343239+00:00Z,gate,mexc,ESPORTSUSDT,0.9953,0.10964,0.11072,-0.007785,-0.018045,-0.01026,1.0056
2026-06-08T07:25:56.360299+00:00Z,bybit,mexc,ESPORTSUSDT,1.0229,0.10931,0.11041,-0.001501,-0.018045,-0.016544,1.0394
2026-06-08T07:25:56.360299+00:00Z,gate,mexc,ESPORTSUSDT,0.7585,0.10959,0.11041,-0.007785,-0.018045,-0.01026,0.7688
2026-06-08T07:25:58.377763+00:00Z,bybit,mexc,ESPORTSUSDT,1.3158,0.10929,0.11071,-0.001501,-0.018045,-0.016544,1.3324
2026-06-08T07:25:58.377763+00:00Z,gate,mexc,ESPORTSUSDT,1.0415,0.10958,0.11071,-0.007785,-0.018045,-0.01026,1.0517
2026-06-08T07:26:00.393916+00:00Z,bybit,mexc,ESPORTSUSDT,1.2057,0.10932,0.11062,-0.001501,-0.018045,-0.016544,1.2223
2026-06-08T07:26:00.393916+00:00Z,gate,mexc,ESPORTSUSDT,1.0792,0.10945,0.11062,-0.007785,-0.018045,-0.01026,1.0895
2026-06-08T07:26:02.410453+00:00Z,bybit,mexc,ESPORTSUSDT,1.0884,0.10916,0.11033,-0.001501,-0.018071,-0.01657,1.105
2026-06-08T07:26:02.410453+00:00Z,gate,mexc,ESPORTSUSDT,0.7775,0.10949,0.11033,-0.007785,-0.018071,-0.010286,0.7878
2026-06-08T07:26:04.426896+00:00Z,bybit,mexc,ESPORTSUSDT,0.6271,0.10974,0.11041,-0.001501,-0.018071,-0.01657,0.6437
2026-06-08T07:26:08.444618+00:00Z,bybit,mexc,ESPORTSUSDT,1.214,0.11107,0.1124,-0.001501,-0.018071,-0.01657,1.2306
2026-06-08T07:26:08.444618+00:00Z,gate,mexc,ESPORTSUSDT,1.2077,0.11107,0.1124,-0.007785,-0.018071,-0.010286,1.218
2026-06-08T07:26:10.461955+00:00Z,bybit,mexc,ESPORTSUSDT,1.1781,0.11104,0.11233,-0.001666,-0.018071,-0.016405,1.1946
2026-06-08T07:26:10.461955+00:00Z,gate,mexc,ESPORTSUSDT,1.0356,0.11119,0.11233,-0.007785,-0.018071,-0.010286,1.0458
2026-06-08T07:26:12.477877+00:00Z,gate,mexc,ESPORTSUSDT,0.828,0.11129,0.1122,-0.007785,-0.018071,-0.010286,0.8383
2026-06-08T07:26:12.477877+00:00Z,bybit,mexc,ESPORTSUSDT,0.7074,0.11143,0.1122,-0.001666,-0.018071,-0.016405,0.7238
2026-06-08T07:26:14.494108+00:00Z,bybit,mexc,ESPORTSUSDT,1.1807,0.11166,0.11296,-0.001666,-0.018071,-0.016405,1.1971
2026-06-08T07:26:14.494108+00:00Z,gate,mexc,ESPORTSUSDT,1.0027,0.11185,0.11296,-0.007785,-0.018071,-0.010286,1.013
2026-06-08T07:26:16.509891+00:00Z,bybit,mexc,ESPORTSUSDT,1.0457,0.11173,0.11288,-0.001666,-0.018071,-0.016405,1.0621
2026-06-08T07:26:16.509891+00:00Z,gate,mexc,ESPORTSUSDT,0.9402,0.11184,0.11288,-0.007785,-0.018071,-0.010286,0.9505
2026-06-08T07:26:18.512746+00:00Z,bybit,mexc,ESPORTSUSDT,1.0566,0.11152,0.11268,-0.001666,-0.018071,-0.016405,1.073
2026-06-08T07:26:18.512746+00:00Z,gate,mexc,ESPORTSUSDT,0.8515,0.11174,0.11268,-0.007785,-0.018071,-0.010286,0.8618
2026-06-08T07:26:24.548901+00:00Z,bybit,mexc,ESPORTSUSDT,1.0183,0.11279,0.11392,-0.001666,-0.018071,-0.016405,1.0347
2026-06-08T07:26:24.548901+00:00Z,gate,mexc,ESPORTSUSDT,0.9137,0.1129,0.11392,-0.007785,-0.018071,-0.010286,0.924
2026-06-08T07:26:26.555377+00:00Z,bybit,mexc,ESPORTSUSDT,1.0868,0.11304,0.11425,-0.001666,-0.018071,-0.016405,1.1032
2026-06-08T07:26:26.555377+00:00Z,gate,mexc,ESPORTSUSDT,0.8666,0.11328,0.11425,-0.007785,-0.018071,-0.010286,0.8769
2026-06-08T07:26:28.570350+00:00Z,gate,mexc,ESPORTSUSDT,0.899,0.11252,0.11352,-0.007785,-0.018071,-0.010286,0.9093
2026-06-08T07:26:28.570350+00:00Z,bybit,mexc,ESPORTSUSDT,0.7798,0.11266,0.11352,-0.001666,-0.018071,-0.016405,0.7962
2026-06-08T07:26:32.573729+00:00Z,bybit,mexc,ESPORTSUSDT,1.1829,0.1123,0.11361,-0.001666,-0.018071,-0.016405,1.1993
2026-06-08T07:26:32.573729+00:00Z,gate,mexc,ESPORTSUSDT,1.0419,0.11245,0.11361,-0.007785,-0.018071,-0.010286,1.0521
2026-06-08T07:26:34.587808+00:00Z,bybit,mexc,ESPORTSUSDT,1.0629,0.1118,0.11297,-0.001666,-0.018071,-0.016405,1.0793
2026-06-08T07:26:34.587808+00:00Z,gate,mexc,ESPORTSUSDT,0.9666,0.1119,0.11297,-0.007715,-0.018071,-0.010356,0.9769
2026-06-08T07:26:38.608083+00:00Z,gate,mexc,ESPORTSUSDT,0.7843,0.11241,0.11328,-0.007715,-0.018071,-0.010356,0.7947
2026-06-08T07:26:38.608083+00:00Z,bybit,mexc,ESPORTSUSDT,0.7456,0.11246,0.11328,-0.001666,-0.018071,-0.016405,0.762
2026-06-08T07:26:40.624298+00:00Z,bybit,mexc,ESPORTSUSDT,1.0332,0.11212,0.11326,-0.001666,-0.018071,-0.016405,1.0496
2026-06-08T07:26:40.624298+00:00Z,gate,mexc,ESPORTSUSDT,0.8832,0.11228,0.11326,-0.007715,-0.018071,-0.010356,0.8935
2026-06-08T07:26:44.644940+00:00Z,bybit,mexc,ESPORTSUSDT,1.255,0.11222,0.11361,-0.001666,-0.018071,-0.016405,1.2714
2026-06-08T07:26:44.644940+00:00Z,gate,mexc,ESPORTSUSDT,1.0959,0.11239,0.11361,-0.007715,-0.018071,-0.010356,1.1062
2026-06-08T07:26:54.668996+00:00Z,gate,mexc,ESPORTSUSDT,0.9101,0.11225,0.11326,-0.007715,-0.018071,-0.010356,0.9205
2026-06-08T07:26:54.668996+00:00Z,bybit,mexc,ESPORTSUSDT,0.8264,0.11235,0.11326,-0.001666,-0.018071,-0.016405,0.8428
2026-06-08T07:26:56.687249+00:00Z,bybit,mexc,ESPORTSUSDT,1.1556,0.11236,0.11364,-0.001666,-0.018071,-0.016405,1.172
2026-06-08T07:26:56.687249+00:00Z,gate,mexc,ESPORTSUSDT,1.0506,0.11247,0.11364,-0.007715,-0.018071,-0.010356,1.061
2026-06-08T07:26:58.714149+00:00Z,gate,mexc,ESPORTSUSDT,1.066,0.11273,0.11392,-0.007715,-0.018071,-0.010356,1.0763
2026-06-08T07:26:58.714149+00:00Z,bybit,mexc,ESPORTSUSDT,0.9556,0.11286,0.11392,-0.001666,-0.018071,-0.016405,0.972
2026-06-08T07:27:00.740379+00:00Z,bybit,mexc,ESPORTSUSDT,1.2966,0.11248,0.11392,-0.001666,-0.018071,-0.016405,1.313
2026-06-08T07:27:00.740379+00:00Z,gate,mexc,ESPORTSUSDT,1.1557,0.11263,0.11392,-0.007715,-0.018071,-0.010356,1.1661
2026-06-08T07:27:02.757520+00:00Z,bybit,mexc,ESPORTSUSDT,1.6578,0.11271,0.11456,-0.001666,-0.0181,-0.016434,1.6742
2026-06-08T07:27:02.757520+00:00Z,gate,mexc,ESPORTSUSDT,1.4627,0.11292,0.11456,-0.007715,-0.0181,-0.010385,1.4731
2026-06-08T07:27:04.780317+00:00Z,bybit,mexc,ESPORTSUSDT,1.3687,0.1124,0.11392,-0.001666,-0.0181,-0.016434,1.3852
2026-06-08T07:27:04.780317+00:00Z,gate,mexc,ESPORTSUSDT,1.2186,0.11256,0.11392,-0.007715,-0.0181,-0.010385,1.229
2026-06-08T07:27:10.798289+00:00Z,gate,mexc,ESPORTSUSDT,1.2818,0.11247,0.1139,-0.007715,-0.0181,-0.010385,1.2922
2026-06-08T07:27:10.798289+00:00Z,bybit,mexc,ESPORTSUSDT,1.2787,0.11248,0.1139,-0.001826,-0.0181,-0.016274,1.295
2026-06-08T07:27:14.806718+00:00Z,bybit,mexc,ESPORTSUSDT,1.2425,0.11254,0.11392,-0.001826,-0.0181,-0.016274,1.2588
2026-06-08T07:27:14.806718+00:00Z,gate,mexc,ESPORTSUSDT,1.2006,0.11258,0.11392,-0.007715,-0.0181,-0.010385,1.211
2026-06-08T07:27:16.810450+00:00Z,gate,mexc,ESPORTSUSDT,1.3241,0.11266,0.11414,-0.007715,-0.0181,-0.010385,1.3345
2026-06-08T07:27:16.810450+00:00Z,bybit,mexc,ESPORTSUSDT,1.294,0.1127,0.11414,-0.001826,-0.0181,-0.016274,1.3103
2026-06-08T07:27:18.826381+00:00Z,bybit,mexc,ESPORTSUSDT,1.257,0.11284,0.11424,-0.001826,-0.0181,-0.016274,1.2732
2026-06-08T07:27:18.826381+00:00Z,gate,mexc,ESPORTSUSDT,1.1435,0.11296,0.11424,-0.007715,-0.0181,-0.010385,1.1539
2026-06-08T07:27:24.847994+00:00Z,bybit,mexc,ESPORTSUSDT,1.3378,0.11275,0.11424,-0.001826,-0.0181,-0.016274,1.3541
2026-06-08T07:27:24.847994+00:00Z,gate,mexc,ESPORTSUSDT,1.3139,0.11277,0.11424,-0.007715,-0.0181,-0.010385,1.3243
2026-06-08T07:27:26.865939+00:00Z,gate,mexc,ESPORTSUSDT,1.3086,0.11246,0.11392,-0.007715,-0.0181,-0.010385,1.319
2026-06-08T07:27:26.865939+00:00Z,bybit,mexc,ESPORTSUSDT,1.2785,0.1125,0.11392,-0.001826,-0.0181,-0.016274,1.2948
2026-06-08T07:27:28.868692+00:00Z,bybit,mexc,ESPORTSUSDT,1.0809,0.11272,0.11392,-0.001826,-0.0181,-0.016274,1.0971
2026-06-08T07:27:28.868692+00:00Z,gate,mexc,ESPORTSUSDT,0.9943,0.11281,0.11392,-0.007715,-0.0181,-0.010385,1.0047
2026-06-08T07:27:30.884547+00:00Z,bybit,mexc,ESPORTSUSDT,1.0092,0.1128,0.11392,-0.001826,-0.0181,-0.016274,1.0255
2026-06-08T07:27:30.884547+00:00Z,gate,mexc,ESPORTSUSDT,0.9764,0.11283,0.11392,-0.007715,-0.0181,-0.010385,0.9868
2026-06-08T07:27:32.924568+00:00Z,gate,mexc,ESPORTSUSDT,1.0428,0.11236,0.11352,-0.007715,-0.0181,-0.010385,1.0532
2026-06-08T07:27:32.924568+00:00Z,bybit,mexc,ESPORTSUSDT,1.0127,0.1124,0.11352,-0.001826,-0.0181,-0.016274,1.029
2026-06-08T07:27:34.940634+00:00Z,gate,mexc,ESPORTSUSDT,1.2311,0.11224,0.11361,-0.007634,-0.0181,-0.010466,1.2415
2026-06-08T07:27:34.940634+00:00Z,bybit,mexc,ESPORTSUSDT,1.2098,0.11227,0.11361,-0.001826,-0.0181,-0.016274,1.2261
2026-06-08T07:27:36.956066+00:00Z,gate,mexc,ESPORTSUSDT,1.3139,0.11278,0.11425,-0.007634,-0.0181,-0.010466,1.3244
2026-06-08T07:27:36.956066+00:00Z,bybit,mexc,ESPORTSUSDT,1.2479,0.11286,0.11425,-0.001826,-0.0181,-0.016274,1.2642
2026-06-08T07:27:38.972835+00:00Z,bybit,mexc,ESPORTSUSDT,1.0838,0.11241,0.11361,-0.001826,-0.0181,-0.016274,1.1001
2026-06-08T07:27:38.972835+00:00Z,gate,mexc,ESPORTSUSDT,1.0151,0.11248,0.11361,-0.007634,-0.0181,-0.010466,1.0256
2026-06-08T07:27:40.990472+00:00Z,bybit,mexc,ESPORTSUSDT,1.3145,0.11246,0.11392,-0.001826,-0.0181,-0.016274,1.3308
2026-06-08T07:27:40.990472+00:00Z,gate,mexc,ESPORTSUSDT,1.2817,0.11249,0.11392,-0.007634,-0.0181,-0.010466,1.2922
2026-06-08T07:27:43.007654+00:00Z,bybit,mexc,ESPORTSUSDT,1.2174,0.11239,0.11374,-0.001826,-0.0181,-0.016274,1.2337
2026-06-08T07:27:43.007654+00:00Z,gate,mexc,ESPORTSUSDT,1.1486,0.11246,0.11374,-0.007634,-0.0181,-0.010466,1.1591
2026-06-08T07:27:45.025356+00:00Z,gate,mexc,ESPORTSUSDT,1.3357,0.11243,0.11392,-0.007634,-0.0181,-0.010466,1.3462
2026-06-08T07:27:45.025356+00:00Z,bybit,mexc,ESPORTSUSDT,1.0898,0.11271,0.11392,-0.001826,-0.0181,-0.016274,1.1061
2026-06-08T07:27:49.043578+00:00Z,bybit,mexc,ESPORTSUSDT,1.0869,0.11208,0.11328,-0.001826,-0.0181,-0.016274,1.1032
2026-06-08T07:27:49.043578+00:00Z,gate,mexc,ESPORTSUSDT,1.009,0.11216,0.11328,-0.007634,-0.0181,-0.010466,1.0195
2026-06-08T07:27:51.046269+00:00Z,bybit,mexc,ESPORTSUSDT,1.2043,0.11195,0.11328,-0.001826,-0.0181,-0.016274,1.2206
2026-06-08T07:27:51.046269+00:00Z,gate,mexc,ESPORTSUSDT,1.1172,0.11204,0.11328,-0.007634,-0.0181,-0.010466,1.1277
2026-06-08T07:27:53.078322+00:00Z,bybit,mexc,ESPORTSUSDT,0.9437,0.11214,0.11318,-0.001826,-0.0181,-0.016274,0.96
2026-06-08T07:27:53.078322+00:00Z,gate,mexc,ESPORTSUSDT,0.8929,0.11219,0.11318,-0.007634,-0.0181,-0.010466,0.9034
2026-06-08T07:27:55.095336+00:00Z,bybit,mexc,ESPORTSUSDT,0.9968,0.11218,0.11328,-0.001826,-0.0181,-0.016274,1.0131
2026-06-08T07:27:55.095336+00:00Z,gate,mexc,ESPORTSUSDT,0.8741,0.11231,0.11328,-0.007634,-0.0181,-0.010466,0.8846
2026-06-08T07:27:57.131910+00:00Z,bybit,mexc,ESPORTSUSDT,1.1706,0.11262,0.11392,-0.001826,-0.0181,-0.016274,1.1869
2026-06-08T07:27:57.131910+00:00Z,gate,mexc,ESPORTSUSDT,1.1648,0.11262,0.11392,-0.007634,-0.0181,-0.010466,1.1753
2026-06-08T07:27:59.134780+00:00Z,gate,mexc,ESPORTSUSDT,1.0631,0.1121,0.11328,-0.007634,-0.0181,-0.010466,1.0736
2026-06-08T07:27:59.134780+00:00Z,bybit,mexc,ESPORTSUSDT,0.9519,0.11223,0.11328,-0.001826,-0.0181,-0.016274,0.9681
2026-06-08T07:28:01.151122+00:00Z,bybit,mexc,ESPORTSUSDT,0.8351,0.11236,0.11328,-0.001826,-0.018127,-0.016301,0.8514
2026-06-08T07:28:01.151122+00:00Z,gate,mexc,ESPORTSUSDT,0.8293,0.11236,0.11328,-0.007634,-0.018127,-0.010493,0.8398
2026-06-08T07:28:07.158024+00:00Z,gate,mexc,ESPORTSUSDT,1.1078,0.113,0.11424,-0.007634,-0.018127,-0.010493,1.1183
2026-06-08T07:28:07.158024+00:00Z,bybit,mexc,ESPORTSUSDT,1.0958,0.11302,0.11424,-0.001826,-0.018127,-0.016301,1.1121
2026-06-08T07:28:11.177983+00:00Z,gate,mexc,ESPORTSUSDT,0.9471,0.11318,0.11424,-0.007634,-0.018127,-0.010493,0.9575
2026-06-08T07:28:11.177983+00:00Z,bybit,mexc,ESPORTSUSDT,0.7747,0.11338,0.11424,-0.001983,-0.018127,-0.016144,0.7908
2026-06-08T07:28:13.195032+00:00Z,gate,mexc,ESPORTSUSDT,0.8668,0.11328,0.11425,-0.007634,-0.018127,-0.010493,0.8773
2026-06-08T07:28:13.195032+00:00Z,bybit,mexc,ESPORTSUSDT,0.8013,0.11336,0.11425,-0.001983,-0.018127,-0.016144,0.8174
2026-06-08T07:28:15.211495+00:00Z,gate,mexc,ESPORTSUSDT,0.9253,0.11369,0.11473,-0.007634,-0.018127,-0.010493,0.9358
2026-06-08T07:28:15.211495+00:00Z,bybit,mexc,ESPORTSUSDT,0.8866,0.11374,0.11473,-0.001983,-0.018127,-0.016144,0.9027
2026-06-08T07:28:17.228727+00:00Z,gate,mexc,ESPORTSUSDT,1.0958,0.11333,0.11456,-0.007634,-0.018127,-0.010493,1.1063
2026-06-08T07:28:17.228727+00:00Z,bybit,mexc,ESPORTSUSDT,1.048,0.11339,0.11456,-0.001983,-0.018127,-0.016144,1.0641
2026-06-08T07:28:19.236200+00:00Z,bybit,mexc,ESPORTSUSDT,1.048,0.11339,0.11456,-0.001983,-0.018127,-0.016144,1.0641
2026-06-08T07:28:19.236200+00:00Z,gate,mexc,ESPORTSUSDT,1.0423,0.11339,0.11456,-0.007634,-0.018127,-0.010493,1.0528
2026-06-08T07:28:23.254986+00:00Z,gate,mexc,ESPORTSUSDT,0.8917,0.11348,0.11448,-0.007634,-0.018127,-0.010493,0.9022
2026-06-08T07:28:25.265953+00:00Z,gate,mexc,ESPORTSUSDT,0.6536,0.11352,0.11425,-0.007634,-0.018127,-0.010493,0.664
2026-06-08T07:28:25.265953+00:00Z,bybit,mexc,ESPORTSUSDT,0.5352,0.11366,0.11425,-0.001983,-0.018127,-0.016144,0.5514
2026-06-08T07:28:27.281266+00:00Z,gate,mexc,ESPORTSUSDT,1.1583,0.11326,0.11456,-0.007634,-0.018127,-0.010493,1.1688
2026-06-08T07:28:27.281266+00:00Z,bybit,mexc,ESPORTSUSDT,0.879,0.11358,0.11456,-0.001983,-0.018127,-0.016144,0.8951
2026-06-08T07:28:31.288762+00:00Z,gate,mexc,ESPORTSUSDT,0.8733,0.11358,0.11456,-0.007634,-0.018127,-0.010493,0.8838
2026-06-08T07:28:31.288762+00:00Z,bybit,mexc,ESPORTSUSDT,0.7991,0.11367,0.11456,-0.001983,-0.018127,-0.016144,0.8153
2026-06-08T07:28:33.295806+00:00Z,gate,mexc,ESPORTSUSDT,1.049,0.11362,0.1148,-0.007634,-0.018127,-0.010493,1.0595
2026-06-08T07:28:33.295806+00:00Z,bybit,mexc,ESPORTSUSDT,0.9481,0.11374,0.1148,-0.001983,-0.018127,-0.016144,0.9642
2026-06-08T07:28:37.313133+00:00Z,bybit,mexc,ESPORTSUSDT,0.8829,0.11422,0.11521,-0.001983,-0.018127,-0.016144,0.899
2026-06-08T07:28:37.313133+00:00Z,gate,mexc,ESPORTSUSDT,0.8067,0.1143,0.11521,-0.007559,-0.018127,-0.010568,0.8173
2026-06-08T07:28:39.328115+00:00Z,bybit,mexc,ESPORTSUSDT,1.3175,0.11373,0.11521,-0.001983,-0.018127,-0.016144,1.3336
2026-06-08T07:28:39.328115+00:00Z,gate,mexc,ESPORTSUSDT,1.2585,0.11379,0.11521,-0.007559,-0.018127,-0.010568,1.269
2026-06-08T07:28:41.331365+00:00Z,gate,mexc,ESPORTSUSDT,1.0542,0.11402,0.11521,-0.007559,-0.018127,-0.010568,1.0648
2026-06-08T07:28:41.331365+00:00Z,bybit,mexc,ESPORTSUSDT,0.9713,0.11412,0.11521,-0.001983,-0.018127,-0.016144,0.9874
2026-06-08T07:28:43.355579+00:00Z,bybit,mexc,ESPORTSUSDT,1.3888,0.11365,0.11521,-0.001983,-0.018127,-0.016144,1.4049
2026-06-08T07:28:43.355579+00:00Z,gate,mexc,ESPORTSUSDT,1.2763,0.11377,0.11521,-0.007559,-0.018127,-0.010568,1.2868
2026-06-08T07:28:45.581092+00:00Z,gate,mexc,ESPORTSUSDT,1.0808,0.11399,0.11521,-0.007559,-0.018127,-0.010568,1.0914
2026-06-08T07:28:45.581092+00:00Z,bybit,mexc,ESPORTSUSDT,1.0421,0.11404,0.11521,-0.001983,-0.018127,-0.016144,1.0582
2026-06-08T07:28:47.597860+00:00Z,gate,mexc,ESPORTSUSDT,0.948,0.11414,0.11521,-0.007559,-0.018127,-0.010568,0.9586
2026-06-08T07:28:47.597860+00:00Z,bybit,mexc,ESPORTSUSDT,0.8476,0.11426,0.11521,-0.001983,-0.018127,-0.016144,0.8637
2026-06-08T07:28:49.600457+00:00Z,bybit,mexc,ESPORTSUSDT,1.2908,0.11376,0.11521,-0.001983,-0.018127,-0.016144,1.3069
2026-06-08T07:28:49.600457+00:00Z,gate,mexc,ESPORTSUSDT,1.2407,0.11381,0.11521,-0.007559,-0.018127,-0.010568,1.2513
2026-06-08T07:28:51.615746+00:00Z,gate,mexc,ESPORTSUSDT,1.3386,0.1137,0.11521,-0.007559,-0.018127,-0.010568,1.3492
2026-06-08T07:28:51.615746+00:00Z,bybit,mexc,ESPORTSUSDT,1.273,0.11378,0.11521,-0.001983,-0.018127,-0.016144,1.2891
2026-06-08T07:28:53.618572+00:00Z,gate,mexc,ESPORTSUSDT,1.4457,0.11358,0.11521,-0.007559,-0.018127,-0.010568,1.4562
2026-06-08T07:28:53.618572+00:00Z,bybit,mexc,ESPORTSUSDT,1.2018,0.11386,0.11521,-0.001983,-0.018127,-0.016144,1.218
2026-06-08T07:28:55.651850+00:00Z,gate,mexc,ESPORTSUSDT,1.4635,0.11356,0.11521,-0.007559,-0.018127,-0.010568,1.4741
2026-06-08T07:28:55.651850+00:00Z,bybit,mexc,ESPORTSUSDT,1.4066,0.11363,0.11521,-0.001983,-0.018127,-0.016144,1.4228
2026-06-08T07:28:57.665775+00:00Z,bybit,mexc,ESPORTSUSDT,1.487,0.11354,0.11521,-0.001983,-0.018127,-0.016144,1.5031
2026-06-08T07:28:57.665775+00:00Z,gate,mexc,ESPORTSUSDT,1.4814,0.11354,0.11521,-0.007559,-0.018127,-0.010568,1.492
2026-06-08T07:28:59.681459+00:00Z,gate,mexc,ESPORTSUSDT,1.4904,0.11353,0.11521,-0.007559,-0.018127,-0.010568,1.5009
2026-06-08T07:28:59.681459+00:00Z,bybit,mexc,ESPORTSUSDT,1.4334,0.1136,0.11521,-0.001983,-0.018127,-0.016144,1.4495
2026-06-08T07:29:01.707729+00:00Z,bybit,mexc,ESPORTSUSDT,0.9713,0.11412,0.11521,-0.001983,-0.018127,-0.016144,0.9874
2026-06-08T07:29:01.707729+00:00Z,gate,mexc,ESPORTSUSDT,0.9657,0.11412,0.11521,-0.007559,-0.018127,-0.010568,0.9763
2026-06-08T07:29:01.707729+00:00Z,mexc,bybit,ALLOUSDT,0.5766,0.43337,0.43587,-0.000374,-0.000117,0.000257,0.5764
2026-06-08T07:29:03.724883+00:00Z,gate,mexc,ESPORTSUSDT,1.0365,0.11404,0.11521,-0.007559,-0.018127,-0.010568,1.0471
2026-06-08T07:29:03.724883+00:00Z,bybit,mexc,ESPORTSUSDT,0.9713,0.11412,0.11521,-0.001983,-0.018127,-0.016144,0.9874
2026-06-08T07:29:03.724883+00:00Z,mexc,bybit,ALLOUSDT,0.5582,0.43337,0.43579,-0.000374,-0.000111,0.000263,0.5579
2026-06-08T07:29:07.743923+00:00Z,bybit,mexc,ESPORTSUSDT,1.1127,0.1149,0.11616,-0.001983,-0.018127,-0.016144,1.1289
2026-06-08T07:29:07.743923+00:00Z,gate,mexc,ESPORTSUSDT,0.914,0.11512,0.11616,-0.007559,-0.018127,-0.010568,0.9245
2026-06-08T07:29:09.759126+00:00Z,bybit,mexc,ESPORTSUSDT,1.0011,0.11471,0.11584,-0.002093,-0.018127,-0.016034,1.0172
2026-06-08T07:29:09.759126+00:00Z,gate,mexc,ESPORTSUSDT,0.9869,0.11472,0.11584,-0.007559,-0.018127,-0.010568,0.9974
2026-06-08T07:29:11.776114+00:00Z,bybit,mexc,ESPORTSUSDT,1.0334,0.115,0.11617,-0.002093,-0.018127,-0.016034,1.0495
2026-06-08T07:29:11.776114+00:00Z,gate,mexc,ESPORTSUSDT,0.9402,0.1151,0.11617,-0.007559,-0.018127,-0.010568,0.9508
2026-06-08T07:29:15.805334+00:00Z,gate,mexc,ESPORTSUSDT,0.9377,0.11541,0.11648,-0.007559,-0.018127,-0.010568,0.9483
2026-06-08T07:29:15.805334+00:00Z,bybit,mexc,ESPORTSUSDT,0.7598,0.11562,0.11648,-0.002093,-0.018127,-0.016034,0.7759
2026-06-08T07:29:17.820491+00:00Z,bybit,mexc,ESPORTSUSDT,1.2291,0.11541,0.11681,-0.002093,-0.018127,-0.016034,1.2451
2026-06-08T07:29:17.820491+00:00Z,gate,mexc,ESPORTSUSDT,1.1973,0.11544,0.11681,-0.007559,-0.018127,-0.010568,1.2079
2026-06-08T07:29:19.836918+00:00Z,gate,mexc,ESPORTSUSDT,1.0515,0.11528,0.11648,-0.007559,-0.018127,-0.010568,1.0621
2026-06-08T07:29:19.836918+00:00Z,bybit,mexc,ESPORTSUSDT,0.8733,0.11549,0.11648,-0.002093,-0.018127,-0.016034,0.8893
2026-06-08T07:29:21.864977+00:00Z,gate,mexc,ESPORTSUSDT,0.999,0.11534,0.11648,-0.007559,-0.018127,-0.010568,1.0095
2026-06-08T07:29:21.864977+00:00Z,bybit,mexc,ESPORTSUSDT,0.8122,0.11556,0.11648,-0.002093,-0.018127,-0.016034,0.8282
2026-06-08T07:29:29.886996+00:00Z,gate,mexc,ESPORTSUSDT,0.8991,0.1148,0.11582,-0.007559,-0.018127,-0.010568,0.9096
2026-06-08T07:29:29.886996+00:00Z,bybit,mexc,ESPORTSUSDT,0.7028,0.11503,0.11582,-0.002093,-0.018127,-0.016034,0.7188
2026-06-08T07:29:33.890520+00:00Z,gate,mexc,ESPORTSUSDT,1.2888,0.11501,0.11648,-0.007485,-0.018127,-0.010642,1.2994
2026-06-08T07:29:33.890520+00:00Z,bybit,mexc,ESPORTSUSDT,1.0482,0.11529,0.11648,-0.002093,-0.018127,-0.016034,1.0642
2026-06-08T07:29:35.902378+00:00Z,gate,mexc,ESPORTSUSDT,0.9498,0.115,0.11608,-0.007485,-0.018127,-0.010642,0.9604
2026-06-08T07:29:35.902378+00:00Z,bybit,mexc,ESPORTSUSDT,0.6751,0.11532,0.11608,-0.002093,-0.018127,-0.016034,0.6911
2026-06-08T07:29:37.918373+00:00Z,gate,mexc,ESPORTSUSDT,1.2096,0.1151,0.11648,-0.007485,-0.018127,-0.010642,1.2202
2026-06-08T07:29:37.918373+00:00Z,bybit,mexc,ESPORTSUSDT,0.9432,0.11541,0.11648,-0.002093,-0.018127,-0.016034,0.9592
2026-06-08T07:29:39.934491+00:00Z,gate,mexc,ESPORTSUSDT,0.9079,0.11479,0.11582,-0.007485,-0.018127,-0.010642,0.9186
2026-06-08T07:29:39.934491+00:00Z,bybit,mexc,ESPORTSUSDT,0.6416,0.1151,0.11582,-0.002093,-0.018127,-0.016034,0.6576
2026-06-08T07:29:43.952363+00:00Z,gate,mexc,ESPORTSUSDT,1.0846,0.11453,0.11576,-0.007485,-0.018127,-0.010642,1.0952
2026-06-08T07:29:43.952363+00:00Z,bybit,mexc,ESPORTSUSDT,0.8347,0.11482,0.11576,-0.002093,-0.018127,-0.016034,0.8507
2026-06-08T07:29:47.970436+00:00Z,gate,mexc,ESPORTSUSDT,0.9727,0.11538,0.11649,-0.007485,-0.018127,-0.010642,0.9833
2026-06-08T07:29:47.970436+00:00Z,bybit,mexc,ESPORTSUSDT,0.7162,0.11568,0.11649,-0.002093,-0.018127,-0.016034,0.7323
2026-06-08T07:29:49.989240+00:00Z,gate,mexc,ESPORTSUSDT,1.4099,0.11506,0.11667,-0.007485,-0.018127,-0.010642,1.4206
2026-06-08T07:29:49.989240+00:00Z,bybit,mexc,ESPORTSUSDT,1.0903,0.11543,0.11667,-0.002093,-0.018127,-0.016034,1.1063
2026-06-08T07:29:52.014180+00:00Z,gate,mexc,ESPORTSUSDT,1.3082,0.11483,0.11632,-0.007485,-0.018127,-0.010642,1.3189
2026-06-08T07:29:52.014180+00:00Z,bybit,mexc,ESPORTSUSDT,1.0233,0.11516,0.11632,-0.002093,-0.018127,-0.016034,1.0394
2026-06-08T07:29:54.030731+00:00Z,gate,mexc,ESPORTSUSDT,1.2888,0.11501,0.11648,-0.007485,-0.018127,-0.010642,1.2994
2026-06-08T07:29:54.030731+00:00Z,bybit,mexc,ESPORTSUSDT,0.9782,0.11537,0.11648,-0.002093,-0.018127,-0.016034,0.9942
2026-06-08T07:29:56.048201+00:00Z,gate,mexc,ESPORTSUSDT,1.3064,0.11499,0.11648,-0.007485,-0.018127,-0.010642,1.317
2026-06-08T07:29:56.048201+00:00Z,bybit,mexc,ESPORTSUSDT,0.9869,0.11536,0.11648,-0.002093,-0.018127,-0.016034,1.0029
2026-06-08T07:29:58.066477+00:00Z,gate,mexc,ESPORTSUSDT,1.3125,0.11522,0.11672,-0.007485,-0.018127,-0.010642,1.3231
2026-06-08T07:29:58.066477+00:00Z,bybit,mexc,ESPORTSUSDT,0.7062,0.11592,0.11672,-0.002093,-0.018127,-0.016034,0.7222
2026-06-08T07:30:02.084207+00:00Z,gate,mexc,ESPORTSUSDT,0.8916,0.11579,0.11681,-0.007485,-0.018139,-0.010654,0.9022
2026-06-08T07:30:02.084207+00:00Z,bybit,mexc,ESPORTSUSDT,0.567,0.11617,0.11681,-0.002093,-0.018139,-0.016046,0.583
2026-06-08T07:30:04.107856+00:00Z,gate,mexc,ESPORTSUSDT,1.5847,0.11626,0.11809,-0.007485,-0.018139,-0.010654,1.5954
2026-06-08T07:30:04.107856+00:00Z,bybit,mexc,ESPORTSUSDT,1.0772,0.11685,0.11809,-0.002093,-0.018139,-0.016046,1.0933
2026-06-08T07:30:06.123784+00:00Z,gate,mexc,ESPORTSUSDT,1.4539,0.11571,0.11738,-0.007485,-0.018139,-0.010654,1.4646
2026-06-08T07:30:06.123784+00:00Z,bybit,mexc,ESPORTSUSDT,1.136,0.11608,0.11738,-0.002093,-0.018139,-0.016046,1.152
2026-06-08T07:30:08.141491+00:00Z,gate,mexc,ESPORTSUSDT,1.4042,0.11553,0.11714,-0.007485,-0.018139,-0.010654,1.4149
2026-06-08T07:30:08.141491+00:00Z,bybit,mexc,ESPORTSUSDT,1.1732,0.1158,0.11714,-0.002093,-0.018139,-0.016046,1.1893
2026-06-08T07:30:10.158340+00:00Z,gate,mexc,ESPORTSUSDT,1.3329,0.11496,0.11648,-0.007485,-0.018139,-0.010654,1.3435
2026-06-08T07:30:10.158340+00:00Z,bybit,mexc,ESPORTSUSDT,1.1095,0.11522,0.11648,-0.002209,-0.018139,-0.01593,1.1254
2026-06-08T07:30:12.173420+00:00Z,gate,mexc,ESPORTSUSDT,1.1305,0.11519,0.11648,-0.007485,-0.018139,-0.010654,1.1412
2026-06-08T07:30:12.173420+00:00Z,bybit,mexc,ESPORTSUSDT,0.751,0.11563,0.11648,-0.002209,-0.018139,-0.01593,0.767
2026-06-08T07:30:14.175905+00:00Z,gate,mexc,ESPORTSUSDT,1.1162,0.11488,0.11615,-0.007485,-0.018139,-0.010654,1.1268
2026-06-08T07:30:14.175905+00:00Z,bybit,mexc,ESPORTSUSDT,0.7881,0.11526,0.11615,-0.002209,-0.018139,-0.01593,0.804
2026-06-08T07:30:16.181530+00:00Z,gate,mexc,ESPORTSUSDT,1.2277,0.11421,0.1156,-0.007485,-0.018139,-0.010654,1.2384
2026-06-08T07:30:16.181530+00:00Z,bybit,mexc,ESPORTSUSDT,1.0649,0.1144,0.1156,-0.002209,-0.018139,-0.01593,1.0808
2026-06-08T07:30:18.184942+00:00Z,gate,mexc,ESPORTSUSDT,1.2408,0.11381,0.11521,-0.007485,-0.018139,-0.010654,1.2514
2026-06-08T07:30:18.184942+00:00Z,bybit,mexc,ESPORTSUSDT,0.865,0.11424,0.11521,-0.002209,-0.018139,-0.01593,0.8809
2026-06-08T07:30:20.201781+00:00Z,gate,mexc,ESPORTSUSDT,1.2639,0.1141,0.11553,-0.007485,-0.018139,-0.010654,1.2746
2026-06-08T07:30:20.201781+00:00Z,bybit,mexc,ESPORTSUSDT,1.1186,0.11427,0.11553,-0.002209,-0.018139,-0.01593,1.1345
2026-06-08T07:30:22.227839+00:00Z,gate,mexc,ESPORTSUSDT,1.1599,0.11399,0.1153,-0.007485,-0.018139,-0.010654,1.1705
2026-06-08T07:30:22.227839+00:00Z,bybit,mexc,ESPORTSUSDT,1.0322,0.11414,0.1153,-0.002209,-0.018139,-0.01593,1.0482
2026-06-08T07:30:24.244085+00:00Z,gate,mexc,ESPORTSUSDT,1.2543,0.11418,0.1156,-0.007485,-0.018139,-0.010654,1.265
2026-06-08T07:30:24.244085+00:00Z,bybit,mexc,ESPORTSUSDT,1.1356,0.11432,0.1156,-0.002209,-0.018139,-0.01593,1.1515
2026-06-08T07:30:26.248102+00:00Z,gate,mexc,ESPORTSUSDT,1.0012,0.11408,0.11521,-0.007485,-0.018139,-0.010654,1.0118
2026-06-08T07:30:26.248102+00:00Z,bybit,mexc,ESPORTSUSDT,0.7064,0.11442,0.11521,-0.002209,-0.018139,-0.01593,0.7223
2026-06-08T07:30:28.265143+00:00Z,gate,mexc,ESPORTSUSDT,1.3904,0.11379,0.11536,-0.007485,-0.018139,-0.010654,1.401
2026-06-08T07:30:28.265143+00:00Z,bybit,mexc,ESPORTSUSDT,1.36,0.11383,0.11536,-0.002209,-0.018139,-0.01593,1.376
2026-06-08T07:30:30.281903+00:00Z,gate,mexc,ESPORTSUSDT,1.0009,0.1131,0.11422,-0.007485,-0.018139,-0.010654,1.0116
2026-06-08T07:30:30.281903+00:00Z,bybit,mexc,ESPORTSUSDT,0.7835,0.11335,0.11422,-0.002209,-0.018139,-0.01593,0.7994
2026-06-08T07:30:32.297401+00:00Z,gate,mexc,ESPORTSUSDT,1.0721,0.11305,0.11425,-0.007485,-0.018139,-0.010654,1.0828
2026-06-08T07:30:32.297401+00:00Z,bybit,mexc,ESPORTSUSDT,0.8722,0.11328,0.11425,-0.002209,-0.018139,-0.01593,0.8881
2026-06-08T07:30:34.312690+00:00Z,gate,mexc,ESPORTSUSDT,1.0438,0.11325,0.11442,-0.007485,-0.018139,-0.010654,1.0544
2026-06-08T07:30:34.312690+00:00Z,bybit,mexc,ESPORTSUSDT,0.9688,0.11334,0.11442,-0.002209,-0.018139,-0.01593,0.9847
2026-06-08T07:30:36.315750+00:00Z,gate,mexc,ESPORTSUSDT,1.4218,0.11268,0.11427,-0.007392,-0.018139,-0.010747,1.4326
2026-06-08T07:30:36.315750+00:00Z,bybit,mexc,ESPORTSUSDT,1.2742,0.11285,0.11427,-0.002209,-0.018139,-0.01593,1.2902
2026-06-08T07:30:38.333434+00:00Z,gate,mexc,ESPORTSUSDT,1.1259,0.11299,0.11425,-0.007392,-0.018139,-0.010747,1.1366
2026-06-08T07:30:38.333434+00:00Z,bybit,mexc,ESPORTSUSDT,1.0595,0.11307,0.11425,-0.002209,-0.018139,-0.01593,1.0755
2026-06-08T07:30:40.349174+00:00Z,bybit,mexc,ESPORTSUSDT,0.8722,0.11328,0.11425,-0.002209,-0.018139,-0.01593,0.8881
2026-06-08T07:30:40.349174+00:00Z,gate,mexc,ESPORTSUSDT,0.8581,0.11329,0.11425,-0.007392,-0.018139,-0.010747,0.8689
2026-06-08T07:30:44.378982+00:00Z,gate,mexc,ESPORTSUSDT,1.0457,0.11305,0.11422,-0.007392,-0.018139,-0.010747,1.0564
2026-06-08T07:30:44.378982+00:00Z,bybit,mexc,ESPORTSUSDT,0.9883,0.11312,0.11422,-0.002209,-0.018139,-0.01593,1.0043
2026-06-08T07:30:46.383100+00:00Z,gate,mexc,ESPORTSUSDT,1.169,0.1131,0.11441,-0.007392,-0.018139,-0.010747,1.1798
2026-06-08T07:30:46.383100+00:00Z,bybit,mexc,ESPORTSUSDT,1.0938,0.11319,0.11441,-0.002209,-0.018139,-0.01593,1.1097
2026-06-08T07:30:48.388977+00:00Z,gate,mexc,ESPORTSUSDT,1.3142,0.11278,0.11425,-0.007392,-0.018139,-0.010747,1.3249
2026-06-08T07:30:48.388977+00:00Z,bybit,mexc,ESPORTSUSDT,1.2386,0.11287,0.11425,-0.002209,-0.018139,-0.01593,1.2545
2026-06-08T07:30:50.405806+00:00Z,gate,mexc,ESPORTSUSDT,1.0044,0.11272,0.11384,-0.007392,-0.018139,-0.010747,1.0151
2026-06-08T07:30:50.405806+00:00Z,bybit,mexc,ESPORTSUSDT,0.9469,0.11279,0.11384,-0.002209,-0.018139,-0.01593,0.9628
2026-06-08T07:30:52.408539+00:00Z,gate,mexc,ESPORTSUSDT,0.9308,0.11304,0.11408,-0.007392,-0.018139,-0.010747,0.9415
2026-06-08T07:30:54.423259+00:00Z,gate,mexc,ESPORTSUSDT,1.2872,0.11281,0.11425,-0.007392,-0.018139,-0.010747,1.298
2026-06-08T07:30:54.423259+00:00Z,bybit,mexc,ESPORTSUSDT,1.2565,0.11285,0.11425,-0.002209,-0.018139,-0.01593,1.2724
2026-06-08T07:30:56.428998+00:00Z,gate,mexc,ESPORTSUSDT,1.4672,0.1126,0.11424,-0.007392,-0.018139,-0.010747,1.478
2026-06-08T07:30:56.428998+00:00Z,bybit,mexc,ESPORTSUSDT,1.4274,0.11265,0.11424,-0.002209,-0.018139,-0.01593,1.4433
2026-06-08T07:30:58.444722+00:00Z,gate,mexc,ESPORTSUSDT,1.3,0.11247,0.11392,-0.007392,-0.018139,-0.010747,1.3107
2026-06-08T07:30:58.444722+00:00Z,bybit,mexc,ESPORTSUSDT,1.0805,0.11272,0.11392,-0.002209,-0.018139,-0.01593,1.0964
2026-06-08T07:31:02.455451+00:00Z,gate,mexc,ESPORTSUSDT,1.2176,0.11352,0.11489,-0.007392,-0.018133,-0.010741,1.2283
2026-06-08T07:31:02.455451+00:00Z,bybit,mexc,ESPORTSUSDT,1.0981,0.11366,0.11489,-0.002209,-0.018133,-0.015924,1.114
2026-06-08T07:31:04.473200+00:00Z,gate,mexc,ESPORTSUSDT,1.1285,0.11362,0.11489,-0.007392,-0.018133,-0.010741,1.1392
2026-06-08T07:31:04.473200+00:00Z,bybit,mexc,ESPORTSUSDT,0.9205,0.11386,0.11489,-0.002209,-0.018133,-0.015924,0.9365
2026-06-08T07:31:06.478930+00:00Z,gate,mexc,ESPORTSUSDT,0.9715,0.11345,0.11454,-0.007392,-0.018133,-0.010741,0.9823
2026-06-08T07:31:06.478930+00:00Z,bybit,mexc,ESPORTSUSDT,0.7281,0.11373,0.11454,-0.002209,-0.018133,-0.015924,0.7441
2026-06-08T07:31:08.495173+00:00Z,gate,mexc,ESPORTSUSDT,1.3554,0.11304,0.11456,-0.007392,-0.018133,-0.010741,1.3661
2026-06-08T07:31:08.495173+00:00Z,bybit,mexc,ESPORTSUSDT,1.1995,0.11322,0.11456,-0.002209,-0.018133,-0.015924,1.2154
2026-06-08T07:31:10.498338+00:00Z,gate,mexc,ESPORTSUSDT,1.0275,0.1131,0.11425,-0.007392,-0.018133,-0.010741,1.0383
2026-06-08T07:31:10.498338+00:00Z,bybit,mexc,ESPORTSUSDT,1.0147,0.11312,0.11425,-0.002327,-0.018133,-0.015806,1.0306
2026-06-08T07:31:12.515541+00:00Z,gate,mexc,ESPORTSUSDT,1.1721,0.1128,0.11411,-0.007392,-0.018133,-0.010741,1.1828
2026-06-08T07:31:12.515541+00:00Z,bybit,mexc,ESPORTSUSDT,1.016,0.11298,0.11411,-0.002327,-0.018133,-0.015806,1.0318
2026-06-08T07:31:16.520875+00:00Z,bybit,mexc,ESPORTSUSDT,0.9729,0.11284,0.11392,-0.002327,-0.018133,-0.015806,0.9887
2026-06-08T07:31:16.520875+00:00Z,gate,mexc,ESPORTSUSDT,0.941,0.11287,0.11392,-0.007392,-0.018133,-0.010741,0.9518
2026-06-08T07:31:18.533680+00:00Z,gate,mexc,ESPORTSUSDT,0.7877,0.11326,0.11414,-0.007392,-0.018133,-0.010741,0.7985
2026-06-08T07:31:18.533680+00:00Z,bybit,mexc,ESPORTSUSDT,0.6684,0.1134,0.11414,-0.002327,-0.018133,-0.015806,0.6842
2026-06-08T07:31:20.548615+00:00Z,gate,mexc,ESPORTSUSDT,1.0634,0.11305,0.11424,-0.007392,-0.018133,-0.010741,1.0741
2026-06-08T07:31:20.548615+00:00Z,bybit,mexc,ESPORTSUSDT,0.6855,0.11348,0.11424,-0.002327,-0.018133,-0.015806,0.7013
2026-06-08T07:31:22.564168+00:00Z,gate,mexc,ESPORTSUSDT,0.5829,0.1136,0.11425,-0.007392,-0.018133,-0.010741,0.5937
2026-06-08T07:31:24.579086+00:00Z,gate,mexc,ESPORTSUSDT,1.3068,0.11342,0.11489,-0.007392,-0.018133,-0.010741,1.3175
2026-06-08T07:31:24.579086+00:00Z,bybit,mexc,ESPORTSUSDT,1.0269,0.11374,0.11489,-0.002327,-0.018133,-0.015806,1.0427
2026-06-08T07:31:26.582421+00:00Z,gate,mexc,ESPORTSUSDT,1.1909,0.11354,0.11488,-0.007392,-0.018133,-0.010741,1.2017
2026-06-08T07:31:26.582421+00:00Z,bybit,mexc,ESPORTSUSDT,1.0092,0.11375,0.11488,-0.002327,-0.018133,-0.015806,1.025
2026-06-08T07:31:28.598754+00:00Z,gate,mexc,ESPORTSUSDT,1.0154,0.11347,0.11461,-0.007392,-0.018133,-0.010741,1.0262
2026-06-08T07:31:28.598754+00:00Z,bybit,mexc,ESPORTSUSDT,0.7453,0.11378,0.11461,-0.002327,-0.018133,-0.015806,0.7611
2026-06-08T07:31:32.611555+00:00Z,gate,mexc,ESPORTSUSDT,1.1905,0.11358,0.11492,-0.007392,-0.018133,-0.010741,1.2013
2026-06-08T07:31:32.611555+00:00Z,bybit,mexc,ESPORTSUSDT,0.9911,0.11381,0.11492,-0.002327,-0.018133,-0.015806,1.0069
2026-06-08T07:31:36.625855+00:00Z,gate,mexc,ESPORTSUSDT,0.9181,0.11353,0.11456,-0.007316,-0.018133,-0.010817,0.9289
2026-06-08T07:31:36.625855+00:00Z,bybit,mexc,ESPORTSUSDT,0.6394,0.11385,0.11456,-0.002327,-0.018133,-0.015806,0.6552
2026-06-08T07:31:40.630007+00:00Z,gate,mexc,ESPORTSUSDT,0.959,0.11285,0.11392,-0.007316,-0.018133,-0.010817,0.9698
2026-06-08T07:31:40.630007+00:00Z,bybit,mexc,ESPORTSUSDT,0.7052,0.11314,0.11392,-0.002327,-0.018133,-0.015806,0.721
2026-06-08T07:31:44.647606+00:00Z,gate,mexc,ESPORTSUSDT,1.0902,0.11303,0.11425,-0.007316,-0.018133,-0.010817,1.101
2026-06-08T07:31:44.647606+00:00Z,bybit,mexc,ESPORTSUSDT,0.9255,0.11322,0.11425,-0.002327,-0.018133,-0.015806,0.9413
2026-06-08T07:31:46.651352+00:00Z,gate,mexc,ESPORTSUSDT,1.0306,0.11277,0.11392,-0.007316,-0.018133,-0.010817,1.0414
2026-06-08T07:31:46.651352+00:00Z,bybit,mexc,ESPORTSUSDT,0.6163,0.11324,0.11392,-0.002327,-0.018133,-0.015806,0.6321
2026-06-08T07:31:48.666766+00:00Z,gate,mexc,ESPORTSUSDT,1.1831,0.1126,0.11392,-0.007316,-0.018133,-0.010817,1.1939
2026-06-08T07:31:48.666766+00:00Z,bybit,mexc,ESPORTSUSDT,0.9729,0.11284,0.11392,-0.002327,-0.018133,-0.015806,0.9887
2026-06-08T07:31:52.700621+00:00Z,gate,mexc,ESPORTSUSDT,1.1358,0.112,0.11326,-0.007316,-0.018133,-0.010817,1.1466
2026-06-08T07:31:52.700621+00:00Z,bybit,mexc,ESPORTSUSDT,0.9605,0.1122,0.11326,-0.002327,-0.018133,-0.015806,0.9764
2026-06-08T07:31:56.717087+00:00Z,gate,mexc,ESPORTSUSDT,1.4152,0.11179,0.11336,-0.007316,-0.018133,-0.010817,1.4261
2026-06-08T07:31:56.717087+00:00Z,bybit,mexc,ESPORTSUSDT,1.1218,0.11212,0.11336,-0.002327,-0.018133,-0.015806,1.1376
2026-06-08T07:31:58.733801+00:00Z,gate,mexc,ESPORTSUSDT,1.3755,0.11211,0.11364,-0.007316,-0.018133,-0.010817,1.3864
2026-06-08T07:31:58.733801+00:00Z,bybit,mexc,ESPORTSUSDT,1.0651,0.11246,0.11364,-0.002327,-0.018133,-0.015806,1.0809
2026-06-08T07:32:04.752958+00:00Z,gate,mexc,ESPORTSUSDT,0.7281,0.11153,0.11233,-0.007316,-0.018133,-0.010817,0.7389
2026-06-08T07:32:06.755880+00:00Z,gate,mexc,ESPORTSUSDT,1.8553,0.1106,0.11264,-0.007316,-0.018133,-0.010817,1.8661
2026-06-08T07:32:06.755880+00:00Z,bybit,mexc,ESPORTSUSDT,1.4385,0.11106,0.11264,-0.002327,-0.018133,-0.015806,1.4543
2026-06-08T07:32:08.759413+00:00Z,gate,mexc,ESPORTSUSDT,1.6026,0.11057,0.11233,-0.007316,-0.018133,-0.010817,1.6134
2026-06-08T07:32:08.759413+00:00Z,bybit,mexc,ESPORTSUSDT,1.2777,0.11093,0.11233,-0.002492,-0.018133,-0.015641,1.2933
2026-06-08T07:32:10.776562+00:00Z,gate,mexc,ESPORTSUSDT,1.3644,0.11082,0.11232,-0.007316,-0.018133,-0.010817,1.3752
2026-06-08T07:32:10.776562+00:00Z,bybit,mexc,ESPORTSUSDT,0.8053,0.11144,0.11232,-0.002492,-0.018133,-0.015641,0.8209
2026-06-08T07:32:12.785001+00:00Z,gate,mexc,ESPORTSUSDT,1.6257,0.11146,0.11326,-0.007316,-0.018133,-0.010817,1.6366
2026-06-08T07:32:12.785001+00:00Z,bybit,mexc,ESPORTSUSDT,0.6733,0.11252,0.11326,-0.002492,-0.018133,-0.015641,0.6889
2026-06-08T07:32:14.788775+00:00Z,gate,mexc,ESPORTSUSDT,0.9538,0.11135,0.1124,-0.007316,-0.018133,-0.010817,0.9646
2026-06-08T07:32:14.788775+00:00Z,gate,bybit,ESPORTSUSDT,0.5161,0.11135,0.11193,-0.007316,-0.002492,0.004824,0.5112
2026-06-08T07:32:16.791595+00:00Z,gate,mexc,ESPORTSUSDT,1.4661,0.11132,0.11294,-0.007316,-0.018133,-0.010817,1.4769
2026-06-08T07:32:16.791595+00:00Z,bybit,mexc,ESPORTSUSDT,1.0263,0.11181,0.11294,-0.002492,-0.018133,-0.015641,1.0419
2026-06-08T07:32:18.811181+00:00Z,gate,bybit,ESPORTSUSDT,0.5331,0.11155,0.11215,-0.007316,-0.002492,0.004824,0.5282
2026-06-08T07:32:20.827873+00:00Z,gate,mexc,ESPORTSUSDT,1.6769,0.11104,0.11289,-0.007316,-0.018133,-0.010817,1.6877
2026-06-08T07:32:20.827873+00:00Z,bybit,mexc,ESPORTSUSDT,1.226,0.11154,0.11289,-0.002492,-0.018133,-0.015641,1.2416
2026-06-08T07:32:22.848506+00:00Z,gate,mexc,ESPORTSUSDT,1.4213,0.11131,0.11288,-0.007316,-0.018133,-0.010817,1.4321
2026-06-08T07:32:22.848506+00:00Z,bybit,mexc,ESPORTSUSDT,0.7025,0.11211,0.11288,-0.002492,-0.018133,-0.015641,0.7181
2026-06-08T07:32:24.870711+00:00Z,gate,mexc,ESPORTSUSDT,1.694,0.1111,0.11297,-0.007316,-0.018133,-0.010817,1.7048
2026-06-08T07:32:24.870711+00:00Z,bybit,mexc,ESPORTSUSDT,1.207,0.11164,0.11297,-0.002492,-0.018133,-0.015641,1.2226
2026-06-08T07:32:26.876088+00:00Z,gate,mexc,ESPORTSUSDT,1.6941,0.11109,0.11296,-0.007316,-0.018133,-0.010817,1.705
2026-06-08T07:32:26.876088+00:00Z,bybit,mexc,ESPORTSUSDT,1.0894,0.11176,0.11296,-0.002492,-0.018133,-0.015641,1.105
2026-06-08T07:32:28.893453+00:00Z,gate,mexc,ESPORTSUSDT,1.5573,0.11122,0.11294,-0.007316,-0.018133,-0.010817,1.5681
2026-06-08T07:32:28.893453+00:00Z,bybit,mexc,ESPORTSUSDT,0.9902,0.11185,0.11294,-0.002492,-0.018133,-0.015641,1.0058
2026-06-08T07:32:28.893453+00:00Z,gate,bybit,ESPORTSUSDT,0.5167,0.11122,0.1118,-0.007316,-0.002492,0.004824,0.5118
2026-06-08T07:32:34.915653+00:00Z,gate,mexc,ESPORTSUSDT,0.8729,0.11137,0.11233,-0.007259,-0.018133,-0.010874,0.8837
2026-06-08T07:32:34.915653+00:00Z,gate,bybit,ESPORTSUSDT,0.5789,0.11137,0.11202,-0.007259,-0.002492,0.004767,0.5741
2026-06-08T07:32:36.931070+00:00Z,gate,mexc,ESPORTSUSDT,1.7026,0.11172,0.11361,-0.007259,-0.018133,-0.010874,1.7135
2026-06-08T07:32:36.931070+00:00Z,bybit,mexc,ESPORTSUSDT,1.2182,0.11226,0.11361,-0.002492,-0.018133,-0.015641,1.2338
2026-06-08T07:32:36.931070+00:00Z,gate,bybit,ESPORTSUSDT,0.5054,0.11172,0.11229,-0.007259,-0.002492,0.004767,0.5007
2026-06-08T07:32:38.950170+00:00Z,gate,mexc,ESPORTSUSDT,1.505,0.11177,0.11344,-0.007259,-0.018133,-0.010874,1.5159
2026-06-08T07:32:38.950170+00:00Z,bybit,mexc,ESPORTSUSDT,1.1118,0.11221,0.11344,-0.002492,-0.018133,-0.015641,1.1274
2026-06-08T07:32:40.966504+00:00Z,gate,mexc,ESPORTSUSDT,1.7755,0.11164,0.11361,-0.007259,-0.018133,-0.010874,1.7863
2026-06-08T07:32:40.966504+00:00Z,bybit,mexc,ESPORTSUSDT,1.2272,0.11225,0.11361,-0.002492,-0.018133,-0.015641,1.2429
2026-06-08T07:32:44.984907+00:00Z,gate,mexc,ESPORTSUSDT,1.8315,0.11095,0.11297,-0.007259,-0.018133,-0.010874,1.8424
2026-06-08T07:32:44.984907+00:00Z,bybit,mexc,ESPORTSUSDT,1.2432,0.1116,0.11297,-0.002492,-0.018133,-0.015641,1.2589
2026-06-08T07:32:47.013151+00:00Z,gate,mexc,ESPORTSUSDT,1.8381,0.1111,0.11313,-0.007259,-0.018133,-0.010874,1.8489
2026-06-08T07:32:47.013151+00:00Z,bybit,mexc,ESPORTSUSDT,1.0246,0.112,0.11313,-0.002492,-0.018133,-0.015641,1.0402
2026-06-08T07:32:49.028836+00:00Z,gate,mexc,ESPORTSUSDT,0.8731,0.11134,0.1123,-0.007259,-0.018133,-0.010874,0.884
2026-06-08T07:32:51.045398+00:00Z,gate,bybit,ESPORTSUSDT,0.6449,0.11083,0.11155,-0.007259,-0.002492,0.004767,0.6401
2026-06-08T07:32:53.060518+00:00Z,gate,mexc,ESPORTSUSDT,1.6623,0.11081,0.11264,-0.007259,-0.018133,-0.010874,1.6732
2026-06-08T07:32:53.060518+00:00Z,bybit,mexc,ESPORTSUSDT,0.9747,0.11157,0.11264,-0.002492,-0.018133,-0.015641,0.9903
2026-06-08T07:32:53.060518+00:00Z,gate,bybit,ESPORTSUSDT,0.5457,0.11081,0.11142,-0.007259,-0.002492,0.004767,0.541
2026-06-08T07:32:55.077013+00:00Z,gate,mexc,ESPORTSUSDT,1.9142,0.11086,0.11297,-0.007259,-0.018133,-0.010874,1.925
2026-06-08T07:32:55.077013+00:00Z,bybit,mexc,ESPORTSUSDT,1.2614,0.11158,0.11297,-0.002492,-0.018133,-0.015641,1.277
2026-06-08T07:32:55.077013+00:00Z,gate,bybit,ESPORTSUSDT,0.5545,0.11086,0.11148,-0.007259,-0.002492,0.004767,0.5497
2026-06-08T07:32:57.095412+00:00Z,gate,mexc,ESPORTSUSDT,1.8676,0.11095,0.11301,-0.007259,-0.018133,-0.010874,1.8784
2026-06-08T07:32:57.095412+00:00Z,bybit,mexc,ESPORTSUSDT,1.2247,0.11166,0.11301,-0.002492,-0.018133,-0.015641,1.2403
2026-06-08T07:32:57.095412+00:00Z,gate,bybit,ESPORTSUSDT,0.5631,0.11095,0.11158,-0.007259,-0.002492,0.004767,0.5583
2026-06-08T07:32:59.135482+00:00Z,gate,mexc,ESPORTSUSDT,1.7242,0.11031,0.1122,-0.007259,-0.018133,-0.010874,1.7351
2026-06-08T07:32:59.135482+00:00Z,bybit,mexc,ESPORTSUSDT,1.0967,0.111,0.1122,-0.002492,-0.018133,-0.015641,1.1124
2026-06-08T07:33:01.156363+00:00Z,gate,mexc,ESPORTSUSDT,1.6991,0.11077,0.11264,-0.007259,-0.018133,-0.010874,1.7099
2026-06-08T07:33:01.156363+00:00Z,bybit,mexc,ESPORTSUSDT,1.1015,0.11143,0.11264,-0.002492,-0.018133,-0.015641,1.1172
2026-06-08T07:33:03.172885+00:00Z,gate,mexc,ESPORTSUSDT,1.7076,0.11139,0.11328,-0.007259,-0.018162,-0.010903,1.7185
2026-06-08T07:33:03.172885+00:00Z,bybit,mexc,ESPORTSUSDT,1.0863,0.11208,0.11328,-0.002492,-0.018162,-0.01567,1.102
2026-06-08T07:33:03.172885+00:00Z,gate,bybit,ESPORTSUSDT,0.5698,0.11139,0.11203,-0.007259,-0.002492,0.004767,0.565
2026-06-08T07:33:05.177948+00:00Z,gate,mexc,ESPORTSUSDT,1.9108,0.11106,0.11317,-0.007259,-0.018162,-0.010903,1.9217
2026-06-08T07:33:05.177948+00:00Z,bybit,mexc,ESPORTSUSDT,1.2411,0.1118,0.11317,-0.002492,-0.018162,-0.01567,1.2567
2026-06-08T07:33:05.177948+00:00Z,gate,bybit,ESPORTSUSDT,0.7156,0.11106,0.11186,-0.007259,-0.002492,0.004767,0.7108
2026-06-08T07:33:07.197792+00:00Z,gate,mexc,ESPORTSUSDT,1.4445,0.11161,0.11321,-0.007259,-0.018162,-0.010903,1.4554
2026-06-08T07:33:07.197792+00:00Z,bybit,mexc,ESPORTSUSDT,0.7094,0.11243,0.11321,-0.002492,-0.018162,-0.01567,0.7251
2026-06-08T07:33:07.197792+00:00Z,gate,bybit,ESPORTSUSDT,0.5328,0.11161,0.11221,-0.007259,-0.002492,0.004767,0.5281
2026-06-08T07:33:11.202316+00:00Z,gate,mexc,ESPORTSUSDT,1.9493,0.11195,0.11412,-0.007259,-0.018162,-0.010903,1.9602
2026-06-08T07:33:11.202316+00:00Z,bybit,mexc,ESPORTSUSDT,1.3025,0.11267,0.11412,-0.002621,-0.018162,-0.015541,1.318
2026-06-08T07:33:11.202316+00:00Z,gate,bybit,ESPORTSUSDT,0.6296,0.11195,0.11266,-0.007259,-0.002621,0.004638,0.6249
2026-06-08T07:33:13.209589+00:00Z,gate,mexc,ESPORTSUSDT,1.7565,0.11228,0.11424,-0.007259,-0.018162,-0.010903,1.7674
2026-06-08T07:33:13.209589+00:00Z,bybit,mexc,ESPORTSUSDT,1.0771,0.11304,0.11424,-0.002621,-0.018162,-0.015541,1.0927
2026-06-08T07:33:13.209589+00:00Z,gate,bybit,ESPORTSUSDT,0.6633,0.11228,0.11303,-0.007259,-0.002621,0.004638,0.6587
2026-06-08T07:33:15.225928+00:00Z,gate,mexc,ESPORTSUSDT,1.9071,0.1118,0.11392,-0.007259,-0.018162,-0.010903,1.918
2026-06-08T07:33:15.225928+00:00Z,bybit,mexc,ESPORTSUSDT,1.2328,0.11255,0.11392,-0.002621,-0.018162,-0.015541,1.2483
2026-06-08T07:33:15.225928+00:00Z,gate,bybit,ESPORTSUSDT,0.6304,0.1118,0.11251,-0.007259,-0.002621,0.004638,0.6258
2026-06-08T07:33:17.230309+00:00Z,gate,mexc,ESPORTSUSDT,2.1523,0.11114,0.11352,-0.007259,-0.018162,-0.010903,2.1632
2026-06-08T07:33:17.230309+00:00Z,bybit,mexc,ESPORTSUSDT,1.3275,0.11205,0.11352,-0.002621,-0.018162,-0.015541,1.343
2026-06-08T07:33:19.247751+00:00Z,gate,mexc,ESPORTSUSDT,1.0537,0.11124,0.1124,-0.007259,-0.018162,-0.010903,1.0646
2026-06-08T07:33:19.247751+00:00Z,gate,bybit,ESPORTSUSDT,0.6786,0.11124,0.112,-0.007259,-0.002621,0.004638,0.6739
2026-06-08T07:33:21.263105+00:00Z,gate,mexc,ESPORTSUSDT,1.735,0.11136,0.11328,-0.007259,-0.018162,-0.010903,1.7459
2026-06-08T07:33:21.263105+00:00Z,bybit,mexc,ESPORTSUSDT,0.8702,0.11232,0.11328,-0.002621,-0.018162,-0.015541,0.8858
2026-06-08T07:33:21.263105+00:00Z,gate,bybit,ESPORTSUSDT,0.7946,0.11136,0.11225,-0.007259,-0.002621,0.004638,0.7899
2026-06-08T07:33:23.279058+00:00Z,gate,mexc,ESPORTSUSDT,1.8211,0.11159,0.11361,-0.007259,-0.018162,-0.010903,1.832
2026-06-08T07:33:23.279058+00:00Z,bybit,mexc,ESPORTSUSDT,1.0202,0.11248,0.11361,-0.002621,-0.018162,-0.015541,1.0357
2026-06-08T07:33:25.295471+00:00Z,gate,mexc,ESPORTSUSDT,1.581,0.11146,0.11321,-0.007259,-0.018162,-0.010903,1.5919
2026-06-08T07:33:25.295471+00:00Z,bybit,mexc,ESPORTSUSDT,0.8887,0.11223,0.11321,-0.002621,-0.018162,-0.015541,0.9043
2026-06-08T07:33:25.295471+00:00Z,gate,bybit,ESPORTSUSDT,0.6144,0.11146,0.11215,-0.007259,-0.002621,0.004638,0.6098
2026-06-08T07:33:27.314114+00:00Z,gate,mexc,ESPORTSUSDT,1.7899,0.1113,0.11328,-0.007259,-0.018162,-0.010903,1.8008
2026-06-08T07:33:27.314114+00:00Z,bybit,mexc,ESPORTSUSDT,1.0772,0.11209,0.11328,-0.002621,-0.018162,-0.015541,1.0927
2026-06-08T07:33:27.314114+00:00Z,gate,bybit,ESPORTSUSDT,0.5704,0.1113,0.11194,-0.007259,-0.002621,0.004638,0.5657
2026-06-08T07:33:29.330938+00:00Z,gate,bybit,ESPORTSUSDT,0.6476,0.11193,0.11266,-0.007259,-0.002621,0.004638,0.6429
2026-06-08T07:33:31.345847+00:00Z,gate,mexc,ESPORTSUSDT,0.8524,0.1117,0.11264,-0.007259,-0.018162,-0.010903,0.8633
2026-06-08T07:33:31.345847+00:00Z,gate,bybit,ESPORTSUSDT,0.6489,0.1117,0.11243,-0.007259,-0.002621,0.004638,0.6443
2026-06-08T07:33:33.362356+00:00Z,gate,mexc,ESPORTSUSDT,1.5391,0.1119,0.11361,-0.007259,-0.018162,-0.010903,1.55
2026-06-08T07:33:33.362356+00:00Z,bybit,mexc,ESPORTSUSDT,0.9304,0.11258,0.11361,-0.002621,-0.018162,-0.015541,0.946
2026-06-08T07:33:33.362356+00:00Z,gate,bybit,ESPORTSUSDT,0.603,0.1119,0.11258,-0.007259,-0.002621,0.004638,0.5984
2026-06-08T07:33:35.379537+00:00Z,gate,mexc,ESPORTSUSDT,1.6663,0.11176,0.11361,-0.007209,-0.018162,-0.010953,1.6772
2026-06-08T07:33:35.379537+00:00Z,bybit,mexc,ESPORTSUSDT,0.7068,0.11283,0.11361,-0.002621,-0.018162,-0.015541,0.7224
2026-06-08T07:33:35.379537+00:00Z,gate,bybit,ESPORTSUSDT,0.5502,0.11176,0.11238,-0.007209,-0.002621,0.004588,0.5456
2026-06-08T07:33:37.383424+00:00Z,gate,mexc,ESPORTSUSDT,1.7631,0.11186,0.11382,-0.007209,-0.018162,-0.010953,1.7741
2026-06-08T07:33:37.383424+00:00Z,bybit,mexc,ESPORTSUSDT,1.0721,0.11263,0.11382,-0.002621,-0.018162,-0.015541,1.0876
2026-06-08T07:33:37.383424+00:00Z,gate,bybit,ESPORTSUSDT,0.648,0.11186,0.11259,-0.007209,-0.002621,0.004588,0.6434
2026-06-08T07:33:39.404827+00:00Z,gate,mexc,ESPORTSUSDT,1.6932,0.11235,0.11424,-0.007209,-0.018162,-0.010953,1.7041
2026-06-08T07:33:39.404827+00:00Z,bybit,mexc,ESPORTSUSDT,0.961,0.11317,0.11424,-0.002621,-0.018162,-0.015541,0.9766
2026-06-08T07:33:39.404827+00:00Z,gate,bybit,ESPORTSUSDT,0.7164,0.11235,0.11316,-0.007209,-0.002621,0.004588,0.7118
2026-06-08T07:33:41.408683+00:00Z,gate,mexc,ESPORTSUSDT,1.9201,0.11209,0.11423,-0.007209,-0.018162,-0.010953,1.9311
2026-06-08T07:33:41.408683+00:00Z,bybit,mexc,ESPORTSUSDT,1.0772,0.11303,0.11423,-0.002621,-0.018162,-0.015541,1.0927
2026-06-08T07:33:41.408683+00:00Z,gate,bybit,ESPORTSUSDT,0.5039,0.11209,0.11266,-0.007209,-0.002621,0.004588,0.4993
2026-06-08T07:33:43.426682+00:00Z,gate,mexc,ESPORTSUSDT,1.889,0.11182,0.11392,-0.007209,-0.018162,-0.010953,1.8999
2026-06-08T07:33:43.426682+00:00Z,bybit,mexc,ESPORTSUSDT,0.9905,0.11282,0.11392,-0.002621,-0.018162,-0.015541,1.0061
2026-06-08T07:33:43.426682+00:00Z,gate,bybit,ESPORTSUSDT,0.6214,0.11182,0.11252,-0.007209,-0.002621,0.004588,0.6168
2026-06-08T07:33:45.444556+00:00Z,gate,mexc,ESPORTSUSDT,1.9654,0.11205,0.11424,-0.007209,-0.018162,-0.010953,1.9764
2026-06-08T07:33:45.444556+00:00Z,bybit,mexc,ESPORTSUSDT,1.1576,0.11295,0.11424,-0.002621,-0.018162,-0.015541,1.1732
2026-06-08T07:33:45.444556+00:00Z,gate,bybit,ESPORTSUSDT,0.5309,0.11205,0.11265,-0.007209,-0.002621,0.004588,0.5263
2026-06-08T07:33:47.587915+00:00Z,gate,mexc,ESPORTSUSDT,1.9471,0.11208,0.11425,-0.007209,-0.018162,-0.010953,1.958
2026-06-08T07:33:47.587915+00:00Z,bybit,mexc,ESPORTSUSDT,1.1575,0.11296,0.11425,-0.002621,-0.018162,-0.015541,1.1731
2026-06-08T07:33:49.606194+00:00Z,gate,mexc,ESPORTSUSDT,1.6207,0.11244,0.11425,-0.007209,-0.018162,-0.010953,1.6317
2026-06-08T07:33:49.606194+00:00Z,bybit,mexc,ESPORTSUSDT,0.9877,0.11315,0.11425,-0.002621,-0.018162,-0.015541,1.0032
2026-06-08T07:33:49.606194+00:00Z,gate,bybit,ESPORTSUSDT,0.618,0.11244,0.11314,-0.007209,-0.002621,0.004588,0.6134
2026-06-08T07:33:51.624073+00:00Z,gate,bybit,ESPORTSUSDT,1.0247,0.1127,0.11386,-0.007209,-0.002621,0.004588,1.0201
2026-06-08T07:33:53.639483+00:00Z,gate,bybit,ESPORTSUSDT,0.7298,0.11302,0.11385,-0.007209,-0.002621,0.004588,0.7252
2026-06-08T07:33:55.654489+00:00Z,gate,mexc,ESPORTSUSDT,1.6373,0.11375,0.1156,-0.007209,-0.018162,-0.010953,1.6483
2026-06-08T07:33:55.654489+00:00Z,bybit,mexc,ESPORTSUSDT,0.9322,0.11455,0.1156,-0.002621,-0.018162,-0.015541,0.9477
2026-06-08T07:33:55.654489+00:00Z,gate,bybit,ESPORTSUSDT,0.646,0.11375,0.11449,-0.007209,-0.002621,0.004588,0.6414
2026-06-08T07:33:57.662425+00:00Z,gate,mexc,ESPORTSUSDT,1.7556,0.11292,0.11489,-0.007209,-0.018162,-0.010953,1.7665
2026-06-08T07:33:57.662425+00:00Z,bybit,mexc,ESPORTSUSDT,1.0444,0.11372,0.11489,-0.002621,-0.018162,-0.015541,1.0599
2026-06-08T07:33:57.662425+00:00Z,gate,bybit,ESPORTSUSDT,0.695,0.11292,0.11371,-0.007209,-0.002621,0.004588,0.6904
2026-06-08T07:33:59.666712+00:00Z,gate,mexc,ESPORTSUSDT,1.4501,0.11326,0.11489,-0.007209,-0.018162,-0.010953,1.4611
2026-06-08T07:33:59.666712+00:00Z,gate,bybit,ESPORTSUSDT,0.6399,0.11326,0.11399,-0.007209,-0.002621,0.004588,0.6354
2026-06-08T07:33:59.666712+00:00Z,bybit,mexc,ESPORTSUSDT,0.6021,0.11422,0.11489,-0.002621,-0.018162,-0.015541,0.6177
2026-06-08T07:34:01.689071+00:00Z,gate,mexc,ESPORTSUSDT,1.7857,0.11044,0.1124,-0.007209,-0.018196,-0.010987,1.7967
2026-06-08T07:34:01.689071+00:00Z,bybit,mexc,ESPORTSUSDT,1.1038,0.11119,0.1124,-0.002621,-0.018196,-0.015575,1.1194
2026-06-08T07:34:01.689071+00:00Z,gate,bybit,ESPORTSUSDT,0.6836,0.11044,0.1112,-0.007209,-0.002621,0.004588,0.679
2026-06-08T07:34:03.694584+00:00Z,gate,mexc,ESPORTSUSDT,1.5889,0.10837,0.11008,-0.007209,-0.018196,-0.010987,1.5999
2026-06-08T07:34:03.694584+00:00Z,bybit,mexc,ESPORTSUSDT,0.8491,0.10917,0.11008,-0.002621,-0.018196,-0.015575,0.8647
2026-06-08T07:34:03.694584+00:00Z,gate,bybit,ESPORTSUSDT,0.7613,0.10837,0.1092,-0.007209,-0.002621,0.004588,0.7567
2026-06-08T07:34:05.721190+00:00Z,gate,mexc,ESPORTSUSDT,1.5587,0.10919,0.11088,-0.007209,-0.018196,-0.010987,1.5697
2026-06-08T07:34:05.721190+00:00Z,bybit,mexc,ESPORTSUSDT,0.8339,0.10998,0.11088,-0.002621,-0.018196,-0.015575,0.8495
2026-06-08T07:34:05.721190+00:00Z,gate,bybit,ESPORTSUSDT,0.6548,0.10919,0.10991,-0.007209,-0.002621,0.004588,0.6502
2026-06-08T07:34:07.725582+00:00Z,gate,mexc,ESPORTSUSDT,1.6487,0.1093,0.11109,-0.007209,-0.018196,-0.010987,1.6597
2026-06-08T07:34:07.725582+00:00Z,bybit,mexc,ESPORTSUSDT,1.2089,0.10978,0.11109,-0.002621,-0.018196,-0.015575,1.2244
2026-06-08T07:34:09.741319+00:00Z,gate,mexc,ESPORTSUSDT,1.5797,0.10901,0.11072,-0.007209,-0.018196,-0.010987,1.5906
2026-06-08T07:34:09.741319+00:00Z,bybit,mexc,ESPORTSUSDT,1.1018,0.10953,0.11072,-0.00281,-0.018196,-0.015386,1.1172
2026-06-08T07:34:09.741319+00:00Z,gate,bybit,ESPORTSUSDT,0.5093,0.10901,0.10957,-0.007209,-0.00281,0.004399,0.5049
2026-06-08T07:34:11.758931+00:00Z,gate,mexc,ESPORTSUSDT,1.6816,0.10894,0.11076,-0.007209,-0.018196,-0.010987,1.6926
2026-06-08T07:34:11.758931+00:00Z,bybit,mexc,ESPORTSUSDT,1.24,0.10942,0.11076,-0.00281,-0.018196,-0.015386,1.2554
2026-06-08T07:34:13.786160+00:00Z,gate,mexc,ESPORTSUSDT,1.468,0.10913,0.11072,-0.007209,-0.018196,-0.010987,1.479
2026-06-08T07:34:13.786160+00:00Z,bybit,mexc,ESPORTSUSDT,0.936,0.10971,0.11072,-0.00281,-0.018196,-0.015386,0.9514
2026-06-08T07:34:13.786160+00:00Z,gate,bybit,ESPORTSUSDT,0.5179,0.10913,0.1097,-0.007209,-0.00281,0.004399,0.5135
2026-06-08T07:34:17.805030+00:00Z,gate,mexc,ESPORTSUSDT,1.4173,0.10951,0.11105,-0.007209,-0.018196,-0.010987,1.4282
2026-06-08T07:34:17.805030+00:00Z,bybit,mexc,ESPORTSUSDT,0.9516,0.11002,0.11105,-0.00281,-0.018196,-0.015386,0.967
2026-06-08T07:34:19.821630+00:00Z,gate,mexc,ESPORTSUSDT,1.6683,0.10861,0.11041,-0.007209,-0.018196,-0.010987,1.6793
2026-06-08T07:34:19.821630+00:00Z,bybit,mexc,ESPORTSUSDT,1.1976,0.10912,0.11041,-0.00281,-0.018196,-0.015386,1.213
2026-06-08T07:34:21.839583+00:00Z,gate,mexc,ESPORTSUSDT,1.52,0.10868,0.11032,-0.007209,-0.018196,-0.010987,1.531
2026-06-08T07:34:21.839583+00:00Z,bybit,mexc,ESPORTSUSDT,1.1151,0.10912,0.11032,-0.00281,-0.018196,-0.015386,1.1305
2026-06-08T07:34:23.855695+00:00Z,gate,mexc,ESPORTSUSDT,1.4392,0.10853,0.11008,-0.007209,-0.018196,-0.010987,1.4502
2026-06-08T07:34:23.855695+00:00Z,bybit,mexc,ESPORTSUSDT,1.034,0.10897,0.11008,-0.00281,-0.018196,-0.015386,1.0494
2026-06-08T07:34:25.886697+00:00Z,gate,mexc,ESPORTSUSDT,1.638,0.10879,0.11056,-0.007209,-0.018196,-0.010987,1.649
2026-06-08T07:34:25.886697+00:00Z,bybit,mexc,ESPORTSUSDT,1.2701,0.10919,0.11056,-0.00281,-0.018196,-0.015386,1.2855
2026-06-08T07:34:27.892153+00:00Z,gate,mexc,ESPORTSUSDT,1.6229,0.10857,0.11032,-0.007209,-0.018196,-0.010987,1.6338
2026-06-08T07:34:27.892153+00:00Z,bybit,mexc,ESPORTSUSDT,1.1614,0.10907,0.11032,-0.00281,-0.018196,-0.015386,1.1768
2026-06-08T07:34:29.896667+00:00Z,gate,mexc,ESPORTSUSDT,1.3139,0.10899,0.11041,-0.007209,-0.018196,-0.010987,1.3248
2026-06-08T07:34:29.896667+00:00Z,bybit,mexc,ESPORTSUSDT,0.7636,0.10959,0.11041,-0.00281,-0.018196,-0.015386,0.779
2026-06-08T07:34:31.913314+00:00Z,gate,mexc,ESPORTSUSDT,1.4959,0.1091,0.11072,-0.007209,-0.018196,-0.010987,1.5069
2026-06-08T07:34:31.913314+00:00Z,bybit,mexc,ESPORTSUSDT,1.2775,0.10934,0.11072,-0.00281,-0.018196,-0.015386,1.2929
2026-06-08T07:34:33.925484+00:00Z,gate,mexc,ESPORTSUSDT,1.6587,0.10924,0.11104,-0.007241,-0.018196,-0.010955,1.6697
2026-06-08T07:34:33.925484+00:00Z,bybit,mexc,ESPORTSUSDT,1.32,0.10961,0.11104,-0.00281,-0.018196,-0.015386,1.3354
2026-06-08T07:34:35.943028+00:00Z,gate,mexc,ESPORTSUSDT,1.44,0.10916,0.11072,-0.007241,-0.018196,-0.010955,1.451
2026-06-08T07:34:35.943028+00:00Z,bybit,mexc,ESPORTSUSDT,1.1942,0.10943,0.11072,-0.00281,-0.018196,-0.015386,1.2096
2026-06-08T07:34:37.951357+00:00Z,gate,mexc,ESPORTSUSDT,1.635,0.10899,0.11076,-0.007241,-0.018196,-0.010955,1.6459
2026-06-08T07:34:37.951357+00:00Z,bybit,mexc,ESPORTSUSDT,1.1568,0.10951,0.11076,-0.00281,-0.018196,-0.015386,1.1722
2026-06-08T07:34:39.968315+00:00Z,gate,mexc,ESPORTSUSDT,1.561,0.10903,0.11072,-0.007241,-0.018196,-0.010955,1.5719
2026-06-08T07:34:39.968315+00:00Z,bybit,mexc,ESPORTSUSDT,1.2775,0.10934,0.11072,-0.00281,-0.018196,-0.015386,1.2929
2026-06-08T07:34:41.985032+00:00Z,gate,mexc,ESPORTSUSDT,1.2286,0.10923,0.11056,-0.007241,-0.018196,-0.010955,1.2395
2026-06-08T07:34:41.985032+00:00Z,bybit,mexc,ESPORTSUSDT,0.9926,0.10949,0.11056,-0.00281,-0.018196,-0.015386,1.008
2026-06-08T07:34:44.023321+00:00Z,gate,mexc,ESPORTSUSDT,1.2471,0.10921,0.11056,-0.007241,-0.018196,-0.010955,1.2581
2026-06-08T07:34:44.023321+00:00Z,bybit,mexc,ESPORTSUSDT,1.1312,0.10934,0.11056,-0.00281,-0.018196,-0.015386,1.1466
2026-06-08T07:34:46.036888+00:00Z,gate,mexc,ESPORTSUSDT,0.8685,0.10962,0.11056,-0.007241,-0.018196,-0.010955,0.8794
2026-06-08T07:34:46.036888+00:00Z,bybit,mexc,ESPORTSUSDT,0.7076,0.1098,0.11056,-0.00281,-0.018196,-0.015386,0.7229
2026-06-08T07:34:48.056463+00:00Z,gate,mexc,ESPORTSUSDT,0.9882,0.10949,0.11056,-0.007241,-0.018196,-0.010955,0.9992
2026-06-08T07:34:48.056463+00:00Z,bybit,mexc,ESPORTSUSDT,0.8177,0.10968,0.11056,-0.00281,-0.018196,-0.015386,0.8331
2026-06-08T07:35:00.078834+00:00Z,gate,mexc,ESPORTSUSDT,0.9513,0.10953,0.11056,-0.007241,-0.018196,-0.010955,0.9623
2026-06-08T07:35:00.078834+00:00Z,bybit,mexc,ESPORTSUSDT,0.7259,0.10978,0.11056,-0.00281,-0.018196,-0.015386,0.7413
2026-06-08T07:35:02.082198+00:00Z,gate,mexc,ESPORTSUSDT,1.7221,0.1087,0.11056,-0.007241,-0.018196,-0.010955,1.733
2026-06-08T07:35:02.082198+00:00Z,bybit,mexc,ESPORTSUSDT,1.4838,0.10896,0.11056,-0.00281,-0.018196,-0.015386,1.4992
2026-06-08T07:35:04.098385+00:00Z,gate,mexc,ESPORTSUSDT,1.919,0.10849,0.11056,-0.007241,-0.018196,-0.010955,1.9299
2026-06-08T07:35:04.098385+00:00Z,bybit,mexc,ESPORTSUSDT,1.7546,0.10867,0.11056,-0.00281,-0.018196,-0.015386,1.77
2026-06-08T07:35:06.114879+00:00Z,gate,mexc,ESPORTSUSDT,1.6566,0.10877,0.11056,-0.007241,-0.018196,-0.010955,1.6676
2026-06-08T07:35:06.114879+00:00Z,bybit,mexc,ESPORTSUSDT,1.2237,0.10924,0.11056,-0.00281,-0.018196,-0.015386,1.2391
2026-06-08T07:35:08.130436+00:00Z,gate,mexc,ESPORTSUSDT,2.3434,0.10804,0.11056,-0.007241,-0.018196,-0.010955,2.3544
2026-06-08T07:35:08.130436+00:00Z,bybit,mexc,ESPORTSUSDT,1.8858,0.10853,0.11056,-0.00281,-0.018196,-0.015386,1.9012
2026-06-08T07:35:10.150898+00:00Z,gate,mexc,ESPORTSUSDT,2.3718,0.10801,0.11056,-0.007241,-0.018196,-0.010955,2.3828
2026-06-08T07:35:10.150898+00:00Z,bybit,mexc,ESPORTSUSDT,2.3476,0.10804,0.11056,-0.003032,-0.018196,-0.015164,2.3628
2026-06-08T07:35:12.167050+00:00Z,gate,mexc,ESPORTSUSDT,0.7842,0.10604,0.10686,-0.007241,-0.018196,-0.010955,0.7952
2026-06-08T07:35:12.167050+00:00Z,bybit,mexc,ESPORTSUSDT,0.6935,0.10614,0.10686,-0.003032,-0.018196,-0.015164,0.7087
2026-06-08T07:35:14.182868+00:00Z,gate,mexc,ESPORTSUSDT,1.1595,0.10622,0.10744,-0.007241,-0.018196,-0.010955,1.1705
2026-06-08T07:35:14.182868+00:00Z,bybit,mexc,ESPORTSUSDT,0.9736,0.10642,0.10744,-0.003032,-0.018196,-0.015164,0.9888
2026-06-08T07:35:16.205796+00:00Z,bybit,mexc,ESPORTSUSDT,0.9547,0.10644,0.10744,-0.003032,-0.018196,-0.015164,0.9698
2026-06-08T07:35:16.205796+00:00Z,gate,mexc,ESPORTSUSDT,0.941,0.10645,0.10744,-0.007241,-0.018196,-0.010955,0.9519
2026-06-08T07:35:18.209608+00:00Z,bybit,mexc,ESPORTSUSDT,1.3617,0.10768,0.10913,-0.003032,-0.018196,-0.015164,1.3769
2026-06-08T07:35:18.209608+00:00Z,gate,mexc,ESPORTSUSDT,1.2447,0.1078,0.10913,-0.007241,-0.018196,-0.010955,1.2557
2026-06-08T07:35:20.237024+00:00Z,bybit,mexc,ESPORTSUSDT,1.1919,0.10793,0.1092,-0.003032,-0.018196,-0.015164,1.207
2026-06-08T07:35:20.237024+00:00Z,gate,mexc,ESPORTSUSDT,1.1783,0.10794,0.1092,-0.007241,-0.018196,-0.010955,1.1892
2026-06-08T07:35:22.256565+00:00Z,gate,mexc,ESPORTSUSDT,1.2505,0.1081,0.10944,-0.007241,-0.018196,-0.010955,1.2615
2026-06-08T07:35:22.256565+00:00Z,bybit,mexc,ESPORTSUSDT,1.0491,0.10832,0.10944,-0.003032,-0.018196,-0.015164,1.0643
2026-06-08T07:35:24.272341+00:00Z,bybit,mexc,ESPORTSUSDT,1.2287,0.10795,0.10926,-0.003032,-0.018196,-0.015164,1.2439
2026-06-08T07:35:24.272341+00:00Z,gate,mexc,ESPORTSUSDT,1.1121,0.10807,0.10926,-0.007241,-0.018196,-0.010955,1.123
2026-06-08T07:35:26.288790+00:00Z,gate,mexc,ESPORTSUSDT,1.1011,0.10824,0.10942,-0.007241,-0.018196,-0.010955,1.1121
2026-06-08T07:35:26.288790+00:00Z,bybit,mexc,ESPORTSUSDT,0.9934,0.10836,0.10942,-0.003032,-0.018196,-0.015164,1.0085
2026-06-08T07:35:28.307568+00:00Z,gate,mexc,ESPORTSUSDT,1.285,0.10753,0.1089,-0.007241,-0.018196,-0.010955,1.296
2026-06-08T07:35:28.307568+00:00Z,bybit,mexc,ESPORTSUSDT,1.2798,0.10754,0.1089,-0.003032,-0.018196,-0.015164,1.295
2026-06-08T07:35:30.325493+00:00Z,gate,mexc,ESPORTSUSDT,1.1331,0.10694,0.10814,-0.007241,-0.018196,-0.010955,1.144
2026-06-08T07:35:30.325493+00:00Z,bybit,mexc,ESPORTSUSDT,1.1184,0.10696,0.10814,-0.003032,-0.018196,-0.015164,1.1335
2026-06-08T07:35:32.328285+00:00Z,gate,mexc,ESPORTSUSDT,0.9037,0.10753,0.10849,-0.007241,-0.018196,-0.010955,0.9147
2026-06-08T07:35:32.328285+00:00Z,bybit,mexc,ESPORTSUSDT,0.8423,0.1076,0.10849,-0.003032,-0.018196,-0.015164,0.8575
2026-06-08T07:35:34.346860+00:00Z,gate,mexc,ESPORTSUSDT,1.1825,0.10755,0.10881,-0.007243,-0.018196,-0.010953,1.1935
2026-06-08T07:35:34.346860+00:00Z,bybit,mexc,ESPORTSUSDT,0.9708,0.10778,0.10881,-0.003032,-0.018196,-0.015164,0.986
2026-06-08T07:35:36.350039+00:00Z,gate,mexc,ESPORTSUSDT,0.9695,0.10745,0.10848,-0.007243,-0.018196,-0.010953,0.9805
2026-06-08T07:35:36.350039+00:00Z,bybit,mexc,ESPORTSUSDT,0.9174,0.10751,0.10848,-0.003032,-0.018196,-0.015164,0.9326
2026-06-08T07:35:38.365301+00:00Z,bybit,mexc,ESPORTSUSDT,1.2435,0.10746,0.10878,-0.003032,-0.018196,-0.015164,1.2587
2026-06-08T07:35:38.365301+00:00Z,gate,mexc,ESPORTSUSDT,1.2017,0.1075,0.10878,-0.007243,-0.018196,-0.010953,1.2126
2026-06-08T07:35:40.389995+00:00Z,bybit,mexc,ESPORTSUSDT,1.0268,0.10775,0.10884,-0.003032,-0.018196,-0.015164,1.0419
2026-06-08T07:35:40.389995+00:00Z,gate,mexc,ESPORTSUSDT,0.9757,0.1078,0.10884,-0.007243,-0.018196,-0.010953,0.9867
2026-06-08T07:35:42.408480+00:00Z,bybit,mexc,ESPORTSUSDT,0.9175,0.1075,0.10847,-0.003032,-0.018196,-0.015164,0.9327
2026-06-08T07:35:42.408480+00:00Z,gate,mexc,ESPORTSUSDT,0.8382,0.10758,0.10847,-0.007243,-0.018196,-0.010953,0.8492
2026-06-08T07:35:44.433536+00:00Z,bybit,mexc,ESPORTSUSDT,1.0584,0.10736,0.10848,-0.003032,-0.018196,-0.015164,1.0735
2026-06-08T07:35:44.433536+00:00Z,gate,mexc,ESPORTSUSDT,0.9132,0.10751,0.10848,-0.007243,-0.018196,-0.010953,0.9241
2026-06-08T07:35:46.450005+00:00Z,bybit,mexc,ESPORTSUSDT,1.0555,0.10766,0.10878,-0.003032,-0.018196,-0.015164,1.0706
2026-06-08T07:35:46.450005+00:00Z,gate,mexc,ESPORTSUSDT,0.92,0.1078,0.10878,-0.007243,-0.018196,-0.010953,0.931
2026-06-08T07:35:48.467963+00:00Z,bybit,mexc,ESPORTSUSDT,1.017,0.1078,0.10888,-0.003032,-0.018196,-0.015164,1.0322
2026-06-08T07:35:48.467963+00:00Z,gate,mexc,ESPORTSUSDT,0.9941,0.10782,0.10888,-0.007243,-0.018196,-0.010953,1.005
2026-06-08T07:35:50.494138+00:00Z,gate,mexc,ESPORTSUSDT,1.1502,0.10797,0.1092,-0.007243,-0.018196,-0.010953,1.1611
2026-06-08T07:35:50.494138+00:00Z,bybit,mexc,ESPORTSUSDT,1.1263,0.108,0.1092,-0.003032,-0.018196,-0.015164,1.1414
2026-06-08T07:35:52.509903+00:00Z,bybit,mexc,ESPORTSUSDT,0.9841,0.10837,0.10942,-0.003032,-0.018196,-0.015164,0.9992
2026-06-08T07:35:52.509903+00:00Z,gate,mexc,ESPORTSUSDT,0.9147,0.10844,0.10942,-0.007243,-0.018196,-0.010953,0.9256
2026-06-08T07:35:54.548445+00:00Z,gate,mexc,ESPORTSUSDT,1.163,0.1085,0.10975,-0.007243,-0.018196,-0.010953,1.174
2026-06-08T07:35:54.548445+00:00Z,bybit,mexc,ESPORTSUSDT,1.0648,0.10861,0.10975,-0.003032,-0.018196,-0.015164,1.08
2026-06-08T07:35:58.568238+00:00Z,gate,mexc,ESPORTSUSDT,0.9538,0.10818,0.1092,-0.007243,-0.018196,-0.010953,0.9648
2026-06-08T07:35:58.568238+00:00Z,bybit,mexc,ESPORTSUSDT,0.8648,0.10828,0.1092,-0.003032,-0.018196,-0.015164,0.88
2026-06-08T07:36:02.614234+00:00Z,gate,mexc,ESPORTSUSDT,0.9638,0.1081,0.10913,-0.007243,-0.018219,-0.010976,0.9748
2026-06-08T07:36:02.614234+00:00Z,bybit,mexc,ESPORTSUSDT,0.7909,0.10829,0.10913,-0.003032,-0.018219,-0.015187,0.8061
2026-06-08T07:36:06.631326+00:00Z,bybit,mexc,ESPORTSUSDT,1.3259,0.10834,0.10976,-0.003032,-0.018219,-0.015187,1.3411
2026-06-08T07:36:06.631326+00:00Z,gate,mexc,ESPORTSUSDT,1.135,0.10854,0.10976,-0.007243,-0.018219,-0.010976,1.146
2026-06-08T07:36:08.646986+00:00Z,bybit,mexc,ESPORTSUSDT,1.0326,0.1081,0.1092,-0.003167,-0.018219,-0.015052,1.0477
2026-06-08T07:36:08.646986+00:00Z,gate,mexc,ESPORTSUSDT,0.9632,0.10817,0.1092,-0.007243,-0.018219,-0.010976,0.9742
2026-06-08T07:36:10.663374+00:00Z,gate,mexc,ESPORTSUSDT,1.2505,0.10811,0.10945,-0.007243,-0.018219,-0.010976,1.2614
2026-06-08T07:36:10.663374+00:00Z,bybit,mexc,ESPORTSUSDT,0.9744,0.10841,0.10945,-0.003167,-0.018219,-0.015052,0.9894
2026-06-08T07:36:12.688915+00:00Z,gate,mexc,ESPORTSUSDT,0.9611,0.10841,0.10944,-0.007243,-0.018219,-0.010976,0.972
2026-06-08T07:36:12.688915+00:00Z,bybit,mexc,ESPORTSUSDT,0.9372,0.10844,0.10944,-0.003167,-0.018219,-0.015052,0.9523
2026-06-08T07:36:14.706972+00:00Z,gate,mexc,ESPORTSUSDT,1.3458,0.10863,0.11008,-0.007243,-0.018219,-0.010976,1.3568
2026-06-08T07:36:14.706972+00:00Z,bybit,mexc,ESPORTSUSDT,0.8209,0.1092,0.11008,-0.003167,-0.018219,-0.015052,0.836
2026-06-08T07:36:16.723490+00:00Z,gate,mexc,ESPORTSUSDT,1.2463,0.10847,0.10981,-0.007243,-0.018219,-0.010976,1.2573
2026-06-08T07:36:16.723490+00:00Z,bybit,mexc,ESPORTSUSDT,0.9341,0.10881,0.10981,-0.003167,-0.018219,-0.015052,0.9491
2026-06-08T07:36:18.727151+00:00Z,gate,mexc,ESPORTSUSDT,1.1545,0.10844,0.10968,-0.007243,-0.018219,-0.010976,1.1654
2026-06-08T07:36:18.727151+00:00Z,bybit,mexc,ESPORTSUSDT,1.0467,0.10856,0.10968,-0.003167,-0.018219,-0.015052,1.0618
2026-06-08T07:36:22.752716+00:00Z,gate,mexc,ESPORTSUSDT,1.2335,0.10879,0.11012,-0.007243,-0.018219,-0.010976,1.2445
2026-06-08T07:36:22.752716+00:00Z,bybit,mexc,ESPORTSUSDT,0.8853,0.10917,0.11012,-0.003167,-0.018219,-0.015052,0.9003
2026-06-08T07:36:24.768028+00:00Z,gate,mexc,ESPORTSUSDT,0.9451,0.10812,0.10913,-0.007243,-0.018219,-0.010976,0.9561
2026-06-08T07:36:24.768028+00:00Z,bybit,mexc,ESPORTSUSDT,0.7814,0.1083,0.10913,-0.003167,-0.018219,-0.015052,0.7965
2026-06-08T07:36:26.771585+00:00Z,gate,mexc,ESPORTSUSDT,0.86,0.10836,0.10928,-0.007243,-0.018219,-0.010976,0.871
2026-06-08T07:36:26.771585+00:00Z,bybit,mexc,ESPORTSUSDT,0.7804,0.10845,0.10928,-0.003167,-0.018219,-0.015052,0.7954
2026-06-08T07:36:28.776986+00:00Z,gate,mexc,ESPORTSUSDT,1.1442,0.10854,0.10977,-0.007243,-0.018219,-0.010976,1.1552
2026-06-08T07:36:28.776986+00:00Z,bybit,mexc,ESPORTSUSDT,0.9623,0.10874,0.10977,-0.003167,-0.018219,-0.015052,0.9773
2026-06-08T07:36:30.797061+00:00Z,gate,mexc,ESPORTSUSDT,1.0389,0.10896,0.11008,-0.007243,-0.018219,-0.010976,1.0499
2026-06-08T07:36:30.797061+00:00Z,bybit,mexc,ESPORTSUSDT,0.9874,0.10902,0.11008,-0.003167,-0.018219,-0.015052,1.0024
2026-06-08T07:36:32.814297+00:00Z,bybit,mexc,ESPORTSUSDT,1.201,0.10877,0.11006,-0.003167,-0.018219,-0.015052,1.2161
2026-06-08T07:36:32.814297+00:00Z,gate,mexc,ESPORTSUSDT,1.1412,0.10883,0.11006,-0.007243,-0.018219,-0.010976,1.1522
2026-06-08T07:36:34.830446+00:00Z,gate,mexc,ESPORTSUSDT,0.9926,0.10901,0.11008,-0.007192,-0.018219,-0.011027,1.0036
2026-06-08T07:36:34.830446+00:00Z,bybit,mexc,ESPORTSUSDT,0.6366,0.1094,0.11008,-0.003167,-0.018219,-0.015052,0.6517
2026-06-08T07:36:38.848436+00:00Z,gate,mexc,ESPORTSUSDT,1.0482,0.10895,0.11008,-0.007192,-0.018219,-0.011027,1.0592
2026-06-08T07:36:38.848436+00:00Z,bybit,mexc,ESPORTSUSDT,0.8671,0.10915,0.11008,-0.003167,-0.018219,-0.015052,0.8821
2026-06-08T07:36:40.865991+00:00Z,bybit,mexc,ESPORTSUSDT,0.966,0.10937,0.11041,-0.003167,-0.018219,-0.015052,0.981
2026-06-08T07:36:40.865991+00:00Z,gate,mexc,ESPORTSUSDT,0.8789,0.10946,0.11041,-0.007192,-0.018219,-0.011027,0.89
2026-06-08T07:36:44.903909+00:00Z,gate,mexc,ESPORTSUSDT,1.303,0.10836,0.10976,-0.007192,-0.018219,-0.011027,1.314
2026-06-08T07:36:44.903909+00:00Z,bybit,mexc,ESPORTSUSDT,1.1763,0.1085,0.10976,-0.003167,-0.018219,-0.015052,1.1914
2026-06-08T07:36:46.930603+00:00Z,gate,mexc,ESPORTSUSDT,1.1664,0.10819,0.10944,-0.007192,-0.018219,-0.011027,1.1774
2026-06-08T07:36:46.930603+00:00Z,bybit,mexc,ESPORTSUSDT,1.105,0.10826,0.10944,-0.003167,-0.018219,-0.015052,1.1201
2026-06-08T07:36:48.935019+00:00Z,gate,mexc,ESPORTSUSDT,1.1707,0.10779,0.10904,-0.007192,-0.018219,-0.011027,1.1817
2026-06-08T07:36:48.935019+00:00Z,bybit,mexc,ESPORTSUSDT,0.6705,0.10833,0.10904,-0.003167,-0.018219,-0.015052,0.6855
2026-06-08T07:36:50.962197+00:00Z,bybit,mexc,ESPORTSUSDT,1.3514,0.10776,0.1092,-0.003167,-0.018219,-0.015052,1.3664
2026-06-08T07:36:50.962197+00:00Z,gate,mexc,ESPORTSUSDT,1.3473,0.10776,0.1092,-0.007192,-0.018219,-0.011027,1.3584
2026-06-08T07:36:52.979509+00:00Z,bybit,mexc,ESPORTSUSDT,0.7535,0.10833,0.10913,-0.003167,-0.018219,-0.015052,0.7686
2026-06-08T07:36:52.979509+00:00Z,gate,mexc,ESPORTSUSDT,0.5917,0.1085,0.10913,-0.007192,-0.018219,-0.011027,0.6027
2026-06-08T07:36:54.996478+00:00Z,bybit,mexc,ESPORTSUSDT,1.3405,0.10864,0.11008,-0.003167,-0.018219,-0.015052,1.3556
2026-06-08T07:36:54.996478+00:00Z,gate,mexc,ESPORTSUSDT,1.2806,0.1087,0.11008,-0.007192,-0.018219,-0.011027,1.2916
2026-06-08T07:36:57.012274+00:00Z,bybit,mexc,ESPORTSUSDT,0.9254,0.10875,0.10974,-0.003167,-0.018219,-0.015052,0.9404
2026-06-08T07:36:57.012274+00:00Z,gate,mexc,ESPORTSUSDT,0.8565,0.10882,0.10974,-0.007192,-0.018219,-0.011027,0.8675
2026-06-08T07:36:59.015600+00:00Z,gate,mexc,ESPORTSUSDT,0.9425,0.10843,0.10944,-0.007192,-0.018219,-0.011027,0.9535
2026-06-08T07:36:59.015600+00:00Z,bybit,mexc,ESPORTSUSDT,0.8164,0.10857,0.10944,-0.003167,-0.018219,-0.015052,0.8314
2026-06-08T07:37:01.031041+00:00Z,bybit,mexc,ESPORTSUSDT,1.5838,0.10773,0.10942,-0.003167,-0.018219,-0.015052,1.5988
2026-06-08T07:37:01.031041+00:00Z,gate,mexc,ESPORTSUSDT,1.5044,0.10781,0.10942,-0.007192,-0.018219,-0.011027,1.5154
2026-06-08T07:37:03.048382+00:00Z,bybit,mexc,ESPORTSUSDT,1.1147,0.10731,0.10849,-0.003167,-0.018278,-0.015111,1.1298
2026-06-08T07:37:03.048382+00:00Z,gate,mexc,ESPORTSUSDT,0.8851,0.10755,0.10849,-0.007192,-0.018278,-0.011086,0.8962
2026-06-08T07:37:03.048382+00:00Z,mexc,bybit,PIPPINUSDT,0.6633,0.0196,0.01973,5e-05,5e-05,0.0,0.6633
2026-06-08T07:37:05.052495+00:00Z,gate,mexc,ESPORTSUSDT,1.0291,0.10707,0.10816,-0.007192,-0.018278,-0.011086,1.0402
2026-06-08T07:37:05.052495+00:00Z,bybit,mexc,ESPORTSUSDT,0.5729,0.10756,0.10816,-0.003167,-0.018278,-0.015111,0.5881
2026-06-08T07:37:09.069692+00:00Z,bybit,mexc,ESPORTSUSDT,0.9735,0.10746,0.10849,-0.003278,-0.018278,-0.015,0.9885
2026-06-08T07:37:09.069692+00:00Z,gate,mexc,ESPORTSUSDT,0.7914,0.10765,0.10849,-0.007192,-0.018278,-0.011086,0.8025
2026-06-08T07:37:11.086419+00:00Z,gate,mexc,ESPORTSUSDT,1.0732,0.10733,0.10847,-0.007192,-0.018278,-0.011086,1.0843
2026-06-08T07:37:11.086419+00:00Z,bybit,mexc,ESPORTSUSDT,0.8986,0.10752,0.10847,-0.003278,-0.018278,-0.015,0.9136
2026-06-08T07:37:13.093283+00:00Z,gate,mexc,ESPORTSUSDT,1.1244,0.10689,0.10808,-0.007192,-0.018278,-0.011086,1.1355
2026-06-08T07:37:13.093283+00:00Z,bybit,mexc,ESPORTSUSDT,1.0716,0.10695,0.10808,-0.003278,-0.018278,-0.015,1.0866
2026-06-08T07:37:17.100550+00:00Z,gate,mexc,ESPORTSUSDT,0.8055,0.107,0.10785,-0.007192,-0.018278,-0.011086,0.8166
2026-06-08T07:37:17.100550+00:00Z,bybit,mexc,ESPORTSUSDT,0.7717,0.10704,0.10785,-0.003278,-0.018278,-0.015,0.7867
2026-06-08T07:37:21.109147+00:00Z,gate,mexc,ESPORTSUSDT,1.1787,0.10534,0.10657,-0.007192,-0.018278,-0.011086,1.1898
2026-06-08T07:37:21.109147+00:00Z,bybit,mexc,ESPORTSUSDT,1.1059,0.10542,0.10657,-0.003278,-0.018278,-0.015,1.1209
2026-06-08T07:37:23.128700+00:00Z,gate,mexc,ESPORTSUSDT,1.2652,0.10525,0.10657,-0.007192,-0.018278,-0.011086,1.2763
2026-06-08T07:37:23.128700+00:00Z,bybit,mexc,ESPORTSUSDT,1.0101,0.10552,0.10657,-0.003278,-0.018278,-0.015,1.0251
2026-06-08T07:37:25.151768+00:00Z,gate,mexc,ESPORTSUSDT,1.1212,0.10539,0.10656,-0.007192,-0.018278,-0.011086,1.1323
2026-06-08T07:37:25.151768+00:00Z,bybit,mexc,ESPORTSUSDT,0.991,0.10553,0.10656,-0.003278,-0.018278,-0.015,1.006
2026-06-08T07:37:27.167434+00:00Z,bybit,mexc,ESPORTSUSDT,1.3407,0.10485,0.10624,-0.003278,-0.018278,-0.015,1.3557
2026-06-08T07:37:27.167434+00:00Z,gate,mexc,ESPORTSUSDT,1.2017,0.10499,0.10624,-0.007192,-0.018278,-0.011086,1.2128
2026-06-08T07:37:29.173001+00:00Z,gate,mexc,ESPORTSUSDT,1.1981,0.10446,0.1057,-0.007192,-0.018278,-0.011086,1.2092
2026-06-08T07:37:29.173001+00:00Z,bybit,mexc,ESPORTSUSDT,1.1633,0.1045,0.1057,-0.003278,-0.018278,-0.015,1.1783
2026-06-08T07:37:31.189438+00:00Z,gate,mexc,ESPORTSUSDT,1.2329,0.10149,0.10273,-0.007192,-0.018278,-0.011086,1.244
2026-06-08T07:37:31.189438+00:00Z,bybit,mexc,ESPORTSUSDT,1.0477,0.10168,0.10273,-0.003278,-0.018278,-0.015,1.0627
2026-06-08T07:37:33.206723+00:00Z,gate,mexc,ESPORTSUSDT,0.9346,0.10179,0.10273,-0.007192,-0.018278,-0.011086,0.9456
2026-06-08T07:37:33.206723+00:00Z,bybit,mexc,ESPORTSUSDT,0.6616,0.10207,0.10273,-0.003278,-0.018278,-0.015,0.6766
2026-06-08T07:37:35.223272+00:00Z,bybit,mexc,ESPORTSUSDT,1.0072,0.10179,0.1028,-0.003278,-0.018278,-0.015,1.0222
2026-06-08T07:37:35.223272+00:00Z,gate,mexc,ESPORTSUSDT,0.9241,0.10187,0.1028,-0.007133,-0.018278,-0.011145,0.9352
2026-06-08T07:37:41.242526+00:00Z,gate,mexc,ESPORTSUSDT,0.9765,0.10048,0.10145,-0.007133,-0.018278,-0.011145,0.9877
2026-06-08T07:37:41.242526+00:00Z,bybit,mexc,ESPORTSUSDT,0.8399,0.10062,0.10145,-0.003278,-0.018278,-0.015,0.8549
2026-06-08T07:37:45.253322+00:00Z,bybit,mexc,ESPORTSUSDT,1.3771,0.09691,0.09823,-0.003278,-0.018278,-0.015,1.3921
2026-06-08T07:37:45.253322+00:00Z,gate,mexc,ESPORTSUSDT,1.0812,0.09719,0.09823,-0.007133,-0.018278,-0.011145,1.0924
2026-06-08T07:37:53.261997+00:00Z,bybit,mexc,ESPORTSUSDT,0.7947,0.09876,0.09953,-0.003278,-0.018278,-0.015,0.8097
2026-06-08T07:37:53.261997+00:00Z,gate,mexc,ESPORTSUSDT,0.7704,0.09878,0.09953,-0.007133,-0.018278,-0.011145,0.7816
2026-06-08T07:38:01.288629+00:00Z,bybit,mexc,ESPORTSUSDT,1.5964,0.09928,0.10085,-0.003278,-0.018278,-0.015,1.6114
2026-06-08T07:38:01.288629+00:00Z,gate,mexc,ESPORTSUSDT,1.256,0.09961,0.10085,-0.007133,-0.018278,-0.011145,1.2671
2026-06-08T07:38:07.328869+00:00Z,bybit,mexc,ESPORTSUSDT,1.6764,0.10112,0.1028,-0.003278,-0.018313,-0.015035,1.6915
2026-06-08T07:38:07.328869+00:00Z,gate,mexc,ESPORTSUSDT,1.272,0.10152,0.1028,-0.007133,-0.018313,-0.01118,1.2832
2026-06-08T07:38:09.360849+00:00Z,bybit,mexc,ESPORTSUSDT,0.8806,0.09931,0.10017,-0.003653,-0.018313,-0.01466,0.8953
2026-06-08T07:38:11.375804+00:00Z,bybit,mexc,ESPORTSUSDT,0.6073,0.09956,0.10015,-0.003653,-0.018313,-0.01466,0.6219
2026-06-08T07:38:13.398093+00:00Z,bybit,mexc,ESPORTSUSDT,1.5149,0.09932,0.10081,-0.003653,-0.018313,-0.01466,1.5295
2026-06-08T07:38:13.398093+00:00Z,gate,mexc,ESPORTSUSDT,1.155,0.09967,0.10081,-0.007133,-0.018313,-0.01118,1.1661
2026-06-08T07:38:15.403270+00:00Z,bybit,mexc,ESPORTSUSDT,1.4491,0.09969,0.10112,-0.003653,-0.018313,-0.01466,1.4638
2026-06-08T07:38:15.403270+00:00Z,gate,mexc,ESPORTSUSDT,1.202,0.09993,0.10112,-0.007133,-0.018313,-0.01118,1.2132
2026-06-08T07:38:17.417692+00:00Z,bybit,mexc,ESPORTSUSDT,1.5558,0.09928,0.10081,-0.003653,-0.018313,-0.01466,1.5704
2026-06-08T07:38:17.417692+00:00Z,gate,mexc,ESPORTSUSDT,0.9726,0.09985,0.10081,-0.007133,-0.018313,-0.01118,0.9838
2026-06-08T07:38:21.438457+00:00Z,bybit,mexc,ESPORTSUSDT,1.29,0.09958,0.10085,-0.003653,-0.018313,-0.01466,1.3047
2026-06-08T07:38:21.438457+00:00Z,gate,mexc,ESPORTSUSDT,0.9722,0.09989,0.10085,-0.007133,-0.018313,-0.01118,0.9834
2026-06-08T07:38:23.454697+00:00Z,bybit,mexc,ESPORTSUSDT,1.3431,0.10012,0.10145,-0.003653,-0.018313,-0.01466,1.3577
2026-06-08T07:38:23.454697+00:00Z,gate,mexc,ESPORTSUSDT,0.766,0.10069,0.10145,-0.007133,-0.018313,-0.01118,0.7772
2026-06-08T07:38:25.459907+00:00Z,bybit,mexc,ESPORTSUSDT,1.3431,0.10012,0.10145,-0.003653,-0.018313,-0.01466,1.3577
2026-06-08T07:38:25.459907+00:00Z,gate,mexc,ESPORTSUSDT,0.9063,0.10055,0.10145,-0.007133,-0.018313,-0.01118,0.9174
2026-06-08T07:38:27.500124+00:00Z,bybit,mexc,ESPORTSUSDT,1.2041,0.10089,0.10209,-0.003653,-0.018313,-0.01466,1.2187
2026-06-08T07:38:27.500124+00:00Z,gate,mexc,ESPORTSUSDT,0.9904,0.1011,0.10209,-0.007133,-0.018313,-0.01118,1.0016
2026-06-08T07:38:29.504023+00:00Z,bybit,mexc,ESPORTSUSDT,1.164,0.10093,0.10209,-0.003653,-0.018313,-0.01466,1.1786
2026-06-08T07:38:29.504023+00:00Z,gate,mexc,ESPORTSUSDT,0.791,0.1013,0.10209,-0.007133,-0.018313,-0.01118,0.8022
2026-06-08T07:39:01.700081+00:00Z,gate,mexc,ESPORTSUSDT,1.1074,0.10035,0.10145,-0.0071,-0.018313,-0.011213,1.1186
2026-06-08T07:39:01.700081+00:00Z,bybit,mexc,ESPORTSUSDT,1.0605,0.1004,0.10145,-0.003653,-0.018313,-0.01466,1.0751
2026-06-08T07:39:05.706419+00:00Z,bybit,mexc,ESPORTSUSDT,1.1682,0.10143,0.1026,-0.003653,-0.018313,-0.01466,1.1828
2026-06-08T07:39:05.706419+00:00Z,gate,mexc,ESPORTSUSDT,1.085,0.10151,0.1026,-0.0071,-0.018313,-0.011213,1.0962
2026-06-08T07:39:07.709585+00:00Z,bybit,mexc,ESPORTSUSDT,1.3363,0.10139,0.10273,-0.003653,-0.018313,-0.01466,1.3509
2026-06-08T07:39:07.709585+00:00Z,gate,mexc,ESPORTSUSDT,1.1035,0.10162,0.10273,-0.0071,-0.018313,-0.011213,1.1147
2026-06-08T07:39:09.725846+00:00Z,bybit,mexc,ESPORTSUSDT,1.1381,0.10146,0.1026,-0.00379,-0.018313,-0.014523,1.1526
2026-06-08T07:39:09.725846+00:00Z,gate,mexc,ESPORTSUSDT,0.9061,0.10169,0.1026,-0.0071,-0.018313,-0.011213,0.9173
2026-06-08T07:39:11.728739+00:00Z,gate,mexc,ESPORTSUSDT,1.0829,0.10171,0.1028,-0.0071,-0.018313,-0.011213,1.0941
2026-06-08T07:39:11.728739+00:00Z,bybit,mexc,ESPORTSUSDT,0.9572,0.10184,0.1028,-0.00379,-0.018313,-0.014523,0.9717
2026-06-08T07:39:13.767767+00:00Z,gate,mexc,ESPORTSUSDT,1.2058,0.10213,0.10335,-0.0071,-0.018313,-0.011213,1.217
2026-06-08T07:39:13.767767+00:00Z,bybit,mexc,ESPORTSUSDT,1.1794,0.10216,0.10335,-0.00379,-0.018313,-0.014523,1.1939
2026-06-08T07:39:15.772509+00:00Z,gate,mexc,ESPORTSUSDT,1.2023,0.10159,0.1028,-0.0071,-0.018313,-0.011213,1.2135
2026-06-08T07:39:15.772509+00:00Z,bybit,mexc,ESPORTSUSDT,1.1061,0.10169,0.1028,-0.00379,-0.018313,-0.014523,1.1206
2026-06-08T07:39:17.788765+00:00Z,bybit,mexc,ESPORTSUSDT,1.0883,0.10151,0.1026,-0.00379,-0.018313,-0.014523,1.1028
2026-06-08T07:39:17.788765+00:00Z,gate,mexc,ESPORTSUSDT,0.7971,0.1018,0.1026,-0.0071,-0.018313,-0.011213,0.8083
2026-06-08T07:39:19.804881+00:00Z,gate,mexc,ESPORTSUSDT,0.9615,0.10207,0.10304,-0.0071,-0.018313,-0.011213,0.9728
2026-06-08T07:39:19.804881+00:00Z,bybit,mexc,ESPORTSUSDT,0.728,0.10231,0.10304,-0.00379,-0.018313,-0.014523,0.7426
2026-06-08T07:39:21.822066+00:00Z,gate,mexc,ESPORTSUSDT,1.2372,0.10114,0.10238,-0.0071,-0.018313,-0.011213,1.2484
2026-06-08T07:39:21.822066+00:00Z,bybit,mexc,ESPORTSUSDT,1.0208,0.10136,0.10238,-0.00379,-0.018313,-0.014523,1.0354
2026-06-08T07:39:23.864354+00:00Z,gate,mexc,ESPORTSUSDT,1.2729,0.10145,0.10273,-0.0071,-0.018313,-0.011213,1.2841
2026-06-08T07:39:23.864354+00:00Z,bybit,mexc,ESPORTSUSDT,1.2363,0.10149,0.10273,-0.00379,-0.018313,-0.014523,1.2508
2026-06-08T07:39:25.880068+00:00Z,gate,mexc,ESPORTSUSDT,1.2745,0.10132,0.1026,-0.0071,-0.018313,-0.011213,1.2858
2026-06-08T07:39:25.880068+00:00Z,bybit,mexc,ESPORTSUSDT,1.198,0.1014,0.1026,-0.00379,-0.018313,-0.014523,1.2125
2026-06-08T07:39:27.912734+00:00Z,gate,mexc,ESPORTSUSDT,1.2929,0.10143,0.10273,-0.0071,-0.018313,-0.011213,1.3041
2026-06-08T07:39:27.912734+00:00Z,bybit,mexc,ESPORTSUSDT,0.7796,0.10195,0.10273,-0.00379,-0.018313,-0.014523,0.7941
2026-06-08T07:39:29.928812+00:00Z,gate,mexc,ESPORTSUSDT,1.158,0.10115,0.10231,-0.0071,-0.018313,-0.011213,1.1692
2026-06-08T07:39:29.928812+00:00Z,bybit,mexc,ESPORTSUSDT,1.0714,0.10124,0.10231,-0.00379,-0.018313,-0.014523,1.0859
2026-06-08T07:39:31.932547+00:00Z,gate,mexc,ESPORTSUSDT,0.7811,0.10131,0.10209,-0.0071,-0.018313,-0.011213,0.7923
2026-06-08T07:39:31.932547+00:00Z,bybit,mexc,ESPORTSUSDT,0.5364,0.10156,0.10209,-0.00379,-0.018313,-0.014523,0.5509
2026-06-08T07:39:33.948613+00:00Z,gate,mexc,ESPORTSUSDT,1.4219,0.10137,0.1028,-0.007073,-0.018313,-0.01124,1.4332
2026-06-08T07:39:33.948613+00:00Z,bybit,mexc,ESPORTSUSDT,1.1857,0.10161,0.1028,-0.00379,-0.018313,-0.014523,1.2002
2026-06-08T07:39:35.965890+00:00Z,bybit,mexc,ESPORTSUSDT,1.0571,0.10167,0.10273,-0.00379,-0.018313,-0.014523,1.0716
2026-06-08T07:39:35.965890+00:00Z,gate,mexc,ESPORTSUSDT,0.9942,0.10173,0.10273,-0.007073,-0.018313,-0.01124,1.0055
2026-06-08T07:39:37.999811+00:00Z,gate,mexc,ESPORTSUSDT,1.2521,0.10154,0.1028,-0.007073,-0.018313,-0.01124,1.2634
2026-06-08T07:39:37.999811+00:00Z,bybit,mexc,ESPORTSUSDT,1.2155,0.10158,0.1028,-0.00379,-0.018313,-0.014523,1.2301
2026-06-08T07:39:42.019278+00:00Z,gate,mexc,ESPORTSUSDT,1.3519,0.10144,0.1028,-0.007073,-0.018313,-0.01124,1.3632
2026-06-08T07:39:42.019278+00:00Z,bybit,mexc,ESPORTSUSDT,1.1359,0.10166,0.1028,-0.00379,-0.018313,-0.014523,1.1504
2026-06-08T07:39:44.048699+00:00Z,gate,mexc,ESPORTSUSDT,0.8258,0.1019,0.10273,-0.007073,-0.018313,-0.01124,0.837
2026-06-08T07:39:44.048699+00:00Z,bybit,mexc,ESPORTSUSDT,0.7302,0.102,0.10273,-0.00379,-0.018313,-0.014523,0.7447
2026-06-08T07:39:50.067197+00:00Z,gate,mexc,ESPORTSUSDT,1.1165,0.10224,0.10337,-0.007073,-0.018313,-0.01124,1.1277
2026-06-08T07:39:50.067197+00:00Z,bybit,mexc,ESPORTSUSDT,0.8633,0.1025,0.10337,-0.00379,-0.018313,-0.014523,0.8778
2026-06-08T07:39:52.086043+00:00Z,gate,mexc,ESPORTSUSDT,1.1113,0.10272,0.10385,-0.007073,-0.018313,-0.01124,1.1226
2026-06-08T07:39:52.086043+00:00Z,bybit,mexc,ESPORTSUSDT,1.0556,0.10278,0.10385,-0.00379,-0.018313,-0.014523,1.0701
2026-06-08T07:39:54.089357+00:00Z,bybit,mexc,ESPORTSUSDT,0.7552,0.10261,0.10337,-0.00379,-0.018313,-0.014523,0.7697
2026-06-08T07:39:54.089357+00:00Z,gate,mexc,ESPORTSUSDT,0.5951,0.10277,0.10337,-0.007073,-0.018313,-0.01124,0.6063
2026-06-08T07:39:56.108771+00:00Z,bybit,mexc,ESPORTSUSDT,1.1745,0.10345,0.10465,-0.00379,-0.018313,-0.014523,1.189
2026-06-08T07:39:56.108771+00:00Z,gate,mexc,ESPORTSUSDT,1.054,0.10357,0.10465,-0.007073,-0.018313,-0.01124,1.0653
2026-06-08T07:39:58.112911+00:00Z,bybit,mexc,ESPORTSUSDT,0.9112,0.10372,0.10465,-0.00379,-0.018313,-0.014523,0.9257
2026-06-08T07:39:58.112911+00:00Z,gate,mexc,ESPORTSUSDT,0.8107,0.10382,0.10465,-0.007073,-0.018313,-0.01124,0.8219
2026-06-08T07:40:00.126428+00:00Z,gate,mexc,ESPORTSUSDT,1.2165,0.10371,0.10496,-0.007073,-0.018313,-0.01124,1.2278
2026-06-08T07:40:00.126428+00:00Z,bybit,mexc,ESPORTSUSDT,1.1321,0.1038,0.10496,-0.00379,-0.018313,-0.014523,1.1466
2026-06-08T07:40:02.129028+00:00Z,gate,mexc,ESPORTSUSDT,0.8155,0.10445,0.10529,-0.007073,-0.018313,-0.01124,0.8267
2026-06-08T07:40:02.129028+00:00Z,bybit,mexc,ESPORTSUSDT,0.6934,0.10458,0.10529,-0.00379,-0.018313,-0.014523,0.708
2026-06-08T07:40:04.147432+00:00Z,gate,bybit,LUMIAUSDT,0.5203,0.08264,0.08307,5e-05,5e-05,0.0,0.5203
2026-06-08T07:40:06.167594+00:00Z,gate,mexc,ESPORTSUSDT,1.5196,0.10277,0.10432,-0.007073,-0.018464,-0.011391,1.531
2026-06-08T07:40:06.167594+00:00Z,bybit,mexc,ESPORTSUSDT,1.0902,0.10321,0.10432,-0.00379,-0.018464,-0.014674,1.1048
2026-06-08T07:40:08.199815+00:00Z,gate,mexc,ESPORTSUSDT,0.9282,0.10362,0.10457,-0.007073,-0.018464,-0.011391,0.9396
2026-06-08T07:40:14.218555+00:00Z,gate,mexc,ESPORTSUSDT,1.0249,0.1036,0.10465,-0.007073,-0.018464,-0.011391,1.0363
2026-06-08T07:40:14.218555+00:00Z,bybit,mexc,ESPORTSUSDT,0.8918,0.10374,0.10465,-0.003857,-0.018464,-0.014607,0.9064
2026-06-08T07:40:16.233619+00:00Z,gate,mexc,ESPORTSUSDT,1.1576,0.10382,0.10501,-0.007073,-0.018464,-0.011391,1.169
2026-06-08T07:40:16.233619+00:00Z,bybit,mexc,ESPORTSUSDT,1.0829,0.1039,0.10501,-0.003857,-0.018464,-0.014607,1.0975
2026-06-08T07:40:18.249744+00:00Z,gate,mexc,ESPORTSUSDT,1.0245,0.10364,0.10469,-0.007073,-0.018464,-0.011391,1.0359
2026-06-08T07:40:18.249744+00:00Z,bybit,mexc,ESPORTSUSDT,0.8817,0.10379,0.10469,-0.003857,-0.018464,-0.014607,0.8964
2026-06-08T07:40:20.266574+00:00Z,gate,mexc,ESPORTSUSDT,0.8957,0.10404,0.10496,-0.007073,-0.018464,-0.011391,0.9071
2026-06-08T07:40:20.266574+00:00Z,bybit,mexc,ESPORTSUSDT,0.8311,0.10411,0.10496,-0.003857,-0.018464,-0.014607,0.8457
2026-06-08T07:40:22.282270+00:00Z,gate,mexc,ESPORTSUSDT,1.5594,0.10336,0.10496,-0.007073,-0.018464,-0.011391,1.5708
2026-06-08T07:40:22.282270+00:00Z,bybit,mexc,ESPORTSUSDT,1.4841,0.10344,0.10496,-0.003857,-0.018464,-0.014607,1.4987
2026-06-08T07:40:24.299426+00:00Z,gate,mexc,ESPORTSUSDT,1.0821,0.10367,0.10478,-0.007073,-0.018464,-0.011391,1.0935
2026-06-08T07:40:24.299426+00:00Z,bybit,mexc,ESPORTSUSDT,0.9004,0.10386,0.10478,-0.003857,-0.018464,-0.014607,0.915
2026-06-08T07:40:26.304407+00:00Z,gate,mexc,ESPORTSUSDT,1.1851,0.10309,0.1043,-0.007073,-0.018464,-0.011391,1.1965
2026-06-08T07:40:26.304407+00:00Z,bybit,mexc,ESPORTSUSDT,1.1785,0.1031,0.1043,-0.003857,-0.018464,-0.014607,1.1931
2026-06-08T07:40:28.322791+00:00Z,gate,mexc,ESPORTSUSDT,1.1997,0.10267,0.10389,-0.007073,-0.018464,-0.011391,1.2111
2026-06-08T07:40:28.322791+00:00Z,bybit,mexc,ESPORTSUSDT,1.1438,0.10273,0.10389,-0.003857,-0.018464,-0.014607,1.1584
2026-06-08T07:40:30.325759+00:00Z,gate,mexc,ESPORTSUSDT,0.6227,0.10305,0.10368,-0.007073,-0.018464,-0.011391,0.6341
2026-06-08T07:40:32.340772+00:00Z,bybit,mexc,ESPORTSUSDT,1.1844,0.10344,0.10465,-0.003857,-0.018464,-0.014607,1.199
2026-06-08T07:40:32.340772+00:00Z,gate,mexc,ESPORTSUSDT,1.1812,0.10344,0.10465,-0.007073,-0.018464,-0.011391,1.1925
2026-06-08T07:40:34.357567+00:00Z,gate,mexc,ESPORTSUSDT,1.2204,0.1034,0.10465,-0.007006,-0.018464,-0.011458,1.2318
2026-06-08T07:40:34.357567+00:00Z,bybit,mexc,ESPORTSUSDT,1.116,0.10351,0.10465,-0.003857,-0.018464,-0.014607,1.1306
2026-06-08T07:40:36.359926+00:00Z,gate,mexc,ESPORTSUSDT,1.2497,0.10337,0.10465,-0.007006,-0.018464,-0.011458,1.2612
2026-06-08T07:40:36.359926+00:00Z,bybit,mexc,ESPORTSUSDT,1.2039,0.10342,0.10465,-0.003857,-0.018464,-0.014607,1.2185
2026-06-08T07:40:38.376889+00:00Z,gate,mexc,ESPORTSUSDT,0.9313,0.10328,0.10423,-0.007006,-0.018464,-0.011458,0.9427
2026-06-08T07:40:38.376889+00:00Z,bybit,mexc,ESPORTSUSDT,0.5548,0.10367,0.10423,-0.003857,-0.018464,-0.014607,0.5694
2026-06-08T07:40:40.379357+00:00Z,bybit,mexc,ESPORTSUSDT,1.1759,0.10333,0.10453,-0.003857,-0.018464,-0.014607,1.1905
2026-06-08T07:40:40.379357+00:00Z,gate,mexc,ESPORTSUSDT,1.0066,0.1035,0.10453,-0.007006,-0.018464,-0.011458,1.0181
2026-06-08T07:40:42.383747+00:00Z,gate,mexc,ESPORTSUSDT,0.7378,0.10326,0.10401,-0.007006,-0.018464,-0.011458,0.7492
2026-06-08T07:40:42.383747+00:00Z,bybit,mexc,ESPORTSUSDT,0.7312,0.10327,0.10401,-0.003857,-0.018464,-0.014607,0.7458
2026-06-08T07:40:44.389935+00:00Z,gate,mexc,ESPORTSUSDT,0.8134,0.1035,0.10433,-0.007006,-0.018464,-0.011458,0.8248
2026-06-08T07:40:44.389935+00:00Z,bybit,mexc,ESPORTSUSDT,0.7679,0.10355,0.10433,-0.003857,-0.018464,-0.014607,0.7825
2026-06-08T07:40:46.407037+00:00Z,gate,mexc,ESPORTSUSDT,0.8816,0.10343,0.10433,-0.007006,-0.018464,-0.011458,0.8931
2026-06-08T07:40:46.407037+00:00Z,bybit,mexc,ESPORTSUSDT,0.7776,0.10354,0.10433,-0.003857,-0.018464,-0.014607,0.7922
2026-06-08T07:40:48.423614+00:00Z,gate,mexc,ESPORTSUSDT,0.905,0.10408,0.10501,-0.007006,-0.018464,-0.011458,0.9165
2026-06-08T07:40:48.423614+00:00Z,bybit,mexc,ESPORTSUSDT,0.792,0.1042,0.10501,-0.003857,-0.018464,-0.014607,0.8066
2026-06-08T07:40:50.439991+00:00Z,bybit,mexc,ESPORTSUSDT,1.3889,0.1026,0.10401,-0.003857,-0.018464,-0.014607,1.4035
2026-06-08T07:40:50.439991+00:00Z,gate,mexc,ESPORTSUSDT,1.3758,0.10261,0.10401,-0.007006,-0.018464,-0.011458,1.3873
2026-06-08T07:40:52.454965+00:00Z,bybit,mexc,ESPORTSUSDT,1.0211,0.10234,0.10337,-0.003857,-0.018464,-0.014607,1.0357
2026-06-08T07:40:52.454965+00:00Z,gate,mexc,ESPORTSUSDT,0.8209,0.10254,0.10337,-0.007006,-0.018464,-0.011458,0.8324
2026-06-08T07:40:54.472277+00:00Z,gate,mexc,ESPORTSUSDT,0.7718,0.10259,0.10337,-0.007006,-0.018464,-0.011458,0.7832
2026-06-08T07:40:54.472277+00:00Z,bybit,mexc,ESPORTSUSDT,0.53,0.10284,0.10337,-0.003857,-0.018464,-0.014607,0.5446
2026-06-08T07:40:56.488318+00:00Z,gate,mexc,ESPORTSUSDT,0.9166,0.10275,0.10368,-0.007006,-0.018464,-0.011458,0.928
2026-06-08T07:40:56.488318+00:00Z,bybit,mexc,ESPORTSUSDT,0.8706,0.1028,0.10368,-0.003857,-0.018464,-0.014607,0.8852
2026-06-08T07:40:58.516897+00:00Z,gate,mexc,ESPORTSUSDT,0.9263,0.10275,0.10369,-0.007006,-0.018464,-0.011458,0.9378
2026-06-08T07:41:00.518672+00:00Z,gate,mexc,ESPORTSUSDT,0.8843,0.10311,0.10401,-0.007006,-0.018464,-0.011458,0.8958
2026-06-08T07:41:00.518672+00:00Z,bybit,mexc,ESPORTSUSDT,0.8777,0.10312,0.10401,-0.003857,-0.018464,-0.014607,0.8923
2026-06-08T07:41:04.536247+00:00Z,gate,mexc,ESPORTSUSDT,1.1825,0.10248,0.10368,-0.007006,-0.018544,-0.011538,1.194
2026-06-08T07:41:04.536247+00:00Z,bybit,mexc,ESPORTSUSDT,1.0279,0.10264,0.10368,-0.003857,-0.018544,-0.014687,1.0426
2026-06-08T07:41:06.552110+00:00Z,gate,mexc,ESPORTSUSDT,1.1591,0.10283,0.10401,-0.007006,-0.018544,-0.011538,1.1706
2026-06-08T07:41:06.552110+00:00Z,bybit,mexc,ESPORTSUSDT,0.9953,0.103,0.10401,-0.003857,-0.018544,-0.014687,1.01
2026-06-08T07:41:06.552110+00:00Z,mexc,bybit,KASUSDT,0.5226,0.03253,0.0327,5e-05,5e-05,0.0,0.5226
2026-06-08T07:41:08.570066+00:00Z,gate,mexc,ESPORTSUSDT,1.1001,0.10289,0.10401,-0.007006,-0.018544,-0.011538,1.1116
2026-06-08T07:41:08.570066+00:00Z,bybit,mexc,ESPORTSUSDT,0.9952,0.103,0.10401,-0.003966,-0.018544,-0.014578,1.0097
2026-06-08T07:41:10.572601+00:00Z,gate,mexc,ESPORTSUSDT,1.0252,0.10358,0.10463,-0.007006,-0.018544,-0.011538,1.0368
2026-06-08T07:41:10.572601+00:00Z,bybit,mexc,ESPORTSUSDT,0.9211,0.10369,0.10463,-0.003966,-0.018544,-0.014578,0.9357
2026-06-08T07:41:12.590234+00:00Z,gate,mexc,ESPORTSUSDT,1.1707,0.10352,0.10472,-0.007006,-0.018544,-0.011538,1.1823
2026-06-08T07:41:12.590234+00:00Z,bybit,mexc,ESPORTSUSDT,0.8426,0.10386,0.10472,-0.003966,-0.018544,-0.014578,0.8572
2026-06-08T07:41:14.623701+00:00Z,gate,mexc,ESPORTSUSDT,1.0356,0.10351,0.10457,-0.007006,-0.018544,-0.011538,1.0471
2026-06-08T07:41:14.623701+00:00Z,bybit,mexc,ESPORTSUSDT,0.737,0.10382,0.10457,-0.003966,-0.018544,-0.014578,0.7516
2026-06-08T07:41:16.641254+00:00Z,gate,mexc,ESPORTSUSDT,0.9576,0.10359,0.10457,-0.007006,-0.018544,-0.011538,0.9691
2026-06-08T07:41:16.641254+00:00Z,bybit,mexc,ESPORTSUSDT,0.6788,0.10388,0.10457,-0.003966,-0.018544,-0.014578,0.6934
2026-06-08T07:41:18.673778+00:00Z,gate,mexc,ESPORTSUSDT,1.2704,0.10327,0.10457,-0.007006,-0.018544,-0.011538,1.2819
2026-06-08T07:41:18.673778+00:00Z,bybit,mexc,ESPORTSUSDT,1.1461,0.1034,0.10457,-0.003966,-0.018544,-0.014578,1.1607
2026-06-08T07:41:20.690550+00:00Z,gate,mexc,ESPORTSUSDT,0.9478,0.1036,0.10457,-0.007006,-0.018544,-0.011538,0.9594
2026-06-08T07:41:20.690550+00:00Z,bybit,mexc,ESPORTSUSDT,0.7564,0.1038,0.10457,-0.003966,-0.018544,-0.014578,0.771
2026-06-08T07:41:22.693383+00:00Z,gate,mexc,ESPORTSUSDT,0.9478,0.1036,0.10457,-0.007006,-0.018544,-0.011538,0.9594
2026-06-08T07:41:22.693383+00:00Z,bybit,mexc,ESPORTSUSDT,0.7758,0.10378,0.10457,-0.003966,-0.018544,-0.014578,0.7904
2026-06-08T07:41:24.709875+00:00Z,gate,mexc,ESPORTSUSDT,1.0844,0.10346,0.10457,-0.007006,-0.018544,-0.011538,1.096
2026-06-08T07:41:26.725126+00:00Z,gate,mexc,ESPORTSUSDT,1.4177,0.10312,0.10457,-0.007006,-0.018544,-0.011538,1.4292
2026-06-08T07:41:26.725126+00:00Z,bybit,mexc,ESPORTSUSDT,1.244,0.1033,0.10457,-0.003966,-0.018544,-0.014578,1.2586
2026-06-08T07:41:28.741511+00:00Z,gate,mexc,ESPORTSUSDT,1.5358,0.103,0.10457,-0.007006,-0.018544,-0.011538,1.5473
2026-06-08T07:41:28.741511+00:00Z,bybit,mexc,ESPORTSUSDT,1.3814,0.10316,0.10457,-0.003966,-0.018544,-0.014578,1.396
2026-06-08T07:41:30.744011+00:00Z,gate,mexc,ESPORTSUSDT,1.6246,0.10291,0.10457,-0.007006,-0.018544,-0.011538,1.6361
2026-06-08T07:41:30.744011+00:00Z,bybit,mexc,ESPORTSUSDT,1.1852,0.10336,0.10457,-0.003966,-0.018544,-0.014578,1.1998
2026-06-08T07:41:32.760164+00:00Z,gate,mexc,ESPORTSUSDT,1.6049,0.10293,0.10457,-0.007006,-0.018544,-0.011538,1.6164
2026-06-08T07:41:32.760164+00:00Z,bybit,mexc,ESPORTSUSDT,1.2832,0.10326,0.10457,-0.003966,-0.018544,-0.014578,1.2978
2026-06-08T07:41:34.786297+00:00Z,gate,mexc,ESPORTSUSDT,1.3981,0.10314,0.10457,-0.00695,-0.018544,-0.011594,1.4097
2026-06-08T07:41:34.786297+00:00Z,bybit,mexc,ESPORTSUSDT,1.2048,0.10334,0.10457,-0.003966,-0.018544,-0.014578,1.2194
2026-06-08T07:41:36.804380+00:00Z,gate,mexc,ESPORTSUSDT,1.6148,0.10292,0.10457,-0.00695,-0.018544,-0.011594,1.6264
2026-06-08T07:41:36.804380+00:00Z,bybit,mexc,ESPORTSUSDT,1.0386,0.10351,0.10457,-0.003966,-0.018544,-0.014578,1.0532
2026-06-08T07:41:38.820664+00:00Z,gate,mexc,ESPORTSUSDT,1.3489,0.10319,0.10457,-0.00695,-0.018544,-0.011594,1.3605
2026-06-08T07:41:38.820664+00:00Z,bybit,mexc,ESPORTSUSDT,1.2244,0.10332,0.10457,-0.003966,-0.018544,-0.014578,1.239
2026-06-08T07:41:40.852916+00:00Z,gate,mexc,ESPORTSUSDT,1.6345,0.1029,0.10457,-0.00695,-0.018544,-0.011594,1.6461
2026-06-08T07:41:40.852916+00:00Z,bybit,mexc,ESPORTSUSDT,1.4601,0.10308,0.10457,-0.003966,-0.018544,-0.014578,1.4746
2026-06-08T07:41:42.869111+00:00Z,gate,mexc,ESPORTSUSDT,1.5654,0.10297,0.10457,-0.00695,-0.018544,-0.011594,1.577
2026-06-08T07:41:42.869111+00:00Z,bybit,mexc,ESPORTSUSDT,1.2832,0.10326,0.10457,-0.003966,-0.018544,-0.014578,1.2978
2026-06-08T07:41:44.886067+00:00Z,gate,mexc,ESPORTSUSDT,1.4177,0.10312,0.10457,-0.00695,-0.018544,-0.011594,1.4293
2026-06-08T07:41:44.886067+00:00Z,bybit,mexc,ESPORTSUSDT,1.1657,0.10338,0.10457,-0.003966,-0.018544,-0.014578,1.1803
2026-06-08T07:41:44.886067+00:00Z,mexc,bybit,ALLOUSDT,0.5914,0.45132,0.45399,-0.000315,-7.9e-05,0.000236,0.5911
2026-06-08T07:41:46.903122+00:00Z,gate,mexc,ESPORTSUSDT,1.135,0.10326,0.10442,-0.00695,-0.018544,-0.011594,1.1466
2026-06-08T07:41:46.903122+00:00Z,bybit,mexc,ESPORTSUSDT,0.923,0.10348,0.10442,-0.003966,-0.018544,-0.014578,0.9375
2026-06-08T07:41:48.920142+00:00Z,gate,mexc,ESPORTSUSDT,1.1949,0.1031,0.10432,-0.00695,-0.018544,-0.011594,1.2065
2026-06-08T07:41:48.920142+00:00Z,bybit,mexc,ESPORTSUSDT,0.9922,0.10331,0.10432,-0.003966,-0.018544,-0.014578,1.0068
2026-06-08T07:41:50.938577+00:00Z,gate,mexc,ESPORTSUSDT,1.1524,0.10344,0.10462,-0.00695,-0.018544,-0.011594,1.1639
2026-06-08T07:41:50.938577+00:00Z,bybit,mexc,ESPORTSUSDT,0.5334,0.10408,0.10462,-0.003966,-0.018544,-0.014578,0.548
2026-06-08T07:41:54.968928+00:00Z,gate,mexc,ESPORTSUSDT,1.0677,0.10321,0.1043,-0.00695,-0.018544,-0.011594,1.0793
2026-06-08T07:41:54.968928+00:00Z,bybit,mexc,ESPORTSUSDT,0.7,0.10359,0.1043,-0.003966,-0.018544,-0.014578,0.7146
2026-06-08T07:41:56.985226+00:00Z,gate,mexc,ESPORTSUSDT,1.1522,0.10345,0.10463,-0.00695,-0.018544,-0.011594,1.1638
2026-06-08T07:41:56.985226+00:00Z,bybit,mexc,ESPORTSUSDT,0.9698,0.10364,0.10463,-0.003966,-0.018544,-0.014578,0.9844
2026-06-08T07:41:59.003122+00:00Z,bybit,mexc,ESPORTSUSDT,0.7604,0.10324,0.10401,-0.003966,-0.018544,-0.014578,0.775
2026-06-08T07:41:59.003122+00:00Z,gate,mexc,ESPORTSUSDT,0.6697,0.10333,0.10401,-0.00695,-0.018544,-0.011594,0.6813
2026-06-08T07:42:01.018670+00:00Z,gate,mexc,ESPORTSUSDT,1.1458,0.10316,0.10433,-0.00695,-0.018544,-0.011594,1.1573
2026-06-08T07:42:01.018670+00:00Z,bybit,mexc,ESPORTSUSDT,1.0606,0.10325,0.10433,-0.003966,-0.018544,-0.014578,1.0752
2026-06-08T07:42:03.038119+00:00Z,gate,mexc,ESPORTSUSDT,0.8949,0.10302,0.10393,-0.00695,-0.018544,-0.011594,0.9065
2026-06-08T07:42:03.038119+00:00Z,bybit,mexc,ESPORTSUSDT,0.8001,0.10312,0.10393,-0.003966,-0.018544,-0.014578,0.8146
2026-06-08T07:42:05.041827+00:00Z,bybit,mexc,ESPORTSUSDT,1.0998,0.1032,0.10432,-0.003966,-0.018544,-0.014578,1.1144
2026-06-08T07:42:05.041827+00:00Z,gate,mexc,ESPORTSUSDT,1.0871,0.10321,0.10432,-0.00695,-0.018544,-0.011594,1.0987
2026-06-08T07:42:07.058512+00:00Z,gate,mexc,ESPORTSUSDT,1.1049,0.10336,0.10449,-0.00695,-0.018544,-0.011594,1.1165
2026-06-08T07:42:07.058512+00:00Z,bybit,mexc,ESPORTSUSDT,0.8347,0.10364,0.10449,-0.003966,-0.018544,-0.014578,0.8493
2026-06-08T07:42:09.068139+00:00Z,gate,mexc,ESPORTSUSDT,0.9257,0.10393,0.10488,-0.00695,-0.018544,-0.011594,0.9373
2026-06-08T07:42:09.068139+00:00Z,bybit,mexc,ESPORTSUSDT,0.8219,0.10404,0.10488,-0.004065,-0.018544,-0.014479,0.8363
2026-06-08T07:42:13.085908+00:00Z,gate,mexc,ESPORTSUSDT,0.9019,0.10333,0.10425,-0.00695,-0.018544,-0.011594,0.9135
2026-06-08T07:42:13.085908+00:00Z,bybit,mexc,ESPORTSUSDT,0.6031,0.10364,0.10425,-0.004065,-0.018544,-0.014479,0.6175
2026-06-08T07:42:15.088725+00:00Z,gate,mexc,ESPORTSUSDT,1.1207,0.10369,0.10484,-0.00695,-0.018544,-0.011594,1.1323
2026-06-08T07:42:15.088725+00:00Z,bybit,mexc,ESPORTSUSDT,0.8998,0.10392,0.10484,-0.004065,-0.018544,-0.014479,0.9143
2026-06-08T07:42:19.093070+00:00Z,gate,mexc,ESPORTSUSDT,0.9041,0.1042,0.10513,-0.00695,-0.018544,-0.011594,0.9157
2026-06-08T07:42:19.093070+00:00Z,bybit,mexc,ESPORTSUSDT,0.6559,0.10446,0.10513,-0.004065,-0.018544,-0.014479,0.6704
2026-06-08T07:42:21.108915+00:00Z,gate,mexc,ESPORTSUSDT,1.0026,0.10394,0.10497,-0.00695,-0.018544,-0.011594,1.0141
2026-06-08T07:42:21.108915+00:00Z,bybit,mexc,ESPORTSUSDT,0.6376,0.10432,0.10497,-0.004065,-0.018544,-0.014479,0.652
2026-06-08T07:42:23.137958+00:00Z,gate,mexc,ESPORTSUSDT,1.1936,0.10406,0.10529,-0.00695,-0.018544,-0.011594,1.2052
2026-06-08T07:42:23.137958+00:00Z,bybit,mexc,ESPORTSUSDT,1.0024,0.10426,0.10529,-0.004065,-0.018544,-0.014479,1.0169
2026-06-08T07:42:27.142723+00:00Z,gate,mexc,ESPORTSUSDT,1.0446,0.10358,0.10465,-0.00695,-0.018544,-0.011594,1.0562
2026-06-08T07:42:27.142723+00:00Z,bybit,mexc,ESPORTSUSDT,0.8334,0.1038,0.10465,-0.004065,-0.018544,-0.014479,0.8478
2026-06-08T07:42:31.160392+00:00Z,gate,mexc,ESPORTSUSDT,1.0667,0.10331,0.1044,-0.00695,-0.018544,-0.011594,1.0783
2026-06-08T07:42:31.160392+00:00Z,bybit,mexc,ESPORTSUSDT,0.8353,0.10355,0.1044,-0.004065,-0.018544,-0.014479,0.8498
2026-06-08T07:42:33.192811+00:00Z,gate,mexc,ESPORTSUSDT,0.9726,0.10302,0.10401,-0.00695,-0.018544,-0.011594,0.9842
2026-06-08T07:42:33.192811+00:00Z,bybit,mexc,ESPORTSUSDT,0.8482,0.10315,0.10401,-0.004065,-0.018544,-0.014479,0.8627
2026-06-08T07:42:35.196352+00:00Z,gate,mexc,ESPORTSUSDT,1.1069,0.10317,0.1043,-0.006898,-0.018544,-0.011646,1.1186
2026-06-08T07:42:35.196352+00:00Z,bybit,mexc,ESPORTSUSDT,1.0412,0.10324,0.1043,-0.004065,-0.018544,-0.014479,1.0557
2026-06-08T07:42:37.212538+00:00Z,gate,mexc,ESPORTSUSDT,1.0677,0.10321,0.1043,-0.006898,-0.018544,-0.011646,1.0794
2026-06-08T07:42:37.212538+00:00Z,bybit,mexc,ESPORTSUSDT,1.0314,0.10325,0.1043,-0.004065,-0.018544,-0.014479,1.0459
2026-06-08T07:42:39.244713+00:00Z,gate,mexc,ESPORTSUSDT,0.9954,0.10267,0.10368,-0.006898,-0.018544,-0.011646,1.007
2026-06-08T07:42:39.244713+00:00Z,bybit,mexc,ESPORTSUSDT,0.7138,0.10296,0.10368,-0.004065,-0.018544,-0.014479,0.7283
2026-06-08T07:42:41.276829+00:00Z,gate,mexc,ESPORTSUSDT,1.1002,0.10289,0.10401,-0.006898,-0.018544,-0.011646,1.1118
2026-06-08T07:42:41.276829+00:00Z,bybit,mexc,ESPORTSUSDT,1.0736,0.10292,0.10401,-0.004065,-0.018544,-0.014479,1.088
2026-06-08T07:42:43.292557+00:00Z,gate,mexc,ESPORTSUSDT,1.2754,0.10208,0.10337,-0.006898,-0.018544,-0.011646,1.287
2026-06-08T07:42:43.292557+00:00Z,bybit,mexc,ESPORTSUSDT,1.1494,0.10221,0.10337,-0.004065,-0.018544,-0.014479,1.1639
2026-06-08T07:42:45.295161+00:00Z,bybit,mexc,ESPORTSUSDT,1.0504,0.10136,0.10241,-0.004065,-0.018544,-0.014479,1.0649
2026-06-08T07:42:45.295161+00:00Z,gate,mexc,ESPORTSUSDT,0.9579,0.10145,0.10241,-0.006898,-0.018544,-0.011646,0.9696
2026-06-08T07:42:47.312979+00:00Z,gate,mexc,ESPORTSUSDT,1.8271,0.10025,0.10207,-0.006898,-0.018544,-0.011646,1.8388
2026-06-08T07:42:47.312979+00:00Z,bybit,mexc,ESPORTSUSDT,1.3951,0.10068,0.10207,-0.004065,-0.018544,-0.014479,1.4096
2026-06-08T07:42:49.331224+00:00Z,gate,mexc,ESPORTSUSDT,0.5732,0.1015,0.10207,-0.006898,-0.018544,-0.011646,0.5849
2026-06-08T07:42:51.333008+00:00Z,gate,mexc,ESPORTSUSDT,0.8514,0.10122,0.10207,-0.006898,-0.018544,-0.011646,0.863
2026-06-08T07:42:51.333008+00:00Z,bybit,mexc,ESPORTSUSDT,0.6852,0.10139,0.10207,-0.004065,-0.018544,-0.014479,0.6996
2026-06-08T07:42:53.351955+00:00Z,mexc,bybit,ESPORTSUSDT,0.9163,0.10207,0.10302,-0.018544,-0.004065,0.014479,0.9018
2026-06-08T07:42:59.380490+00:00Z,gate,mexc,ESPORTSUSDT,0.9811,0.10109,0.10207,-0.006898,-0.018544,-0.011646,0.9927
2026-06-08T07:42:59.380490+00:00Z,bybit,mexc,ESPORTSUSDT,0.7945,0.10128,0.10207,-0.004065,-0.018544,-0.014479,0.809
2026-06-08T07:43:01.396095+00:00Z,gate,mexc,ESPORTSUSDT,1.5435,0.10053,0.10207,-0.006898,-0.018544,-0.011646,1.5552
2026-06-08T07:43:01.396095+00:00Z,bybit,mexc,ESPORTSUSDT,1.4455,0.10063,0.10207,-0.004065,-0.018544,-0.014479,1.4599
2026-06-08T07:43:03.413463+00:00Z,gate,mexc,ESPORTSUSDT,3.9632,0.09819,0.10207,-0.006898,-0.018544,-0.011646,3.9748
2026-06-08T07:43:03.413463+00:00Z,bybit,mexc,ESPORTSUSDT,3.0322,0.09908,0.10207,-0.004065,-0.018544,-0.014479,3.0467
2026-06-08T07:43:03.413463+00:00Z,gate,bybit,ESPORTSUSDT,0.985,0.09819,0.09916,-0.006898,-0.004065,0.002833,0.9822
2026-06-08T07:43:05.417284+00:00Z,gate,mexc,ESPORTSUSDT,3.3005,0.09882,0.10207,-0.006898,-0.018544,-0.011646,3.3121
2026-06-08T07:43:05.417284+00:00Z,bybit,mexc,ESPORTSUSDT,2.9907,0.09912,0.10207,-0.004065,-0.018544,-0.014479,3.0051
2026-06-08T07:43:07.433310+00:00Z,gate,mexc,ESPORTSUSDT,2.5019,0.09959,0.10207,-0.006898,-0.018544,-0.011646,2.5135
2026-06-08T07:43:07.433310+00:00Z,bybit,mexc,ESPORTSUSDT,2.2071,0.09988,0.10207,-0.004065,-0.018544,-0.014479,2.2216
2026-06-08T07:43:09.449716+00:00Z,gate,mexc,ESPORTSUSDT,1.9899,0.10009,0.10207,-0.006898,-0.018544,-0.011646,2.0015
2026-06-08T07:43:09.449716+00:00Z,bybit,mexc,ESPORTSUSDT,1.8704,0.10021,0.10207,-0.004253,-0.018544,-0.014291,1.8847
2026-06-08T07:43:11.465312+00:00Z,gate,mexc,ESPORTSUSDT,2.2657,0.09982,0.10207,-0.006898,-0.018544,-0.011646,2.2773
2026-06-08T07:43:11.465312+00:00Z,bybit,mexc,ESPORTSUSDT,2.0333,0.10005,0.10207,-0.004253,-0.018544,-0.014291,2.0476
2026-06-08T07:43:13.486198+00:00Z,gate,mexc,ESPORTSUSDT,1.5031,0.10057,0.10207,-0.006898,-0.018544,-0.011646,1.5148
2026-06-08T07:43:13.486198+00:00Z,bybit,mexc,ESPORTSUSDT,1.2039,0.10087,0.10207,-0.004253,-0.018544,-0.014291,1.2182
2026-06-08T07:43:15.489964+00:00Z,gate,mexc,ESPORTSUSDT,1.7561,0.10032,0.10207,-0.006898,-0.018544,-0.011646,1.7677
2026-06-08T07:43:15.489964+00:00Z,bybit,mexc,ESPORTSUSDT,1.5967,0.10048,0.10207,-0.004253,-0.018544,-0.014291,1.611
2026-06-08T07:43:17.507803+00:00Z,gate,mexc,ESPORTSUSDT,1.8271,0.10025,0.10207,-0.006898,-0.018544,-0.011646,1.8388
2026-06-08T07:43:17.507803+00:00Z,bybit,mexc,ESPORTSUSDT,1.779,0.1003,0.10207,-0.004253,-0.018544,-0.014291,1.7933
2026-06-08T07:43:19.525092+00:00Z,gate,mexc,ESPORTSUSDT,1.1111,0.10096,0.10207,-0.006898,-0.018544,-0.011646,1.1227
2026-06-08T07:43:19.525092+00:00Z,bybit,mexc,ESPORTSUSDT,1.0837,0.10099,0.10207,-0.004253,-0.018544,-0.014291,1.098
2026-06-08T07:43:21.547893+00:00Z,gate,mexc,ESPORTSUSDT,1.4931,0.10058,0.10207,-0.006898,-0.018544,-0.011646,1.5047
2026-06-08T07:43:21.547893+00:00Z,bybit,mexc,ESPORTSUSDT,1.415,0.10066,0.10207,-0.004253,-0.018544,-0.014291,1.4293
2026-06-08T07:43:23.569336+00:00Z,gate,mexc,ESPORTSUSDT,1.6042,0.10047,0.10207,-0.006898,-0.018544,-0.011646,1.6158
2026-06-08T07:43:23.569336+00:00Z,bybit,mexc,ESPORTSUSDT,1.2642,0.10081,0.10207,-0.004253,-0.018544,-0.014291,1.2785
2026-06-08T07:43:25.590131+00:00Z,gate,mexc,ESPORTSUSDT,1.7256,0.10035,0.10207,-0.006898,-0.018544,-0.011646,1.7373
2026-06-08T07:43:25.590131+00:00Z,bybit,mexc,ESPORTSUSDT,1.5159,0.10056,0.10207,-0.004253,-0.018544,-0.014291,1.5302
2026-06-08T07:43:27.611434+00:00Z,gate,mexc,ESPORTSUSDT,1.4628,0.10061,0.10207,-0.006898,-0.018544,-0.011646,1.4744
2026-06-08T07:43:27.611434+00:00Z,bybit,mexc,ESPORTSUSDT,1.2843,0.10079,0.10207,-0.004253,-0.018544,-0.014291,1.2985
2026-06-08T07:43:29.635071+00:00Z,gate,mexc,ESPORTSUSDT,1.3017,0.10077,0.10207,-0.006898,-0.018544,-0.011646,1.3134
2026-06-08T07:43:29.635071+00:00Z,bybit,mexc,ESPORTSUSDT,1.1238,0.10095,0.10207,-0.004253,-0.018544,-0.014291,1.138
2026-06-08T07:43:31.652428+00:00Z,gate,mexc,ESPORTSUSDT,1.4729,0.1006,0.10207,-0.006898,-0.018544,-0.011646,1.4845
2026-06-08T07:43:31.652428+00:00Z,bybit,mexc,ESPORTSUSDT,1.2843,0.10079,0.10207,-0.004253,-0.018544,-0.014291,1.2985
2026-06-08T07:43:33.663331+00:00Z,gate,mexc,ESPORTSUSDT,2.0,0.10008,0.10207,-0.006941,-0.018544,-0.011603,2.0116
2026-06-08T07:43:33.663331+00:00Z,bybit,mexc,ESPORTSUSDT,1.7384,0.10034,0.10207,-0.004253,-0.018544,-0.014291,1.7527
2026-06-08T07:43:35.680598+00:00Z,gate,mexc,ESPORTSUSDT,2.9255,0.09918,0.10207,-0.006941,-0.018544,-0.011603,2.9371
2026-06-08T07:43:35.680598+00:00Z,bybit,mexc,ESPORTSUSDT,2.7417,0.09936,0.10207,-0.004253,-0.018544,-0.014291,2.756
2026-06-08T07:43:37.684616+00:00Z,gate,mexc,ESPORTSUSDT,3.8679,0.09828,0.10207,-0.006941,-0.018544,-0.011603,3.8795
2026-06-08T07:43:37.684616+00:00Z,bybit,mexc,ESPORTSUSDT,3.5651,0.09857,0.10207,-0.004253,-0.018544,-0.014291,3.5794
2026-06-08T07:43:39.712588+00:00Z,gate,mexc,ESPORTSUSDT,3.1856,0.09893,0.10207,-0.006941,-0.018544,-0.011603,3.1972
2026-06-08T07:43:39.712588+00:00Z,bybit,mexc,ESPORTSUSDT,2.7417,0.09936,0.10207,-0.004253,-0.018544,-0.014291,2.756
2026-06-08T07:43:41.732660+00:00Z,gate,mexc,ESPORTSUSDT,3.0502,0.09906,0.10207,-0.006941,-0.018544,-0.011603,3.0618
2026-06-08T07:43:41.732660+00:00Z,bybit,mexc,ESPORTSUSDT,2.6694,0.09943,0.10207,-0.004253,-0.018544,-0.014291,2.6837
2026-06-08T07:43:43.783846+00:00Z,gate,mexc,ESPORTSUSDT,2.8426,0.09926,0.10207,-0.006941,-0.018544,-0.011603,2.8542
2026-06-08T07:43:43.783846+00:00Z,bybit,mexc,ESPORTSUSDT,2.1456,0.09994,0.10207,-0.004253,-0.018544,-0.014291,2.1599
2026-06-08T07:43:43.783846+00:00Z,gate,bybit,ESPORTSUSDT,0.7025,0.09926,0.09996,-0.006941,-0.004253,0.002688,0.6998
2026-06-08T07:43:45.790830+00:00Z,gate,mexc,ESPORTSUSDT,2.0306,0.10005,0.10207,-0.006941,-0.018544,-0.011603,2.0422
2026-06-08T07:43:45.790830+00:00Z,bybit,mexc,ESPORTSUSDT,1.6372,0.10044,0.10207,-0.004253,-0.018544,-0.014291,1.6514
2026-06-08T07:43:47.820739+00:00Z,gate,mexc,ESPORTSUSDT,2.4915,0.0996,0.10207,-0.006941,-0.018544,-0.011603,2.5031
2026-06-08T07:43:47.820739+00:00Z,bybit,mexc,ESPORTSUSDT,2.1251,0.09996,0.10207,-0.004253,-0.018544,-0.014291,2.1394
2026-06-08T07:43:49.823740+00:00Z,gate,mexc,ESPORTSUSDT,1.1147,0.10063,0.10174,-0.006941,-0.018544,-0.011603,1.1263
2026-06-08T07:43:49.823740+00:00Z,bybit,mexc,ESPORTSUSDT,0.8668,0.10088,0.10174,-0.004253,-0.018544,-0.014291,0.8811
2026-06-08T07:43:51.956889+00:00Z,gate,mexc,ESPORTSUSDT,1.1746,0.1006,0.10177,-0.006941,-0.018544,-0.011603,1.1862
2026-06-08T07:43:51.956889+00:00Z,bybit,mexc,ESPORTSUSDT,0.677,0.1011,0.10177,-0.004253,-0.018544,-0.014291,0.6913
2026-06-08T07:43:55.989333+00:00Z,bybit,mexc,ESPORTSUSDT,0.7842,0.10131,0.10209,-0.004253,-0.018544,-0.014291,0.7985
2026-06-08T07:43:55.989333+00:00Z,gate,mexc,ESPORTSUSDT,0.7716,0.10132,0.10209,-0.006941,-0.018544,-0.011603,0.7832
2026-06-08T07:44:00.007787+00:00Z,gate,mexc,ESPORTSUSDT,0.998,0.10138,0.10238,-0.006941,-0.018544,-0.011603,1.0096
2026-06-08T07:44:00.007787+00:00Z,bybit,mexc,ESPORTSUSDT,0.5643,0.10182,0.10238,-0.004253,-0.018544,-0.014291,0.5786
2026-06-08T07:44:02.038793+00:00Z,gate,mexc,ESPORTSUSDT,0.9068,0.10055,0.10145,-0.006941,-0.018651,-0.01171,0.9185
2026-06-08T07:44:02.038793+00:00Z,bybit,mexc,ESPORTSUSDT,0.6193,0.10084,0.10145,-0.004253,-0.018651,-0.014398,0.6337
2026-06-08T07:44:04.070372+00:00Z,gate,mexc,ESPORTSUSDT,1.2252,0.10054,0.10176,-0.006941,-0.018651,-0.01171,1.2369
2026-06-08T07:44:04.070372+00:00Z,bybit,mexc,ESPORTSUSDT,0.8867,0.10088,0.10176,-0.004253,-0.018651,-0.014398,0.9011
2026-06-08T07:44:06.089715+00:00Z,gate,mexc,ESPORTSUSDT,1.2895,0.10017,0.10145,-0.006941,-0.018651,-0.01171,1.3012
2026-06-08T07:44:06.089715+00:00Z,bybit,mexc,ESPORTSUSDT,0.9798,0.10048,0.10145,-0.004253,-0.018651,-0.014398,0.9942
2026-06-08T07:44:08.114945+00:00Z,gate,mexc,ESPORTSUSDT,1.2087,0.10025,0.10145,-0.006941,-0.018651,-0.01171,1.2204
2026-06-08T07:44:08.114945+00:00Z,bybit,mexc,ESPORTSUSDT,0.7192,0.10074,0.10145,-0.004253,-0.018651,-0.014398,0.7336
2026-06-08T07:44:10.130711+00:00Z,gate,mexc,ESPORTSUSDT,1.4326,0.10064,0.10207,-0.006941,-0.018651,-0.01171,1.4443
2026-06-08T07:44:10.130711+00:00Z,bybit,mexc,ESPORTSUSDT,1.1437,0.10093,0.10207,-0.004431,-0.018651,-0.01422,1.1579
2026-06-08T07:44:12.145930+00:00Z,gate,mexc,ESPORTSUSDT,1.1482,0.10031,0.10145,-0.006941,-0.018651,-0.01171,1.1599
2026-06-08T07:44:12.145930+00:00Z,bybit,mexc,ESPORTSUSDT,0.9997,0.10046,0.10145,-0.004431,-0.018651,-0.01422,1.0139
2026-06-08T07:44:14.174885+00:00Z,gate,mexc,ESPORTSUSDT,1.2146,0.09976,0.10096,-0.006941,-0.018651,-0.01171,1.2263
2026-06-08T07:44:14.174885+00:00Z,bybit,mexc,ESPORTSUSDT,0.8834,0.10009,0.10096,-0.004431,-0.018651,-0.01422,0.8977
2026-06-08T07:44:16.178532+00:00Z,gate,mexc,ESPORTSUSDT,1.2825,0.09994,0.10121,-0.006941,-0.018651,-0.01171,1.2942
2026-06-08T07:44:16.178532+00:00Z,bybit,mexc,ESPORTSUSDT,0.9819,0.10024,0.10121,-0.004431,-0.018651,-0.01422,0.9961
2026-06-08T07:44:18.195444+00:00Z,gate,mexc,ESPORTSUSDT,0.9895,0.0992,0.10017,-0.006941,-0.018651,-0.01171,1.0012
2026-06-08T07:44:18.195444+00:00Z,bybit,mexc,ESPORTSUSDT,0.6471,0.09954,0.10017,-0.004431,-0.018651,-0.01422,0.6614
2026-06-08T07:44:20.210689+00:00Z,gate,mexc,ESPORTSUSDT,1.1084,0.09939,0.10048,-0.006941,-0.018651,-0.01171,1.1201
2026-06-08T07:44:20.210689+00:00Z,bybit,mexc,ESPORTSUSDT,0.9687,0.09953,0.10048,-0.004431,-0.018651,-0.01422,0.9829
2026-06-08T07:44:22.226740+00:00Z,gate,mexc,ESPORTSUSDT,1.0311,0.09908,0.10009,-0.006941,-0.018651,-0.01171,1.0428
2026-06-08T07:44:22.226740+00:00Z,gate,bybit,ESPORTSUSDT,0.5526,0.09908,0.09963,-0.006941,-0.004431,0.00251,0.5501
2026-06-08T07:44:24.250042+00:00Z,gate,mexc,ESPORTSUSDT,1.2491,0.10021,0.10145,-0.006941,-0.018651,-0.01171,1.2608
2026-06-08T07:44:24.250042+00:00Z,bybit,mexc,ESPORTSUSDT,0.6491,0.10081,0.10145,-0.004431,-0.018651,-0.01422,0.6633
2026-06-08T07:44:26.265913+00:00Z,gate,mexc,ESPORTSUSDT,1.1216,0.10001,0.10112,-0.006941,-0.018651,-0.01171,1.1333
2026-06-08T07:44:26.265913+00:00Z,bybit,mexc,ESPORTSUSDT,0.8318,0.1003,0.10112,-0.004431,-0.018651,-0.01422,0.846
2026-06-08T07:44:28.287754+00:00Z,gate,mexc,ESPORTSUSDT,1.1822,0.09996,0.10113,-0.006941,-0.018651,-0.01171,1.1939
2026-06-08T07:44:28.287754+00:00Z,bybit,mexc,ESPORTSUSDT,0.6211,0.10052,0.10113,-0.004431,-0.018651,-0.01422,0.6353
2026-06-08T07:44:30.304686+00:00Z,gate,mexc,ESPORTSUSDT,1.0987,0.10028,0.10137,-0.006941,-0.018651,-0.01171,1.1104
2026-06-08T07:44:30.304686+00:00Z,bybit,mexc,ESPORTSUSDT,0.9301,0.10045,0.10137,-0.004431,-0.018651,-0.01422,0.9443
2026-06-08T07:44:32.315717+00:00Z,gate,mexc,ESPORTSUSDT,1.0575,0.1004,0.10145,-0.006941,-0.018651,-0.01171,1.0692
2026-06-08T07:44:32.315717+00:00Z,bybit,mexc,ESPORTSUSDT,0.739,0.10072,0.10145,-0.004431,-0.018651,-0.01422,0.7532
2026-06-08T07:44:34.331076+00:00Z,gate,mexc,ESPORTSUSDT,1.2032,0.10071,0.10191,-0.006955,-0.018651,-0.011696,1.2149
2026-06-08T07:44:34.331076+00:00Z,bybit,mexc,ESPORTSUSDT,1.0452,0.10087,0.10191,-0.004431,-0.018651,-0.01422,1.0595
2026-06-08T07:44:36.337028+00:00Z,gate,mexc,ESPORTSUSDT,1.366,0.10042,0.10178,-0.006955,-0.018651,-0.011696,1.3777
2026-06-08T07:44:36.337028+00:00Z,bybit,mexc,ESPORTSUSDT,0.6271,0.10116,0.10178,-0.004431,-0.018651,-0.01422,0.6413
2026-06-08T07:44:38.361503+00:00Z,gate,mexc,ESPORTSUSDT,1.6109,0.10005,0.10165,-0.006955,-0.018651,-0.011696,1.6226
2026-06-08T07:44:38.361503+00:00Z,bybit,mexc,ESPORTSUSDT,1.1887,0.10047,0.10165,-0.004431,-0.018651,-0.01422,1.2029
2026-06-08T07:44:40.365203+00:00Z,gate,mexc,ESPORTSUSDT,1.4516,0.10001,0.10145,-0.006955,-0.018651,-0.011696,1.4632
2026-06-08T07:44:40.365203+00:00Z,gate,bybit,ESPORTSUSDT,0.7274,0.10001,0.10074,-0.006955,-0.004431,0.002524,0.7249
2026-06-08T07:44:40.365203+00:00Z,bybit,mexc,ESPORTSUSDT,0.6391,0.10082,0.10145,-0.004431,-0.018651,-0.01422,0.6533
2026-06-08T07:44:42.397249+00:00Z,gate,mexc,ESPORTSUSDT,1.4876,0.10028,0.10176,-0.006955,-0.018651,-0.011696,1.4993
2026-06-08T07:44:42.397249+00:00Z,bybit,mexc,ESPORTSUSDT,0.8166,0.10095,0.10176,-0.004431,-0.018651,-0.01422,0.8308
2026-06-08T07:44:42.397249+00:00Z,gate,bybit,ESPORTSUSDT,0.6157,0.10028,0.1009,-0.006955,-0.004431,0.002524,0.6132
2026-06-08T07:44:44.419879+00:00Z,gate,mexc,ESPORTSUSDT,1.6123,0.10059,0.1022,-0.006955,-0.018651,-0.011696,1.6239
2026-06-08T07:44:44.419879+00:00Z,bybit,mexc,ESPORTSUSDT,0.9226,0.10128,0.1022,-0.004431,-0.018651,-0.01422,0.9368
2026-06-08T07:44:44.419879+00:00Z,gate,bybit,ESPORTSUSDT,0.6337,0.10059,0.10123,-0.006955,-0.004431,0.002524,0.6312
2026-06-08T07:44:46.454435+00:00Z,gate,mexc,ESPORTSUSDT,1.5638,0.10051,0.10207,-0.006955,-0.018651,-0.011696,1.5755
2026-06-08T07:44:46.454435+00:00Z,bybit,mexc,ESPORTSUSDT,0.854,0.10122,0.10207,-0.004431,-0.018651,-0.01422,0.8682
2026-06-08T07:44:46.454435+00:00Z,gate,bybit,ESPORTSUSDT,0.7337,0.10051,0.10125,-0.006955,-0.004431,0.002524,0.7312
2026-06-08T07:44:48.470320+00:00Z,gate,mexc,ESPORTSUSDT,1.9594,0.10012,0.10207,-0.006955,-0.018651,-0.011696,1.9711
2026-06-08T07:44:48.470320+00:00Z,bybit,mexc,ESPORTSUSDT,1.2039,0.10087,0.10207,-0.004431,-0.018651,-0.01422,1.2181
2026-06-08T07:44:48.470320+00:00Z,gate,bybit,ESPORTSUSDT,0.7366,0.10012,0.10086,-0.006955,-0.004431,0.002524,0.7341
2026-06-08T07:44:50.498207+00:00Z,gate,mexc,ESPORTSUSDT,1.3056,0.10047,0.10177,-0.006955,-0.018651,-0.011696,1.3173
2026-06-08T07:44:50.498207+00:00Z,bybit,mexc,ESPORTSUSDT,0.7866,0.10099,0.10177,-0.004431,-0.018651,-0.01422,0.8008
2026-06-08T07:44:52.526382+00:00Z,gate,mexc,ESPORTSUSDT,0.5203,0.10028,0.10079,-0.006955,-0.018651,-0.011696,0.532
2026-06-08T07:44:52.526382+00:00Z,gate,bybit,ESPORTSUSDT,0.516,0.10028,0.1008,-0.006955,-0.004431,0.002524,0.5135
2026-06-08T07:44:56.545014+00:00Z,gate,mexc,ESPORTSUSDT,1.3573,0.10033,0.10168,-0.006955,-0.018651,-0.011696,1.369
2026-06-08T07:44:56.545014+00:00Z,bybit,mexc,ESPORTSUSDT,0.8072,0.10088,0.10168,-0.004431,-0.018651,-0.01422,0.8215
2026-06-08T07:44:56.545014+00:00Z,gate,bybit,ESPORTSUSDT,0.5556,0.10033,0.10089,-0.006955,-0.004431,0.002524,0.5531
2026-06-08T07:44:58.560764+00:00Z,gate,mexc,ESPORTSUSDT,1.1565,0.10045,0.1016,-0.006955,-0.018651,-0.011696,1.1682
2026-06-08T07:44:58.560764+00:00Z,bybit,mexc,ESPORTSUSDT,0.5685,0.10104,0.1016,-0.004431,-0.018651,-0.01422,0.5827
2026-06-08T07:45:00.588254+00:00Z,gate,mexc,ESPORTSUSDT,1.4571,0.10032,0.10177,-0.006955,-0.018651,-0.011696,1.4688
2026-06-08T07:45:00.588254+00:00Z,bybit,mexc,ESPORTSUSDT,1.137,0.10064,0.10177,-0.004431,-0.018651,-0.01422,1.1513
2026-06-08T07:45:02.605185+00:00Z,gate,mexc,ESPORTSUSDT,1.0577,0.1004,0.10145,-0.006955,-0.018876,-0.011921,1.0697
2026-06-08T07:45:04.620287+00:00Z,gate,mexc,ESPORTSUSDT,1.2857,0.10049,0.10177,-0.006955,-0.018876,-0.011921,1.2976
2026-06-08T07:45:04.620287+00:00Z,bybit,mexc,ESPORTSUSDT,0.6672,0.10111,0.10177,-0.004431,-0.018876,-0.014445,0.6816
2026-06-08T07:45:06.637556+00:00Z,gate,mexc,ESPORTSUSDT,0.9115,0.10116,0.10207,-0.006955,-0.018876,-0.011921,0.9234
2026-06-08T07:45:06.637556+00:00Z,bybit,mexc,ESPORTSUSDT,0.7149,0.10136,0.10207,-0.004431,-0.018876,-0.014445,0.7294
2026-06-08T07:45:08.663950+00:00Z,gate,mexc,ESPORTSUSDT,1.2116,0.10086,0.10207,-0.006955,-0.018876,-0.011921,1.2235
2026-06-08T07:45:08.663950+00:00Z,bybit,mexc,ESPORTSUSDT,0.7048,0.10137,0.10207,-0.004646,-0.018876,-0.01423,0.719
2026-06-08T07:45:10.684281+00:00Z,gate,mexc,ESPORTSUSDT,1.519,0.10086,0.10238,-0.006955,-0.018876,-0.011921,1.5309
2026-06-08T07:45:10.684281+00:00Z,bybit,mexc,ESPORTSUSDT,0.9011,0.10148,0.10238,-0.004646,-0.018876,-0.01423,0.9153
2026-06-08T07:45:12.707760+00:00Z,gate,bybit,ESPORTSUSDT,0.5229,0.10092,0.10145,-0.006955,-0.004646,0.002309,0.5205
2026-06-08T07:45:14.723061+00:00Z,gate,mexc,ESPORTSUSDT,1.6725,0.10057,0.10224,-0.006955,-0.018876,-0.011921,1.6844
2026-06-08T07:45:14.723061+00:00Z,bybit,mexc,ESPORTSUSDT,0.5254,0.10172,0.10224,-0.004646,-0.018876,-0.01423,0.5397
2026-06-08T07:45:16.726224+00:00Z,gate,mexc,ESPORTSUSDT,1.5328,0.10126,0.1028,-0.006955,-0.018876,-0.011921,1.5447
2026-06-08T07:45:16.726224+00:00Z,bybit,mexc,ESPORTSUSDT,1.0362,0.10176,0.1028,-0.004646,-0.018876,-0.01423,1.0505
2026-06-08T07:45:18.729605+00:00Z,gate,mexc,ESPORTSUSDT,1.2237,0.1015,0.10273,-0.006955,-0.018876,-0.011921,1.2357
2026-06-08T07:45:18.729605+00:00Z,bybit,mexc,ESPORTSUSDT,0.809,0.10192,0.10273,-0.004646,-0.018876,-0.01423,0.8232
2026-06-08T07:45:20.747816+00:00Z,gate,mexc,ESPORTSUSDT,1.5382,0.1009,0.10244,-0.006955,-0.018876,-0.011921,1.5501
2026-06-08T07:45:20.747816+00:00Z,bybit,mexc,ESPORTSUSDT,1.2595,0.10118,0.10244,-0.004646,-0.018876,-0.01423,1.2738
2026-06-08T07:45:22.772724+00:00Z,gate,mexc,ESPORTSUSDT,1.3104,0.10089,0.1022,-0.006955,-0.018876,-0.011921,1.3223
2026-06-08T07:45:22.772724+00:00Z,bybit,mexc,ESPORTSUSDT,0.9824,0.10122,0.1022,-0.004646,-0.018876,-0.01423,0.9966
2026-06-08T07:45:24.789782+00:00Z,gate,mexc,ESPORTSUSDT,1.2392,0.10022,0.10145,-0.006955,-0.018876,-0.011921,1.2511
2026-06-08T07:45:24.789782+00:00Z,bybit,mexc,ESPORTSUSDT,0.699,0.10076,0.10145,-0.004646,-0.018876,-0.01423,0.7133
2026-06-08T07:45:26.792328+00:00Z,gate,mexc,ESPORTSUSDT,1.4619,0.1,0.10145,-0.006955,-0.018876,-0.011921,1.4738
2026-06-08T07:45:26.792328+00:00Z,bybit,mexc,ESPORTSUSDT,1.06,0.1004,0.10145,-0.004646,-0.018876,-0.01423,1.0743
2026-06-08T07:45:28.828976+00:00Z,gate,mexc,ESPORTSUSDT,1.3491,0.09946,0.10079,-0.006955,-0.018876,-0.011921,1.3611
2026-06-08T07:45:28.828976+00:00Z,bybit,mexc,ESPORTSUSDT,1.0265,0.09978,0.10079,-0.004646,-0.018876,-0.01423,1.0407
2026-06-08T07:45:30.832511+00:00Z,gate,mexc,ESPORTSUSDT,1.1963,0.09963,0.10081,-0.006955,-0.018876,-0.011921,1.2082
2026-06-08T07:45:30.832511+00:00Z,bybit,mexc,ESPORTSUSDT,0.9555,0.09987,0.10081,-0.004646,-0.018876,-0.01423,0.9697
2026-06-08T07:45:32.848401+00:00Z,gate,mexc,ESPORTSUSDT,1.0748,0.09879,0.09984,-0.006955,-0.018876,-0.011921,1.0867
2026-06-08T07:45:32.848401+00:00Z,bybit,mexc,ESPORTSUSDT,0.6898,0.09917,0.09984,-0.004646,-0.018876,-0.01423,0.7041
2026-06-08T07:45:34.866405+00:00Z,gate,mexc,ESPORTSUSDT,1.3328,0.09917,0.10048,-0.007029,-0.018876,-0.011847,1.3447
2026-06-08T07:45:34.866405+00:00Z,bybit,mexc,ESPORTSUSDT,0.8269,0.09967,0.10048,-0.004646,-0.018876,-0.01423,0.8411
2026-06-08T07:45:36.881770+00:00Z,gate,mexc,ESPORTSUSDT,1.3896,0.09944,0.10081,-0.007029,-0.018876,-0.011847,1.4014
2026-06-08T07:45:36.881770+00:00Z,bybit,mexc,ESPORTSUSDT,1.0161,0.09981,0.10081,-0.004646,-0.018876,-0.01423,1.0304
2026-06-08T07:45:38.898036+00:00Z,gate,mexc,ESPORTSUSDT,1.1965,0.09961,0.10079,-0.007029,-0.018876,-0.011847,1.2083
2026-06-08T07:45:40.913400+00:00Z,gate,mexc,ESPORTSUSDT,1.2041,0.09897,0.10015,-0.007029,-0.018876,-0.011847,1.216
2026-06-08T07:45:40.913400+00:00Z,bybit,mexc,ESPORTSUSDT,0.9007,0.09927,0.10015,-0.004646,-0.018876,-0.01423,0.9149
2026-06-08T07:45:42.940615+00:00Z,gate,mexc,ESPORTSUSDT,1.1988,0.10026,0.10145,-0.007029,-0.018876,-0.011847,1.2106
2026-06-08T07:45:44.954963+00:00Z,gate,mexc,ESPORTSUSDT,1.1511,0.10094,0.10209,-0.007029,-0.018876,-0.011847,1.163
2026-06-08T07:45:44.954963+00:00Z,bybit,mexc,ESPORTSUSDT,0.9735,0.10112,0.10209,-0.004646,-0.018876,-0.01423,0.9877
2026-06-08T07:45:46.988688+00:00Z,gate,mexc,ESPORTSUSDT,1.0943,0.10162,0.10272,-0.007029,-0.018876,-0.011847,1.1062
2026-06-08T07:45:46.988688+00:00Z,bybit,mexc,ESPORTSUSDT,0.7596,0.10196,0.10272,-0.004646,-0.018876,-0.01423,0.7739
2026-06-08T07:45:49.013097+00:00Z,gate,mexc,ESPORTSUSDT,1.4878,0.10163,0.10313,-0.007029,-0.018876,-0.011847,1.4996
2026-06-08T07:45:49.013097+00:00Z,bybit,mexc,ESPORTSUSDT,1.4403,0.10168,0.10313,-0.004646,-0.018876,-0.01423,1.4545
2026-06-08T07:45:51.029066+00:00Z,gate,mexc,ESPORTSUSDT,1.0904,0.10199,0.10309,-0.007029,-0.018876,-0.011847,1.1022
2026-06-08T07:45:51.029066+00:00Z,bybit,mexc,ESPORTSUSDT,0.8949,0.10219,0.10309,-0.004646,-0.018876,-0.01423,0.9092
2026-06-08T07:45:53.046133+00:00Z,gate,mexc,ESPORTSUSDT,1.0479,0.10231,0.10337,-0.007029,-0.018876,-0.011847,1.0598
2026-06-08T07:45:57.068632+00:00Z,gate,mexc,ESPORTSUSDT,0.8785,0.10269,0.10358,-0.007029,-0.018876,-0.011847,0.8904
2026-06-08T07:45:59.084210+00:00Z,gate,mexc,ESPORTSUSDT,1.3645,0.10276,0.10415,-0.007029,-0.018876,-0.011847,1.3764
2026-06-08T07:45:59.084210+00:00Z,bybit,mexc,ESPORTSUSDT,0.8761,0.10326,0.10415,-0.004646,-0.018876,-0.01423,0.8904
2026-06-08T07:46:01.090936+00:00Z,gate,mexc,ESPORTSUSDT,1.3251,0.1028,0.10415,-0.007029,-0.018876,-0.011847,1.3369
2026-06-08T07:46:01.090936+00:00Z,gate,bybit,ESPORTSUSDT,0.805,0.1028,0.10363,-0.007029,-0.004646,0.002383,0.8026
2026-06-08T07:46:01.090936+00:00Z,bybit,mexc,ESPORTSUSDT,0.5645,0.10358,0.10415,-0.004646,-0.018876,-0.01423,0.5788
2026-06-08T07:46:03.131481+00:00Z,gate,mexc,ESPORTSUSDT,1.0891,0.10304,0.10415,-0.007029,-0.018876,-0.011847,1.1009
2026-06-08T07:46:03.131481+00:00Z,bybit,mexc,ESPORTSUSDT,0.5451,0.1036,0.10415,-0.004646,-0.018876,-0.01423,0.5593
2026-06-08T07:46:05.134017+00:00Z,gate,mexc,ESPORTSUSDT,0.9715,0.10316,0.10415,-0.007029,-0.018876,-0.011847,0.9834
2026-06-08T07:46:05.134017+00:00Z,mexc,bybit,ALLOUSDT,0.8968,0.44817,0.45219,-0.000306,-7.6e-05,0.00023,0.8965
2026-06-08T07:46:05.134017+00:00Z,mexc,gate,ALLOUSDT,0.8343,0.44817,0.45191,-0.000306,-0.00014,0.000166,0.8342
2026-06-08T07:46:07.154055+00:00Z,gate,mexc,ESPORTSUSDT,0.8152,0.10332,0.10415,-0.007029,-0.018876,-0.011847,0.827
2026-06-08T07:46:07.154055+00:00Z,mexc,bybit,ALLOUSDT,0.6647,0.44817,0.45115,-0.000306,-7.6e-05,0.00023,0.6645
2026-06-08T07:46:07.154055+00:00Z,bybit,mexc,ESPORTSUSDT,0.5839,0.10356,0.10415,-0.004646,-0.018876,-0.01423,0.5982
2026-06-08T07:46:07.154055+00:00Z,mexc,gate,ALLOUSDT,0.5644,0.44817,0.4507,-0.000306,-0.00014,0.000166,0.5642
2026-06-08T07:46:09.158736+00:00Z,mexc,bybit,ALLOUSDT,0.6067,0.44817,0.45089,-0.000306,-7.6e-05,0.00023,0.6065
2026-06-08T07:46:09.158736+00:00Z,mexc,gate,ALLOUSDT,0.551,0.44817,0.45064,-0.000306,-0.00014,0.000166,0.5508
2026-06-08T07:46:11.190227+00:00Z,mexc,bybit,ALLOUSDT,0.6825,0.44817,0.45123,-0.000306,-7.6e-05,0.00023,0.6823
2026-06-08T07:46:11.190227+00:00Z,gate,mexc,ESPORTSUSDT,0.6593,0.10348,0.10415,-0.007029,-0.018876,-0.011847,0.6712
2026-06-08T07:46:11.190227+00:00Z,mexc,gate,ALLOUSDT,0.6045,0.44817,0.45088,-0.000306,-0.00014,0.000166,0.6043
2026-06-08T07:46:15.197467+00:00Z,gate,mexc,ESPORTSUSDT,0.864,0.10327,0.10415,-0.007029,-0.018876,-0.011847,0.8758
2026-06-08T07:46:15.197467+00:00Z,bybit,mexc,ESPORTSUSDT,0.6226,0.10352,0.10415,-0.004857,-0.018876,-0.014019,0.6366
2026-06-08T07:46:15.197467+00:00Z,mexc,bybit,ALLOUSDT,0.5264,0.44817,0.45053,-0.000306,-7.6e-05,0.00023,0.5261
2026-06-08T07:46:17.237327+00:00Z,mexc,bybit,ALLOUSDT,0.5152,0.44817,0.45048,-0.000306,-7.6e-05,0.00023,0.515
2026-06-08T07:46:17.237327+00:00Z,gate,mexc,ESPORTSUSDT,0.5039,0.10364,0.10415,-0.007029,-0.018876,-0.011847,0.5158
2026-06-08T07:46:19.242928+00:00Z,bybit,mexc,PIPPINUSDT,1.001,0.01998,0.02018,5e-05,5e-05,0.0,1.001
2026-06-08T07:46:19.242928+00:00Z,gate,mexc,ESPORTSUSDT,0.6982,0.10344,0.10415,-0.007029,-0.018876,-0.011847,0.7101
2026-06-08T07:46:19.242928+00:00Z,mexc,bybit,ALLOUSDT,0.6223,0.44817,0.45096,-0.000306,-7.6e-05,0.00023,0.6221
2026-06-08T07:46:19.242928+00:00Z,mexc,gate,ALLOUSDT,0.6045,0.44817,0.45088,-0.000306,-0.00014,0.000166,0.6043
2026-06-08T07:46:21.262199+00:00Z,gate,mexc,ESPORTSUSDT,0.7469,0.10339,0.10415,-0.007029,-0.018876,-0.011847,0.7588
2026-06-08T07:46:23.264734+00:00Z,bybit,mexc,PIPPINUSDT,1.3561,0.01991,0.02018,5e-05,5e-05,0.0,1.3561
2026-06-08T07:46:23.264734+00:00Z,gate,mexc,PIPPINUSDT,0.9,0.02,0.02018,5e-05,5e-05,0.0,0.9
2026-06-08T07:46:23.264734+00:00Z,gate,mexc,ESPORTSUSDT,0.6788,0.10346,0.10415,-0.007029,-0.018876,-0.011847,0.6906
2026-06-08T07:46:23.264734+00:00Z,mexc,gate,ALLOUSDT,0.6134,0.44817,0.45092,-0.000306,-0.00014,0.000166,0.6133
2026-06-08T07:46:23.264734+00:00Z,mexc,bybit,ALLOUSDT,0.6134,0.44817,0.45092,-0.000306,-7.6e-05,0.00023,0.6131
2026-06-08T07:46:25.307851+00:00Z,gate,mexc,ESPORTSUSDT,0.952,0.10318,0.10415,-0.007029,-0.018876,-0.011847,0.9638
2026-06-08T07:46:25.307851+00:00Z,gate,mexc,PIPPINUSDT,0.9,0.02,0.02018,5e-05,5e-05,0.0,0.9
2026-06-08T07:46:25.307851+00:00Z,mexc,bybit,ALLOUSDT,0.7896,0.44817,0.45171,-0.000306,-7.6e-05,0.00023,0.7894
2026-06-08T07:46:25.307851+00:00Z,mexc,gate,ALLOUSDT,0.7629,0.44817,0.45159,-0.000306,-0.00014,0.000166,0.7628
2026-06-08T07:46:25.307851+00:00Z,bybit,mexc,ESPORTSUSDT,0.5158,0.10363,0.10415,-0.004857,-0.018876,-0.014019,0.5298
2026-06-08T07:46:27.327278+00:00Z,gate,mexc,PIPPINUSDT,1.407,0.0199,0.02018,5e-05,5e-05,0.0,1.407
2026-06-08T07:46:27.327278+00:00Z,gate,mexc,ESPORTSUSDT,1.0793,0.10305,0.10415,-0.007029,-0.018876,-0.011847,1.0911
2026-06-08T07:46:27.327278+00:00Z,mexc,gate,ALLOUSDT,0.6112,0.44817,0.45091,-0.000306,-0.00014,0.000166,0.611
2026-06-08T07:46:27.327278+00:00Z,mexc,bybit,ALLOUSDT,0.5487,0.44817,0.45063,-0.000306,-7.6e-05,0.00023,0.5484
2026-06-08T07:46:27.327278+00:00Z,bybit,mexc,ESPORTSUSDT,0.5255,0.10362,0.10415,-0.004857,-0.018876,-0.014019,0.5395
2026-06-08T07:46:31.335146+00:00Z,gate,mexc,ESPORTSUSDT,1.3539,0.10357,0.10496,-0.007029,-0.018876,-0.011847,1.3658
2026-06-08T07:46:31.335146+00:00Z,bybit,mexc,ESPORTSUSDT,0.5793,0.10437,0.10496,-0.004857,-0.018876,-0.014019,0.5933
2026-06-08T07:46:33.350539+00:00Z,gate,mexc,ESPORTSUSDT,1.0449,0.10358,0.10465,-0.007029,-0.018876,-0.011847,1.0567
2026-06-08T07:46:35.364862+00:00Z,gate,mexc,ESPORTSUSDT,1.3186,0.1033,0.10465,-0.007111,-0.018876,-0.011765,1.3304
2026-06-08T07:46:35.364862+00:00Z,bybit,mexc,ESPORTSUSDT,0.6681,0.10397,0.10465,-0.004857,-0.018876,-0.014019,0.6821
2026-06-08T07:46:35.364862+00:00Z,gate,bybit,ESPORTSUSDT,0.5108,0.1033,0.10383,-0.007111,-0.004857,0.002254,0.5086
2026-06-08T07:46:37.368326+00:00Z,gate,mexc,ESPORTSUSDT,1.097,0.1032,0.10432,-0.007111,-0.018876,-0.011765,1.1088
2026-06-08T07:46:37.368326+00:00Z,bybit,mexc,ESPORTSUSDT,0.6313,0.10368,0.10432,-0.004857,-0.018876,-0.014019,0.6453
2026-06-08T07:46:39.384835+00:00Z,gate,mexc,ESPORTSUSDT,1.3749,0.10344,0.10485,-0.007111,-0.018876,-0.011765,1.3866
2026-06-08T07:46:39.384835+00:00Z,bybit,mexc,ESPORTSUSDT,0.9381,0.10389,0.10485,-0.004857,-0.018876,-0.014019,0.9521
2026-06-08T07:46:41.401071+00:00Z,gate,mexc,ESPORTSUSDT,1.1421,0.10351,0.10468,-0.007111,-0.018876,-0.011765,1.1539
2026-06-08T07:46:41.401071+00:00Z,bybit,mexc,ESPORTSUSDT,0.7454,0.10392,0.10468,-0.004857,-0.018876,-0.014019,0.7594
2026-06-08T07:46:43.404351+00:00Z,gate,mexc,ESPORTSUSDT,1.5053,0.10311,0.10465,-0.007111,-0.018876,-0.011765,1.5171
2026-06-08T07:46:43.404351+00:00Z,bybit,mexc,ESPORTSUSDT,0.9885,0.10364,0.10465,-0.004857,-0.018876,-0.014019,1.0026
2026-06-08T07:46:45.423373+00:00Z,gate,mexc,ESPORTSUSDT,1.6433,0.10297,0.10465,-0.007111,-0.018876,-0.011765,1.6551
2026-06-08T07:46:45.423373+00:00Z,bybit,mexc,ESPORTSUSDT,1.0275,0.1036,0.10465,-0.004857,-0.018876,-0.014019,1.0416
2026-06-08T07:46:47.447308+00:00Z,gate,mexc,ESPORTSUSDT,1.5594,0.10274,0.10433,-0.007111,-0.018876,-0.011765,1.5711
2026-06-08T07:46:47.447308+00:00Z,bybit,mexc,ESPORTSUSDT,1.0209,0.10329,0.10433,-0.004857,-0.018876,-0.014019,1.0349
2026-06-08T07:46:47.447308+00:00Z,gate,bybit,ESPORTSUSDT,0.5233,0.10274,0.10328,-0.007111,-0.004857,0.002254,0.5211
2026-06-08T07:46:49.467219+00:00Z,gate,mexc,ESPORTSUSDT,1.3564,0.10263,0.10401,-0.007111,-0.018876,-0.011765,1.3682
2026-06-08T07:46:49.467219+00:00Z,bybit,mexc,ESPORTSUSDT,0.5456,0.10346,0.10401,-0.004857,-0.018876,-0.014019,0.5596
2026-06-08T07:46:51.493723+00:00Z,gate,mexc,ESPORTSUSDT,1.4651,0.10252,0.10401,-0.007111,-0.018876,-0.011765,1.4769
2026-06-08T07:46:51.493723+00:00Z,bybit,mexc,ESPORTSUSDT,1.1124,0.10288,0.10401,-0.004857,-0.018876,-0.014019,1.1264
2026-06-08T07:46:53.511298+00:00Z,gate,mexc,ESPORTSUSDT,1.1235,0.10254,0.10368,-0.007111,-0.018876,-0.011765,1.1353
2026-06-08T07:46:53.511298+00:00Z,bybit,mexc,ESPORTSUSDT,0.772,0.1029,0.10368,-0.004857,-0.018876,-0.014019,0.7861
2026-06-08T07:46:55.514257+00:00Z,gate,mexc,ESPORTSUSDT,1.0645,0.10259,0.10367,-0.007111,-0.018876,-0.011765,1.0763
2026-06-08T07:46:55.514257+00:00Z,bybit,mexc,ESPORTSUSDT,0.8407,0.10282,0.10367,-0.004857,-0.018876,-0.014019,0.8547
2026-06-08T07:46:57.530520+00:00Z,gate,mexc,ESPORTSUSDT,1.0758,0.10244,0.10353,-0.007111,-0.018876,-0.011765,1.0876
2026-06-08T07:46:57.530520+00:00Z,bybit,mexc,ESPORTSUSDT,0.8222,0.1027,0.10353,-0.004857,-0.018876,-0.014019,0.8362
2026-06-08T07:46:59.533336+00:00Z,gate,mexc,ESPORTSUSDT,1.0676,0.10229,0.10337,-0.007111,-0.018876,-0.011765,1.0794
2026-06-08T07:46:59.533336+00:00Z,bybit,mexc,ESPORTSUSDT,0.7252,0.10264,0.10337,-0.004857,-0.018876,-0.014019,0.7393
2026-06-08T07:47:01.549849+00:00Z,gate,mexc,ESPORTSUSDT,1.2003,0.10183,0.10304,-0.007111,-0.019113,-0.012002,1.2123
2026-06-08T07:47:01.549849+00:00Z,bybit,mexc,ESPORTSUSDT,0.7672,0.10227,0.10304,-0.004857,-0.019113,-0.014256,0.7814
2026-06-08T07:47:03.566787+00:00Z,gate,mexc,ESPORTSUSDT,1.1631,0.10251,0.10369,-0.007111,-0.019113,-0.012002,1.1751
2026-06-08T07:47:03.566787+00:00Z,bybit,mexc,ESPORTSUSDT,0.8898,0.10279,0.10369,-0.004857,-0.019113,-0.014256,0.9041
2026-06-08T07:47:05.582658+00:00Z,gate,mexc,ESPORTSUSDT,1.3093,0.10252,0.10385,-0.007111,-0.019113,-0.012002,1.3213
2026-06-08T07:47:05.582658+00:00Z,bybit,mexc,ESPORTSUSDT,0.9964,0.10284,0.10385,-0.004857,-0.019113,-0.014256,1.0106
2026-06-08T07:47:07.601590+00:00Z,gate,mexc,ESPORTSUSDT,1.2284,0.10276,0.10401,-0.007111,-0.019113,-0.012002,1.2404
2026-06-08T07:47:07.601590+00:00Z,bybit,mexc,ESPORTSUSDT,0.8578,0.10314,0.10401,-0.004857,-0.019113,-0.014256,0.872
2026-06-08T07:47:09.617555+00:00Z,gate,mexc,ESPORTSUSDT,1.0588,0.10317,0.10425,-0.007111,-0.019113,-0.012002,1.0708
2026-06-08T07:47:09.617555+00:00Z,bybit,mexc,ESPORTSUSDT,0.8166,0.10342,0.10425,-0.005076,-0.019113,-0.014037,0.8306
2026-06-08T07:47:11.632955+00:00Z,gate,mexc,ESPORTSUSDT,1.2708,0.10327,0.10457,-0.007111,-0.019113,-0.012002,1.2828
2026-06-08T07:47:11.632955+00:00Z,bybit,mexc,ESPORTSUSDT,0.5911,0.10397,0.10457,-0.005076,-0.019113,-0.014037,0.6052
2026-06-08T07:47:13.650323+00:00Z,gate,mexc,ESPORTSUSDT,1.3526,0.10294,0.10432,-0.007111,-0.019113,-0.012002,1.3646
2026-06-08T07:47:13.650323+00:00Z,bybit,mexc,ESPORTSUSDT,1.0112,0.10329,0.10432,-0.005076,-0.019113,-0.014037,1.0253
2026-06-08T07:47:15.666217+00:00Z,gate,mexc,ESPORTSUSDT,1.0974,0.10319,0.10431,-0.007111,-0.019113,-0.012002,1.1094
2026-06-08T07:47:15.666217+00:00Z,bybit,mexc,ESPORTSUSDT,0.7869,0.10351,0.10431,-0.005076,-0.019113,-0.014037,0.8009
2026-06-08T07:47:17.682158+00:00Z,gate,mexc,ESPORTSUSDT,1.3779,0.10323,0.10464,-0.007111,-0.019113,-0.012002,1.3899
2026-06-08T07:47:17.682158+00:00Z,bybit,mexc,ESPORTSUSDT,0.901,0.10372,0.10464,-0.005076,-0.019113,-0.014037,0.9151
2026-06-08T07:47:19.698362+00:00Z,gate,mexc,ESPORTSUSDT,1.1622,0.10346,0.10465,-0.007111,-0.019113,-0.012002,1.1742
2026-06-08T07:47:19.698362+00:00Z,bybit,mexc,ESPORTSUSDT,0.765,0.10387,0.10465,-0.005076,-0.019113,-0.014037,0.779
2026-06-08T07:47:21.715124+00:00Z,gate,mexc,ESPORTSUSDT,1.3735,0.10356,0.10497,-0.007111,-0.019113,-0.012002,1.3855
2026-06-08T07:47:21.715124+00:00Z,bybit,mexc,ESPORTSUSDT,0.9856,0.10396,0.10497,-0.005076,-0.019113,-0.014037,0.9996
2026-06-08T07:47:23.731236+00:00Z,gate,mexc,ESPORTSUSDT,0.6993,0.1033,0.10401,-0.007111,-0.019113,-0.012002,0.7113
2026-06-08T07:47:27.748131+00:00Z,gate,mexc,ESPORTSUSDT,1.2742,0.10379,0.1051,-0.007111,-0.019113,-0.012002,1.2862
2026-06-08T07:47:27.748131+00:00Z,bybit,mexc,ESPORTSUSDT,0.9941,0.10408,0.1051,-0.005076,-0.019113,-0.014037,1.0081
2026-06-08T07:47:29.764380+00:00Z,gate,mexc,ESPORTSUSDT,1.1002,0.10384,0.10497,-0.007111,-0.019113,-0.012002,1.1122
2026-06-08T07:47:29.764380+00:00Z,bybit,mexc,ESPORTSUSDT,0.7337,0.10422,0.10497,-0.005076,-0.019113,-0.014037,0.7477
2026-06-08T07:47:31.780483+00:00Z,gate,mexc,ESPORTSUSDT,1.2855,0.10365,0.10497,-0.007111,-0.019113,-0.012002,1.2975
2026-06-08T07:47:31.780483+00:00Z,bybit,mexc,ESPORTSUSDT,0.9176,0.10403,0.10497,-0.005076,-0.019113,-0.014037,0.9317
2026-06-08T07:47:33.796673+00:00Z,gate,mexc,ESPORTSUSDT,1.1196,0.10382,0.10497,-0.0072,-0.019113,-0.011913,1.1315
2026-06-08T07:47:33.796673+00:00Z,bybit,mexc,ESPORTSUSDT,0.753,0.1042,0.10497,-0.005076,-0.019113,-0.014037,0.767
2026-06-08T07:47:35.820628+00:00Z,gate,mexc,ESPORTSUSDT,1.4071,0.10321,0.10465,-0.0072,-0.019113,-0.011913,1.419
2026-06-08T07:47:35.820628+00:00Z,bybit,mexc,ESPORTSUSDT,0.7165,0.10392,0.10465,-0.005076,-0.019113,-0.014037,0.7305
2026-06-08T07:47:37.826151+00:00Z,gate,mexc,ESPORTSUSDT,1.4369,0.10316,0.10463,-0.0072,-0.019113,-0.011913,1.4488
2026-06-08T07:47:37.826151+00:00Z,bybit,mexc,ESPORTSUSDT,0.7457,0.10387,0.10463,-0.005076,-0.019113,-0.014037,0.7598
2026-06-08T07:47:37.826151+00:00Z,gate,bybit,ESPORTSUSDT,0.5698,0.10316,0.10375,-0.0072,-0.005076,0.002124,0.5677
2026-06-08T07:47:39.847260+00:00Z,gate,mexc,ESPORTSUSDT,1.2798,0.10332,0.10463,-0.0072,-0.019113,-0.011913,1.2917
2026-06-08T07:47:39.847260+00:00Z,bybit,mexc,ESPORTSUSDT,1.018,0.10359,0.10463,-0.005076,-0.019113,-0.014037,1.032
2026-06-08T07:47:41.851128+00:00Z,gate,mexc,ESPORTSUSDT,1.7921,0.1028,0.10463,-0.0072,-0.019113,-0.011913,1.804
2026-06-08T07:47:41.851128+00:00Z,bybit,mexc,ESPORTSUSDT,1.636,0.10296,0.10463,-0.005076,-0.019113,-0.014037,1.6501
2026-06-08T07:47:43.870862+00:00Z,gate,mexc,ESPORTSUSDT,2.1099,0.10248,0.10463,-0.0072,-0.019113,-0.011913,2.1218
2026-06-08T07:47:43.870862+00:00Z,bybit,mexc,ESPORTSUSDT,1.9032,0.10269,0.10463,-0.005076,-0.019113,-0.014037,1.9173
2026-06-08T07:47:45.889994+00:00Z,gate,mexc,ESPORTSUSDT,2.0999,0.10249,0.10463,-0.0072,-0.019113,-0.011913,2.1118
2026-06-08T07:47:45.889994+00:00Z,bybit,mexc,ESPORTSUSDT,1.8041,0.10279,0.10463,-0.005076,-0.019113,-0.014037,1.8181
2026-06-08T07:47:47.910454+00:00Z,gate,mexc,ESPORTSUSDT,1.7129,0.10288,0.10463,-0.0072,-0.019113,-0.011913,1.7248
2026-06-08T07:47:47.910454+00:00Z,bybit,mexc,ESPORTSUSDT,1.3801,0.10322,0.10463,-0.005076,-0.019113,-0.014037,1.3941
2026-06-08T07:47:49.913420+00:00Z,gate,mexc,ESPORTSUSDT,1.4467,0.10315,0.10463,-0.0072,-0.019113,-0.011913,1.4586
2026-06-08T07:47:49.913420+00:00Z,bybit,mexc,ESPORTSUSDT,1.1645,0.10344,0.10463,-0.005076,-0.019113,-0.014037,1.1785
2026-06-08T07:47:51.930911+00:00Z,gate,mexc,ESPORTSUSDT,1.5649,0.10303,0.10463,-0.0072,-0.019113,-0.011913,1.5768
2026-06-08T07:47:51.930911+00:00Z,bybit,mexc,ESPORTSUSDT,1.1938,0.10341,0.10463,-0.005076,-0.019113,-0.014037,1.2078
2026-06-08T07:47:53.949234+00:00Z,gate,mexc,ESPORTSUSDT,1.4172,0.10318,0.10463,-0.0072,-0.019113,-0.011913,1.4291
2026-06-08T07:47:53.949234+00:00Z,bybit,mexc,ESPORTSUSDT,1.0668,0.10354,0.10463,-0.005076,-0.019113,-0.014037,1.0808
2026-06-08T07:47:55.965266+00:00Z,gate,mexc,ESPORTSUSDT,1.6932,0.1029,0.10463,-0.0072,-0.019113,-0.011913,1.7051
2026-06-08T07:47:55.965266+00:00Z,bybit,mexc,ESPORTSUSDT,1.3506,0.10325,0.10463,-0.005076,-0.019113,-0.014037,1.3646
2026-06-08T07:47:57.980865+00:00Z,gate,mexc,ESPORTSUSDT,1.8912,0.1027,0.10463,-0.0072,-0.019113,-0.011913,1.9031
2026-06-08T07:47:57.980865+00:00Z,bybit,mexc,ESPORTSUSDT,1.3899,0.10321,0.10463,-0.005076,-0.019113,-0.014037,1.4039
2026-06-08T07:47:59.996272+00:00Z,gate,mexc,ESPORTSUSDT,1.7624,0.10283,0.10463,-0.0072,-0.019113,-0.011913,1.7743
2026-06-08T07:47:59.996272+00:00Z,bybit,mexc,ESPORTSUSDT,1.2525,0.10335,0.10463,-0.005076,-0.019113,-0.014037,1.2666
2026-06-08T07:48:02.013322+00:00Z,gate,mexc,ESPORTSUSDT,1.4369,0.10316,0.10463,-0.0072,-0.019113,-0.011913,1.4488
2026-06-08T07:48:02.013322+00:00Z,bybit,mexc,ESPORTSUSDT,1.0765,0.10353,0.10463,-0.005076,-0.019113,-0.014037,1.0906
2026-06-08T07:48:04.030651+00:00Z,gate,mexc,ESPORTSUSDT,1.2015,0.1034,0.10463,-0.0072,-0.019113,-0.011913,1.2134
2026-06-08T07:48:04.030651+00:00Z,bybit,mexc,ESPORTSUSDT,0.6973,0.10392,0.10463,-0.005076,-0.019113,-0.014037,0.7113
2026-06-08T07:48:06.046928+00:00Z,gate,mexc,ESPORTSUSDT,1.0061,0.1036,0.10463,-0.0072,-0.019113,-0.011913,1.018
2026-06-08T07:48:06.046928+00:00Z,bybit,mexc,ESPORTSUSDT,0.5425,0.10408,0.10463,-0.005076,-0.019113,-0.014037,0.5565
2026-06-08T07:48:08.062677+00:00Z,gate,mexc,ESPORTSUSDT,1.5936,0.10369,0.10533,-0.0072,-0.019113,-0.011913,1.6055
2026-06-08T07:48:08.062677+00:00Z,bybit,mexc,ESPORTSUSDT,1.1082,0.10419,0.10533,-0.005076,-0.019113,-0.014037,1.1222
2026-06-08T07:48:10.081489+00:00Z,gate,mexc,ESPORTSUSDT,1.3539,0.10358,0.10497,-0.0072,-0.019113,-0.011913,1.3658
2026-06-08T07:48:10.081489+00:00Z,bybit,mexc,ESPORTSUSDT,0.9951,0.10395,0.10497,-0.005248,-0.019113,-0.013865,1.009
2026-06-08T07:48:12.098500+00:00Z,gate,mexc,ESPORTSUSDT,1.0254,0.1036,0.10465,-0.0072,-0.019113,-0.011913,1.0373
2026-06-08T07:48:12.098500+00:00Z,bybit,mexc,ESPORTSUSDT,0.7357,0.1039,0.10465,-0.005248,-0.019113,-0.013865,0.7496
2026-06-08T07:48:14.150516+00:00Z,gate,mexc,ESPORTSUSDT,1.2367,0.10369,0.10496,-0.0072,-0.019113,-0.011913,1.2486
2026-06-08T07:48:14.150516+00:00Z,bybit,mexc,ESPORTSUSDT,0.8981,0.10404,0.10496,-0.005248,-0.019113,-0.013865,0.912
2026-06-08T07:48:16.154955+00:00Z,gate,mexc,ESPORTSUSDT,1.3191,0.10404,0.1054,-0.0072,-0.019113,-0.011913,1.331
2026-06-08T07:48:16.154955+00:00Z,bybit,mexc,ESPORTSUSDT,0.9717,0.1044,0.1054,-0.005248,-0.019113,-0.013865,0.9856
2026-06-08T07:48:18.181414+00:00Z,gate,mexc,ESPORTSUSDT,1.5214,0.10401,0.10558,-0.0072,-0.019113,-0.011913,1.5333
2026-06-08T07:48:18.181414+00:00Z,bybit,mexc,ESPORTSUSDT,1.1829,0.10436,0.10558,-0.005248,-0.019113,-0.013865,1.1968
2026-06-08T07:48:20.197921+00:00Z,gate,mexc,ESPORTSUSDT,1.3529,0.1044,0.1058,-0.0072,-0.019113,-0.011913,1.3648
2026-06-08T07:48:20.197921+00:00Z,bybit,mexc,ESPORTSUSDT,0.6512,0.10513,0.1058,-0.005248,-0.019113,-0.013865,0.665
2026-06-08T07:48:24.216953+00:00Z,gate,mexc,ESPORTSUSDT,1.3473,0.10484,0.10624,-0.0072,-0.019113,-0.011913,1.3592
2026-06-08T07:48:24.216953+00:00Z,bybit,mexc,ESPORTSUSDT,1.1852,0.10501,0.10624,-0.005248,-0.019113,-0.013865,1.199
2026-06-08T07:48:26.233052+00:00Z,gate,mexc,ESPORTSUSDT,1.2134,0.10487,0.10613,-0.0072,-0.019113,-0.011913,1.2253
2026-06-08T07:48:26.233052+00:00Z,bybit,mexc,ESPORTSUSDT,0.9459,0.10515,0.10613,-0.005248,-0.019113,-0.013865,0.9597
2026-06-08T07:48:28.238813+00:00Z,gate,mexc,ESPORTSUSDT,1.0712,0.10479,0.1059,-0.0072,-0.019113,-0.011913,1.0831
2026-06-08T07:48:28.238813+00:00Z,bybit,mexc,ESPORTSUSDT,0.8326,0.10504,0.1059,-0.005248,-0.019113,-0.013865,0.8465
2026-06-08T07:48:30.254317+00:00Z,gate,mexc,ESPORTSUSDT,1.8129,0.10383,0.1057,-0.0072,-0.019113,-0.011913,1.8248
2026-06-08T07:48:30.254317+00:00Z,bybit,mexc,ESPORTSUSDT,1.6289,0.10402,0.1057,-0.005248,-0.019113,-0.013865,1.6428
2026-06-08T07:48:32.267655+00:00Z,gate,mexc,ESPORTSUSDT,1.155,0.1041,0.10529,-0.0072,-0.019113,-0.011913,1.167
2026-06-08T07:48:32.267655+00:00Z,bybit,mexc,ESPORTSUSDT,0.8567,0.10441,0.10529,-0.005248,-0.019113,-0.013865,0.8706
2026-06-08T07:48:36.286622+00:00Z,gate,mexc,ESPORTSUSDT,1.31,0.10708,0.10847,-0.007255,-0.019113,-0.011858,1.3218
2026-06-08T07:48:36.286622+00:00Z,bybit,mexc,ESPORTSUSDT,1.0101,0.1074,0.10847,-0.005248,-0.019113,-0.013865,1.024
2026-06-08T07:48:38.306274+00:00Z,gate,mexc,ESPORTSUSDT,1.2509,0.10653,0.10785,-0.007255,-0.019113,-0.011858,1.2628
2026-06-08T07:48:38.306274+00:00Z,bybit,mexc,ESPORTSUSDT,0.78,0.10703,0.10785,-0.005248,-0.019113,-0.013865,0.7939
2026-06-08T07:48:40.321663+00:00Z,gate,mexc,ESPORTSUSDT,1.0862,0.10797,0.10913,-0.007255,-0.019113,-0.011858,1.0981
2026-06-08T07:48:40.321663+00:00Z,bybit,mexc,ESPORTSUSDT,0.7989,0.10828,0.10913,-0.005248,-0.019113,-0.013865,0.8127
2026-06-08T07:48:42.339399+00:00Z,gate,mexc,ESPORTSUSDT,0.9827,0.10815,0.1092,-0.007255,-0.019113,-0.011858,0.9946
2026-06-08T07:48:42.339399+00:00Z,bybit,mexc,ESPORTSUSDT,0.8356,0.10831,0.1092,-0.005248,-0.019113,-0.013865,0.8494
2026-06-08T07:48:44.354726+00:00Z,gate,mexc,ESPORTSUSDT,1.3576,0.10775,0.1092,-0.007255,-0.019113,-0.011858,1.3694
2026-06-08T07:48:44.354726+00:00Z,bybit,mexc,ESPORTSUSDT,1.0688,0.10806,0.1092,-0.005248,-0.019113,-0.013865,1.0827
2026-06-08T07:48:46.359083+00:00Z,gate,mexc,ESPORTSUSDT,1.333,0.10748,0.1089,-0.007255,-0.019113,-0.011858,1.3449
2026-06-08T07:48:46.359083+00:00Z,bybit,mexc,ESPORTSUSDT,1.1469,0.10768,0.1089,-0.005248,-0.019113,-0.013865,1.1607
2026-06-08T07:48:48.375884+00:00Z,bybit,mexc,ESPORTSUSDT,1.1877,0.10734,0.1086,-0.005248,-0.019113,-0.013865,1.2016
2026-06-08T07:48:48.375884+00:00Z,gate,mexc,ESPORTSUSDT,1.1574,0.10737,0.1086,-0.007255,-0.019113,-0.011858,1.1693
2026-06-08T07:48:50.390491+00:00Z,gate,mexc,ESPORTSUSDT,0.8484,0.10759,0.10849,-0.007255,-0.019113,-0.011858,0.8602
2026-06-08T07:48:50.390491+00:00Z,bybit,mexc,ESPORTSUSDT,0.598,0.10786,0.10849,-0.005248,-0.019113,-0.013865,0.6118
2026-06-08T07:48:52.406561+00:00Z,gate,mexc,ESPORTSUSDT,1.2853,0.1068,0.10816,-0.007255,-0.019113,-0.011858,1.2971
2026-06-08T07:48:52.406561+00:00Z,bybit,mexc,ESPORTSUSDT,0.8154,0.1073,0.10816,-0.005248,-0.019113,-0.013865,0.8292
2026-06-08T07:48:56.569190+00:00Z,bybit,mexc,ESPORTSUSDT,1.0095,0.10646,0.10752,-0.005248,-0.019113,-0.013865,1.0234
2026-06-08T07:48:56.569190+00:00Z,gate,mexc,ESPORTSUSDT,0.9696,0.1065,0.10752,-0.007255,-0.019113,-0.011858,0.9815
2026-06-08T07:49:04.577957+00:00Z,gate,mexc,ESPORTSUSDT,0.7501,0.10705,0.10784,-0.007255,-0.019356,-0.012101,0.7622
2026-06-08T07:49:06.593923+00:00Z,gate,mexc,ESPORTSUSDT,1.4153,0.10761,0.10912,-0.007255,-0.019356,-0.012101,1.4274
2026-06-08T07:49:06.593923+00:00Z,bybit,mexc,ESPORTSUSDT,1.2762,0.10776,0.10912,-0.005248,-0.019356,-0.014108,1.2903
2026-06-08T07:49:08.599060+00:00Z,gate,mexc,ESPORTSUSDT,1.3578,0.10775,0.1092,-0.007255,-0.019356,-0.012101,1.3699
2026-06-08T07:49:08.599060+00:00Z,bybit,mexc,ESPORTSUSDT,1.125,0.108,0.1092,-0.005455,-0.019356,-0.013901,1.1389
2026-06-08T07:49:10.602147+00:00Z,gate,mexc,ESPORTSUSDT,1.1607,0.10796,0.1092,-0.007255,-0.019356,-0.012101,1.1728
2026-06-08T07:49:10.602147+00:00Z,bybit,mexc,ESPORTSUSDT,0.9754,0.10816,0.1092,-0.005455,-0.019356,-0.013901,0.9893
2026-06-08T07:49:12.619074+00:00Z,gate,mexc,ESPORTSUSDT,1.6124,0.10748,0.1092,-0.007255,-0.019356,-0.012101,1.6245
2026-06-08T07:49:12.619074+00:00Z,bybit,mexc,ESPORTSUSDT,1.3878,0.10772,0.1092,-0.005455,-0.019356,-0.013901,1.4017
2026-06-08T07:49:14.623764+00:00Z,gate,mexc,ESPORTSUSDT,2.2497,0.10681,0.1092,-0.007255,-0.019356,-0.012101,2.2618
2026-06-08T07:49:14.623764+00:00Z,bybit,mexc,ESPORTSUSDT,1.8606,0.10722,0.1092,-0.005455,-0.019356,-0.013901,1.8745
2026-06-08T07:49:16.627145+00:00Z,gate,mexc,ESPORTSUSDT,2.3359,0.10672,0.1092,-0.007255,-0.019356,-0.012101,2.348
2026-06-08T07:49:16.627145+00:00Z,bybit,mexc,ESPORTSUSDT,2.0318,0.10704,0.1092,-0.005455,-0.019356,-0.013901,2.0457
2026-06-08T07:49:16.627145+00:00Z,mexc,bybit,ALLOUSDT,1.4717,0.45044,0.45707,-0.000292,-7.1e-05,0.000221,1.4715
2026-06-08T07:49:16.627145+00:00Z,mexc,gate,ALLOUSDT,1.4184,0.45044,0.45683,-0.000292,-0.000127,0.000165,1.4183
2026-06-08T07:49:18.633333+00:00Z,gate,mexc,ESPORTSUSDT,2.2306,0.10683,0.1092,-0.007255,-0.019356,-0.012101,2.2427
2026-06-08T07:49:18.633333+00:00Z,bybit,mexc,ESPORTSUSDT,2.0509,0.10702,0.1092,-0.005455,-0.019356,-0.013901,2.0648
2026-06-08T07:49:18.633333+00:00Z,mexc,bybit,ALLOUSDT,1.6892,0.45044,0.45805,-0.000292,-7.1e-05,0.000221,1.689
2026-06-08T07:49:18.633333+00:00Z,mexc,gate,ALLOUSDT,1.636,0.45044,0.45781,-0.000292,-0.000127,0.000165,1.6358
2026-06-08T07:49:20.651535+00:00Z,gate,mexc,ESPORTSUSDT,2.6533,0.10639,0.1092,-0.007255,-0.019356,-0.012101,2.6654
2026-06-08T07:49:20.651535+00:00Z,bybit,mexc,ESPORTSUSDT,2.2994,0.10676,0.1092,-0.005455,-0.019356,-0.013901,2.3133
2026-06-08T07:49:20.651535+00:00Z,mexc,bybit,ALLOUSDT,1.3629,0.45044,0.45658,-0.000292,-7.1e-05,0.000221,1.3627
2026-06-08T07:49:20.651535+00:00Z,mexc,gate,ALLOUSDT,1.3474,0.45044,0.45651,-0.000292,-0.000127,0.000165,1.3472
2026-06-08T07:49:22.657968+00:00Z,gate,mexc,ESPORTSUSDT,2.5088,0.10654,0.1092,-0.007255,-0.019356,-0.012101,2.5209
2026-06-08T07:49:22.657968+00:00Z,bybit,mexc,ESPORTSUSDT,2.2228,0.10684,0.1092,-0.005455,-0.019356,-0.013901,2.2367
2026-06-08T07:49:22.657968+00:00Z,mexc,bybit,ALLOUSDT,1.9024,0.45044,0.45901,-0.000292,-7.1e-05,0.000221,1.9021
2026-06-08T07:49:22.657968+00:00Z,mexc,gate,ALLOUSDT,1.8536,0.45044,0.45879,-0.000292,-0.000127,0.000165,1.8534
2026-06-08T07:49:24.674819+00:00Z,gate,mexc,ESPORTSUSDT,2.6726,0.10637,0.1092,-0.007255,-0.019356,-0.012101,2.6847
2026-06-08T07:49:24.674819+00:00Z,bybit,mexc,ESPORTSUSDT,2.5491,0.1065,0.1092,-0.005455,-0.019356,-0.013901,2.563
2026-06-08T07:49:24.674819+00:00Z,mexc,bybit,ALLOUSDT,1.7891,0.45044,0.4585,-0.000292,-7.1e-05,0.000221,1.7889
2026-06-08T07:49:24.674819+00:00Z,mexc,gate,ALLOUSDT,1.7648,0.45044,0.45839,-0.000292,-0.000127,0.000165,1.7646
2026-06-08T07:49:26.692758+00:00Z,gate,mexc,ESPORTSUSDT,2.6533,0.10639,0.1092,-0.007255,-0.019356,-0.012101,2.6654
2026-06-08T07:49:26.692758+00:00Z,bybit,mexc,ESPORTSUSDT,2.5684,0.10648,0.1092,-0.005455,-0.019356,-0.013901,2.5823
2026-06-08T07:49:26.692758+00:00Z,mexc,gate,ALLOUSDT,2.4086,0.45044,0.46129,-0.000292,-0.000127,0.000165,2.4084
2026-06-08T07:49:26.692758+00:00Z,mexc,bybit,ALLOUSDT,2.373,0.45044,0.46113,-0.000292,-7.1e-05,0.000221,2.3728
2026-06-08T07:49:28.698351+00:00Z,gate,mexc,ESPORTSUSDT,2.8176,0.10622,0.1092,-0.007255,-0.019356,-0.012101,2.8297
2026-06-08T07:49:28.698351+00:00Z,mexc,bybit,ALLOUSDT,2.7793,0.45044,0.46296,-0.000292,-7.1e-05,0.000221,2.7791
2026-06-08T07:49:28.698351+00:00Z,mexc,gate,ALLOUSDT,2.7016,0.45044,0.46261,-0.000292,-0.000127,0.000165,2.7015
2026-06-08T07:49:28.698351+00:00Z,bybit,mexc,ESPORTSUSDT,2.1177,0.10695,0.1092,-0.005455,-0.019356,-0.013901,2.1316
2026-06-08T07:49:30.719431+00:00Z,mexc,bybit,ALLOUSDT,3.0412,0.45044,0.46414,-0.000292,-7.1e-05,0.000221,3.041
2026-06-08T07:49:30.719431+00:00Z,mexc,gate,ALLOUSDT,2.9547,0.45044,0.46375,-0.000292,-0.000127,0.000165,2.9546
2026-06-08T07:49:30.719431+00:00Z,gate,mexc,ESPORTSUSDT,2.7306,0.10631,0.1092,-0.007255,-0.019356,-0.012101,2.7427
2026-06-08T07:49:30.719431+00:00Z,bybit,mexc,ESPORTSUSDT,2.5684,0.10648,0.1092,-0.005455,-0.019356,-0.013901,2.5823
2026-06-08T07:49:32.737541+00:00Z,mexc,bybit,ALLOUSDT,3.2078,0.45044,0.46489,-0.000292,-7.1e-05,0.000221,3.2075
2026-06-08T07:49:32.737541+00:00Z,mexc,gate,ALLOUSDT,3.1079,0.45044,0.46444,-0.000292,-0.000127,0.000165,3.1077
2026-06-08T07:49:32.737541+00:00Z,gate,mexc,ESPORTSUSDT,2.5666,0.10648,0.1092,-0.007255,-0.019356,-0.012101,2.5787
2026-06-08T07:49:32.737541+00:00Z,bybit,mexc,ESPORTSUSDT,2.4241,0.10663,0.1092,-0.005455,-0.019356,-0.013901,2.438
2026-06-08T07:49:34.755156+00:00Z,mexc,bybit,ALLOUSDT,3.1234,0.45044,0.46451,-0.000292,-7.1e-05,0.000221,3.1232
2026-06-08T07:49:34.755156+00:00Z,mexc,gate,ALLOUSDT,3.0746,0.45044,0.46429,-0.000292,-0.000133,0.000159,3.0745
2026-06-08T07:49:34.755156+00:00Z,gate,mexc,ESPORTSUSDT,2.6051,0.10644,0.1092,-0.007282,-0.019356,-0.012074,2.6172
2026-06-08T07:49:34.755156+00:00Z,bybit,mexc,ESPORTSUSDT,2.4625,0.10659,0.1092,-0.005455,-0.019356,-0.013901,2.4764
2026-06-08T07:49:36.773518+00:00Z,mexc,gate,ALLOUSDT,3.1168,0.45044,0.46448,-0.000292,-0.000133,0.000159,3.1166
2026-06-08T07:49:36.773518+00:00Z,mexc,bybit,ALLOUSDT,3.1123,0.45044,0.46446,-0.000292,-7.1e-05,0.000221,3.1121
2026-06-08T07:49:36.773518+00:00Z,gate,mexc,ESPORTSUSDT,2.6823,0.10636,0.1092,-0.007282,-0.019356,-0.012074,2.6943
2026-06-08T07:49:36.773518+00:00Z,bybit,mexc,ESPORTSUSDT,2.5876,0.10646,0.1092,-0.005455,-0.019356,-0.013901,2.6015
2026-06-08T07:49:38.778209+00:00Z,mexc,bybit,ALLOUSDT,2.797,0.45044,0.46304,-0.000292,-7.1e-05,0.000221,2.7968
2026-06-08T07:49:38.778209+00:00Z,mexc,gate,ALLOUSDT,2.7216,0.45044,0.4627,-0.000292,-0.000133,0.000159,2.7215
2026-06-08T07:49:38.778209+00:00Z,gate,mexc,ESPORTSUSDT,2.6533,0.10639,0.1092,-0.007282,-0.019356,-0.012074,2.6654
2026-06-08T07:49:38.778209+00:00Z,bybit,mexc,ESPORTSUSDT,2.3377,0.10672,0.1092,-0.005455,-0.019356,-0.013901,2.3516
2026-06-08T07:49:40.785716+00:00Z,gate,mexc,ESPORTSUSDT,2.8079,0.10623,0.1092,-0.007282,-0.019356,-0.012074,2.82
2026-06-08T07:49:40.785716+00:00Z,mexc,bybit,ALLOUSDT,2.635,0.45044,0.46231,-0.000292,-7.1e-05,0.000221,2.6348
2026-06-08T07:49:40.785716+00:00Z,mexc,gate,ALLOUSDT,2.5462,0.45044,0.46191,-0.000292,-0.000133,0.000159,2.5461
2026-06-08T07:49:40.785716+00:00Z,bybit,mexc,ESPORTSUSDT,2.5299,0.10652,0.1092,-0.005455,-0.019356,-0.013901,2.5438
2026-06-08T07:49:42.805296+00:00Z,gate,mexc,ESPORTSUSDT,2.6726,0.10637,0.1092,-0.007282,-0.019356,-0.012074,2.6847
2026-06-08T07:49:42.805296+00:00Z,mexc,bybit,ALLOUSDT,2.5506,0.45044,0.46193,-0.000292,-7.1e-05,0.000221,2.5504
2026-06-08T07:49:42.805296+00:00Z,mexc,gate,ALLOUSDT,2.5107,0.45044,0.46175,-0.000292,-0.000133,0.000159,2.5106
2026-06-08T07:49:42.805296+00:00Z,bybit,mexc,ESPORTSUSDT,2.4721,0.10658,0.1092,-0.005455,-0.019356,-0.013901,2.486
2026-06-08T07:49:44.828336+00:00Z,gate,mexc,ESPORTSUSDT,2.7402,0.1063,0.1092,-0.007282,-0.019356,-0.012074,2.7523
2026-06-08T07:49:44.828336+00:00Z,bybit,mexc,ESPORTSUSDT,2.5684,0.10648,0.1092,-0.005455,-0.019356,-0.013901,2.5823
2026-06-08T07:49:44.828336+00:00Z,mexc,bybit,ALLOUSDT,2.3819,0.45044,0.46117,-0.000292,-7.1e-05,0.000221,2.3817
2026-06-08T07:49:44.828336+00:00Z,mexc,gate,ALLOUSDT,2.2954,0.45044,0.46078,-0.000292,-0.000133,0.000159,2.2952
2026-06-08T07:49:44.828336+00:00Z,mexc,gate,PIPPINUSDT,1.0,0.02,0.0202,5e-05,5e-05,0.0,1.0
2026-06-08T07:49:44.828336+00:00Z,mexc,bybit,PIPPINUSDT,0.7,0.02,0.02014,5e-05,5e-05,0.0,0.7
2026-06-08T07:49:46.834226+00:00Z,gate,mexc,ESPORTSUSDT,2.6147,0.10643,0.1092,-0.007282,-0.019356,-0.012074,2.6268
2026-06-08T07:49:46.834226+00:00Z,bybit,mexc,ESPORTSUSDT,2.5299,0.10652,0.1092,-0.005455,-0.019356,-0.013901,2.5438
2026-06-08T07:49:46.834226+00:00Z,mexc,bybit,ALLOUSDT,2.464,0.45044,0.46154,-0.000292,-7.1e-05,0.000221,2.4638
2026-06-08T07:49:46.834226+00:00Z,mexc,gate,ALLOUSDT,2.4064,0.45044,0.46128,-0.000292,-0.000133,0.000159,2.4062
2026-06-08T07:49:46.834226+00:00Z,mexc,bybit,PIPPINUSDT,1.0,0.02,0.0202,5e-05,5e-05,0.0,1.0
2026-06-08T07:49:46.834226+00:00Z,mexc,gate,PIPPINUSDT,1.0,0.02,0.0202,5e-05,5e-05,0.0,1.0
2026-06-08T07:49:48.852863+00:00Z,gate,mexc,ESPORTSUSDT,2.6051,0.10644,0.1092,-0.007282,-0.019356,-0.012074,2.6172
2026-06-08T07:49:48.852863+00:00Z,mexc,bybit,ALLOUSDT,2.6039,0.45044,0.46217,-0.000292,-7.1e-05,0.000221,2.6037
2026-06-08T07:49:48.852863+00:00Z,mexc,gate,ALLOUSDT,2.5529,0.45044,0.46194,-0.000292,-0.000133,0.000159,2.5527
2026-06-08T07:49:48.852863+00:00Z,bybit,mexc,ESPORTSUSDT,2.5299,0.10652,0.1092,-0.005455,-0.019356,-0.013901,2.5438
2026-06-08T07:49:48.852863+00:00Z,mexc,gate,PIPPINUSDT,1.0,0.02,0.0202,5e-05,5e-05,0.0,1.0
2026-06-08T07:49:50.871295+00:00Z,gate,mexc,ESPORTSUSDT,2.6051,0.10644,0.1092,-0.007282,-0.019356,-0.012074,2.6172
2026-06-08T07:49:50.871295+00:00Z,mexc,bybit,ALLOUSDT,2.5662,0.45044,0.462,-0.000292,-7.1e-05,0.000221,2.5659
2026-06-08T07:49:50.871295+00:00Z,mexc,gate,ALLOUSDT,2.5529,0.45044,0.46194,-0.000292,-0.000133,0.000159,2.5527
2026-06-08T07:49:50.871295+00:00Z,bybit,mexc,ESPORTSUSDT,2.5106,0.10654,0.1092,-0.005455,-0.019356,-0.013901,2.5245
2026-06-08T07:49:50.871295+00:00Z,mexc,bybit,PIPPINUSDT,1.0,0.02,0.0202,5e-05,5e-05,0.0,1.0
2026-06-08T07:49:50.871295+00:00Z,mexc,gate,PIPPINUSDT,1.0,0.02,0.0202,5e-05,5e-05,0.0,1.0
2026-06-08T07:49:52.891221+00:00Z,gate,mexc,ESPORTSUSDT,2.7305,0.10631,0.1092,-0.007282,-0.019356,-0.012074,2.7426
2026-06-08T07:49:52.891221+00:00Z,mexc,bybit,ALLOUSDT,2.7105,0.45044,0.46265,-0.000292,-7.1e-05,0.000221,2.7102
2026-06-08T07:49:52.891221+00:00Z,mexc,gate,ALLOUSDT,2.5929,0.45044,0.46212,-0.000292,-0.000133,0.000159,2.5927
2026-06-08T07:49:52.891221+00:00Z,bybit,mexc,ESPORTSUSDT,2.5106,0.10654,0.1092,-0.005455,-0.019356,-0.013901,2.5245
2026-06-08T07:49:52.891221+00:00Z,mexc,gate,PIPPINUSDT,1.0,0.02,0.0202,5e-05,5e-05,0.0,1.0
2026-06-08T07:49:54.911119+00:00Z,gate,mexc,ESPORTSUSDT,2.7402,0.1063,0.1092,-0.007282,-0.019356,-0.012074,2.7523
2026-06-08T07:49:54.911119+00:00Z,mexc,bybit,ALLOUSDT,2.6683,0.45044,0.46246,-0.000292,-7.1e-05,0.000221,2.6681
2026-06-08T07:49:54.911119+00:00Z,bybit,mexc,ESPORTSUSDT,2.6069,0.10644,0.1092,-0.005455,-0.019356,-0.013901,2.6208
2026-06-08T07:49:54.911119+00:00Z,mexc,gate,ALLOUSDT,2.5485,0.45044,0.46192,-0.000292,-0.000133,0.000159,2.5483
2026-06-08T07:49:54.911119+00:00Z,mexc,gate,PIPPINUSDT,1.5,0.02,0.0203,5e-05,5e-05,0.0,1.5
2026-06-08T07:49:54.911119+00:00Z,mexc,bybit,PIPPINUSDT,1.2,0.02,0.02024,5e-05,5e-05,0.0,1.2
2026-06-08T07:49:56.931952+00:00Z,mexc,bybit,ALLOUSDT,2.8614,0.45044,0.46333,-0.000292,-7.1e-05,0.000221,2.8612
2026-06-08T07:49:56.931952+00:00Z,mexc,gate,ALLOUSDT,2.7305,0.45044,0.46274,-0.000292,-0.000133,0.000159,2.7303
2026-06-08T07:49:56.931952+00:00Z,gate,mexc,ESPORTSUSDT,2.6919,0.10635,0.1092,-0.007282,-0.019356,-0.012074,2.704
2026-06-08T07:49:56.931952+00:00Z,bybit,mexc,ESPORTSUSDT,2.3857,0.10667,0.1092,-0.005455,-0.019356,-0.013901,2.3996
2026-06-08T07:49:56.931952+00:00Z,mexc,gate,PIPPINUSDT,1.5,0.02,0.0203,5e-05,5e-05,0.0,1.5
2026-06-08T07:49:56.931952+00:00Z,mexc,bybit,PIPPINUSDT,1.25,0.02,0.02025,5e-05,5e-05,0.0,1.25
2026-06-08T07:49:58.951261+00:00Z,mexc,bybit,ALLOUSDT,2.9236,0.45044,0.46361,-0.000292,-7.1e-05,0.000221,2.9234
2026-06-08T07:49:58.951261+00:00Z,mexc,gate,ALLOUSDT,2.6905,0.45044,0.46256,-0.000292,-0.000133,0.000159,2.6904
2026-06-08T07:49:58.951261+00:00Z,gate,mexc,ESPORTSUSDT,2.4319,0.10662,0.1092,-0.007282,-0.019356,-0.012074,2.444
2026-06-08T07:49:58.951261+00:00Z,bybit,mexc,ESPORTSUSDT,1.9366,0.10714,0.1092,-0.005455,-0.019356,-0.013901,1.9505
2026-06-08T07:49:58.951261+00:00Z,mexc,gate,PIPPINUSDT,1.5,0.02,0.0203,5e-05,5e-05,0.0,1.5
2026-06-08T07:49:58.951261+00:00Z,mexc,bybit,PIPPINUSDT,1.3,0.02,0.02026,5e-05,5e-05,0.0,1.3
2026-06-08T07:50:00.958543+00:00Z,mexc,bybit,ALLOUSDT,2.6705,0.45044,0.46247,-0.000292,-7.1e-05,0.000221,2.6703
2026-06-08T07:50:00.958543+00:00Z,mexc,gate,ALLOUSDT,2.4996,0.45044,0.4617,-0.000292,-0.000133,0.000159,2.4995
2026-06-08T07:50:00.958543+00:00Z,gate,mexc,ESPORTSUSDT,2.4607,0.10659,0.1092,-0.007282,-0.019356,-0.012074,2.4728
2026-06-08T07:50:00.958543+00:00Z,bybit,mexc,ESPORTSUSDT,2.2324,0.10683,0.1092,-0.005455,-0.019356,-0.013901,2.2463
2026-06-08T07:50:00.958543+00:00Z,mexc,bybit,PIPPINUSDT,1.65,0.02,0.02033,5e-05,5e-05,0.0,1.65
2026-06-08T07:50:00.958543+00:00Z,mexc,gate,PIPPINUSDT,1.5,0.02,0.0203,5e-05,5e-05,0.0,1.5
2026-06-08T07:50:02.977865+00:00Z,mexc,bybit,ALLOUSDT,2.5373,0.45044,0.46187,-0.000292,-6.7e-05,0.000225,2.5371
2026-06-08T07:50:02.977865+00:00Z,mexc,gate,ALLOUSDT,2.4996,0.45044,0.4617,-0.000292,-0.000133,0.000159,2.4995
2026-06-08T07:50:02.977865+00:00Z,gate,mexc,ESPORTSUSDT,2.4319,0.10662,0.1092,-0.007282,-0.019356,-0.012074,2.444
2026-06-08T07:50:02.977865+00:00Z,bybit,mexc,ESPORTSUSDT,2.1559,0.10691,0.1092,-0.005455,-0.019356,-0.013901,2.1698
2026-06-08T07:50:02.977865+00:00Z,mexc,gate,PIPPINUSDT,1.5,0.02,0.0203,5e-05,5e-05,0.0,1.5
2026-06-08T07:50:02.977865+00:00Z,mexc,bybit,PIPPINUSDT,1.4,0.02,0.02028,5e-05,5e-05,0.0,1.4
2026-06-08T07:50:04.991211+00:00Z,mexc,bybit,ALLOUSDT,2.7371,0.45044,0.46277,-0.000292,-6.7e-05,0.000225,2.7369
2026-06-08T07:50:04.991211+00:00Z,mexc,gate,ALLOUSDT,2.6017,0.45044,0.46216,-0.000292,-0.000133,0.000159,2.6016
2026-06-08T07:50:04.991211+00:00Z,gate,mexc,ESPORTSUSDT,2.3263,0.10673,0.1092,-0.007282,-0.019356,-0.012074,2.3384
2026-06-08T07:50:04.991211+00:00Z,bybit,mexc,ESPORTSUSDT,1.9652,0.10711,0.1092,-0.005455,-0.019356,-0.013901,1.9791
2026-06-08T07:50:04.991211+00:00Z,mexc,gate,PIPPINUSDT,1.0,0.02,0.0202,5e-05,5e-05,0.0,1.0
2026-06-08T07:50:04.991211+00:00Z,mexc,bybit,PIPPINUSDT,0.95,0.02,0.02019,5e-05,5e-05,0.0,0.95
2026-06-08T07:50:06.999487+00:00Z,mexc,bybit,ALLOUSDT,3.3743,0.45044,0.46564,-0.000292,-6.7e-05,0.000225,3.374
2026-06-08T07:50:06.999487+00:00Z,mexc,gate,ALLOUSDT,3.23,0.45044,0.46499,-0.000292,-0.000133,0.000159,3.2299
2026-06-08T07:50:06.999487+00:00Z,gate,mexc,ESPORTSUSDT,2.0205,0.10705,0.1092,-0.007282,-0.019356,-0.012074,2.0326
2026-06-08T07:50:06.999487+00:00Z,bybit,mexc,ESPORTSUSDT,1.7278,0.10736,0.1092,-0.005455,-0.019356,-0.013901,1.7417
2026-06-08T07:50:06.999487+00:00Z,mexc,bybit,PIPPINUSDT,1.1,0.02,0.02022,5e-05,5e-05,0.0,1.1
2026-06-08T07:50:06.999487+00:00Z,mexc,gate,PIPPINUSDT,1.0,0.02,0.0202,5e-05,5e-05,0.0,1.0
2026-06-08T07:50:09.010405+00:00Z,mexc,bybit,ALLOUSDT,3.2921,0.45044,0.46527,-0.000292,-6.7e-05,0.000225,3.2919
2026-06-08T07:50:09.010405+00:00Z,mexc,gate,ALLOUSDT,3.2278,0.45044,0.46498,-0.000292,-0.000133,0.000159,3.2276
2026-06-08T07:50:09.010405+00:00Z,gate,mexc,ESPORTSUSDT,1.8777,0.1072,0.1092,-0.007282,-0.019356,-0.012074,1.8898
2026-06-08T07:50:09.010405+00:00Z,bybit,mexc,ESPORTSUSDT,1.4913,0.10761,0.1092,-0.005613,-0.019356,-0.013743,1.505
2026-06-08T07:50:09.010405+00:00Z,mexc,bybit,PIPPINUSDT,1.15,0.02,0.02023,5e-05,5e-05,0.0,1.15
2026-06-08T07:50:09.010405+00:00Z,mexc,gate,PIPPINUSDT,1.0,0.02,0.0202,5e-05,5e-05,0.0,1.0
2026-06-08T07:50:11.030953+00:00Z,mexc,bybit,ALLOUSDT,3.9048,0.45044,0.46803,-0.000292,-6.7e-05,0.000225,3.9046
2026-06-08T07:50:11.030953+00:00Z,mexc,gate,ALLOUSDT,3.714,0.45044,0.46717,-0.000292,-0.000133,0.000159,3.7138
2026-06-08T07:50:11.030953+00:00Z,gate,mexc,ESPORTSUSDT,1.9348,0.10714,0.1092,-0.007282,-0.019356,-0.012074,1.9469
2026-06-08T07:50:11.030953+00:00Z,bybit,mexc,ESPORTSUSDT,1.529,0.10757,0.1092,-0.005613,-0.019356,-0.013743,1.5428
2026-06-08T07:50:11.030953+00:00Z,mexc,gate,PIPPINUSDT,1.0,0.02,0.0202,5e-05,5e-05,0.0,1.0
2026-06-08T07:50:13.051900+00:00Z,mexc,bybit,ALLOUSDT,3.9226,0.45044,0.46811,-0.000292,-6.7e-05,0.000225,3.9224
2026-06-08T07:50:13.051900+00:00Z,mexc,gate,ALLOUSDT,3.8583,0.45044,0.46782,-0.000292,-0.000133,0.000159,3.8581
2026-06-08T07:50:13.051900+00:00Z,gate,mexc,ESPORTSUSDT,1.9443,0.10713,0.1092,-0.007282,-0.019356,-0.012074,1.9564
2026-06-08T07:50:13.051900+00:00Z,bybit,mexc,ESPORTSUSDT,1.6613,0.10743,0.1092,-0.005613,-0.019356,-0.013743,1.6751
2026-06-08T07:50:13.051900+00:00Z,mexc,gate,PIPPINUSDT,1.0,0.02,0.0202,5e-05,5e-05,0.0,1.0
2026-06-08T07:50:15.070781+00:00Z,mexc,bybit,ALLOUSDT,4.1446,0.45044,0.46911,-0.000292,-6.7e-05,0.000225,4.1444
2026-06-08T07:50:15.070781+00:00Z,mexc,gate,ALLOUSDT,4.0847,0.45044,0.46884,-0.000292,-0.000133,0.000159,4.0846
2026-06-08T07:50:15.070781+00:00Z,gate,mexc,ESPORTSUSDT,1.9158,0.10716,0.1092,-0.007282,-0.019356,-0.012074,1.9278
2026-06-08T07:50:15.070781+00:00Z,bybit,mexc,ESPORTSUSDT,1.6708,0.10742,0.1092,-0.005613,-0.019356,-0.013743,1.6845
2026-06-08T07:50:15.070781+00:00Z,mexc,gate,PIPPINUSDT,1.0,0.02,0.0202,5e-05,5e-05,0.0,1.0
2026-06-08T07:50:15.070781+00:00Z,mexc,bybit,PIPPINUSDT,0.85,0.02,0.02017,5e-05,5e-05,0.0,0.85
2026-06-08T07:50:17.090498+00:00Z,mexc,bybit,ALLOUSDT,3.9226,0.45044,0.46811,-0.000292,-6.7e-05,0.000225,3.9224
2026-06-08T07:50:17.090498+00:00Z,mexc,gate,ALLOUSDT,3.8583,0.45044,0.46782,-0.000292,-0.000133,0.000159,3.8581
2026-06-08T07:50:17.090498+00:00Z,gate,mexc,ESPORTSUSDT,1.6975,0.10739,0.1092,-0.007282,-0.019356,-0.012074,1.7096
2026-06-08T07:50:17.090498+00:00Z,bybit,mexc,ESPORTSUSDT,1.4253,0.10768,0.1092,-0.005613,-0.019356,-0.013743,1.4391
2026-06-08T07:50:17.090498+00:00Z,mexc,gate,PIPPINUSDT,1.0,0.02,0.0202,5e-05,5e-05,0.0,1.0
2026-06-08T07:50:19.113586+00:00Z,mexc,bybit,ALLOUSDT,4.0247,0.45044,0.46857,-0.000292,-6.7e-05,0.000225,4.0245
2026-06-08T07:50:19.113586+00:00Z,mexc,gate,ALLOUSDT,3.9582,0.45044,0.46827,-0.000292,-0.000133,0.000159,3.958
2026-06-08T07:50:19.113586+00:00Z,gate,mexc,ESPORTSUSDT,1.5557,0.10754,0.1092,-0.007282,-0.019356,-0.012074,1.5678
2026-06-08T07:50:19.113586+00:00Z,bybit,mexc,ESPORTSUSDT,1.2186,0.1079,0.1092,-0.005613,-0.019356,-0.013743,1.2323
2026-06-08T07:50:19.113586+00:00Z,mexc,gate,PIPPINUSDT,1.0,0.02,0.0202,5e-05,5e-05,0.0,1.0
2026-06-08T07:50:21.145826+00:00Z,mexc,bybit,ALLOUSDT,4.2578,0.45044,0.46962,-0.000292,-6.7e-05,0.000225,4.2576
2026-06-08T07:50:21.145826+00:00Z,mexc,gate,ALLOUSDT,4.1225,0.45044,0.46901,-0.000292,-0.000133,0.000159,4.1223
2026-06-08T07:50:21.145826+00:00Z,gate,mexc,ESPORTSUSDT,1.5179,0.10758,0.1092,-0.007282,-0.019356,-0.012074,1.53
2026-06-08T07:50:21.145826+00:00Z,bybit,mexc,ESPORTSUSDT,1.303,0.10781,0.1092,-0.005613,-0.019356,-0.013743,1.3168
2026-06-08T07:50:21.145826+00:00Z,mexc,gate,PIPPINUSDT,1.0,0.02,0.0202,5e-05,5e-05,0.0,1.0
2026-06-08T07:50:21.145826+00:00Z,mexc,bybit,PIPPINUSDT,0.8,0.02,0.02016,5e-05,5e-05,0.0,0.8
2026-06-08T07:50:23.167995+00:00Z,mexc,bybit,ALLOUSDT,4.1069,0.45044,0.46894,-0.000292,-6.7e-05,0.000225,4.1066
2026-06-08T07:50:23.167995+00:00Z,mexc,gate,ALLOUSDT,4.0426,0.45044,0.46865,-0.000292,-0.000133,0.000159,4.0424
2026-06-08T07:50:23.167995+00:00Z,gate,mexc,ESPORTSUSDT,1.6975,0.10739,0.1092,-0.007282,-0.019356,-0.012074,1.7096
2026-06-08T07:50:23.167995+00:00Z,bybit,mexc,ESPORTSUSDT,1.3877,0.10772,0.1092,-0.005613,-0.019356,-0.013743,1.4014
2026-06-08T07:50:23.167995+00:00Z,mexc,gate,PIPPINUSDT,1.0,0.02,0.0202,5e-05,5e-05,0.0,1.0
2026-06-08T07:50:25.190943+00:00Z,mexc,bybit,ALLOUSDT,4.058,0.45044,0.46872,-0.000292,-6.7e-05,0.000225,4.0578
2026-06-08T07:50:25.190943+00:00Z,mexc,gate,ALLOUSDT,3.956,0.45044,0.46826,-0.000292,-0.000133,0.000159,3.9558
2026-06-08T07:50:25.190943+00:00Z,gate,mexc,ESPORTSUSDT,1.6218,0.10747,0.1092,-0.007282,-0.019356,-0.012074,1.6339
2026-06-08T07:50:25.190943+00:00Z,bybit,mexc,ESPORTSUSDT,1.2186,0.1079,0.1092,-0.005613,-0.019356,-0.013743,1.2323
2026-06-08T07:50:27.211536+00:00Z,mexc,bybit,ALLOUSDT,4.0247,0.45044,0.46857,-0.000292,-6.7e-05,0.000225,4.0245
2026-06-08T07:50:27.211536+00:00Z,mexc,gate,ALLOUSDT,3.9604,0.45044,0.46828,-0.000292,-0.000133,0.000159,3.9603
2026-06-08T07:50:27.211536+00:00Z,gate,mexc,ESPORTSUSDT,1.9443,0.10713,0.1092,-0.007282,-0.019356,-0.012074,1.9564
2026-06-08T07:50:27.211536+00:00Z,bybit,mexc,ESPORTSUSDT,1.5857,0.10751,0.1092,-0.005613,-0.019356,-0.013743,1.5994
2026-06-08T07:50:29.233341+00:00Z,mexc,bybit,ALLOUSDT,3.7494,0.45044,0.46733,-0.000292,-6.7e-05,0.000225,3.7492
2026-06-08T07:50:29.233341+00:00Z,mexc,gate,ALLOUSDT,3.6407,0.45044,0.46684,-0.000292,-0.000133,0.000159,3.6406
2026-06-08T07:50:29.233341+00:00Z,gate,mexc,ESPORTSUSDT,2.1254,0.10694,0.1092,-0.007282,-0.019356,-0.012074,2.1375
2026-06-08T07:50:29.233341+00:00Z,bybit,mexc,ESPORTSUSDT,1.8224,0.10726,0.1092,-0.005613,-0.019356,-0.013743,1.8362
2026-06-08T07:50:31.241469+00:00Z,mexc,bybit,ALLOUSDT,3.8516,0.45044,0.46779,-0.000292,-6.7e-05,0.000225,3.8513
2026-06-08T07:50:31.241469+00:00Z,mexc,gate,ALLOUSDT,3.6896,0.45044,0.46706,-0.000292,-0.000133,0.000159,3.6894
2026-06-08T07:50:31.241469+00:00Z,gate,mexc,ESPORTSUSDT,2.0872,0.10698,0.1092,-0.007282,-0.019356,-0.012074,2.0993
2026-06-08T07:50:31.241469+00:00Z,bybit,mexc,ESPORTSUSDT,1.8224,0.10726,0.1092,-0.005613,-0.019356,-0.013743,1.8362
2026-06-08T07:50:33.259397+00:00Z,mexc,bybit,ALLOUSDT,4.0203,0.45044,0.46855,-0.000292,-6.7e-05,0.000225,4.0201
2026-06-08T07:50:33.259397+00:00Z,mexc,gate,ALLOUSDT,3.9804,0.45044,0.46837,-0.000292,-0.000133,0.000159,3.9802
2026-06-08T07:50:33.259397+00:00Z,gate,mexc,ESPORTSUSDT,1.9919,0.10708,0.1092,-0.007282,-0.019356,-0.012074,2.004
2026-06-08T07:50:33.259397+00:00Z,bybit,mexc,ESPORTSUSDT,1.6708,0.10742,0.1092,-0.005613,-0.019356,-0.013743,1.6845
2026-06-08T07:50:35.279978+00:00Z,mexc,bybit,ALLOUSDT,3.5452,0.45044,0.46641,-0.000292,-6.7e-05,0.000225,3.545
2026-06-08T07:50:35.279978+00:00Z,mexc,gate,ALLOUSDT,3.4787,0.45044,0.46611,-0.000292,-0.000133,0.000159,3.4785
2026-06-08T07:50:35.279978+00:00Z,gate,mexc,ESPORTSUSDT,1.8777,0.1072,0.1092,-0.007329,-0.019356,-0.012027,1.8897
2026-06-08T07:50:35.279978+00:00Z,bybit,mexc,ESPORTSUSDT,1.6803,0.10741,0.1092,-0.005613,-0.019356,-0.013743,1.694
2026-06-08T07:50:37.298664+00:00Z,mexc,bybit,ALLOUSDT,3.3942,0.45044,0.46573,-0.000292,-6.7e-05,0.000225,3.394
2026-06-08T07:50:37.298664+00:00Z,mexc,gate,ALLOUSDT,3.2988,0.45044,0.4653,-0.000292,-0.000133,0.000159,3.2987
2026-06-08T07:50:37.298664+00:00Z,gate,mexc,ESPORTSUSDT,1.688,0.1074,0.1092,-0.007329,-0.019356,-0.012027,1.7
2026-06-08T07:50:37.298664+00:00Z,bybit,mexc,ESPORTSUSDT,1.5196,0.10758,0.1092,-0.005613,-0.019356,-0.013743,1.5333
2026-06-08T07:50:39.316040+00:00Z,gate,mexc,ESPORTSUSDT,1.6123,0.10748,0.1092,-0.007329,-0.019356,-0.012027,1.6244
2026-06-08T07:50:39.316040+00:00Z,bybit,mexc,ESPORTSUSDT,1.0126,0.10812,0.1092,-0.005613,-0.019356,-0.013743,1.0264
2026-06-08T07:50:41.334274+00:00Z,gate,mexc,ESPORTSUSDT,1.5428,0.10779,0.10944,-0.007329,-0.019356,-0.012027,1.5548
2026-06-08T07:50:41.334274+00:00Z,bybit,mexc,ESPORTSUSDT,1.3283,0.10802,0.10944,-0.005613,-0.019356,-0.013743,1.3421
2026-06-08T07:50:43.351358+00:00Z,gate,mexc,ESPORTSUSDT,1.4236,0.10768,0.1092,-0.007329,-0.019356,-0.012027,1.4356
2026-06-08T07:50:43.351358+00:00Z,bybit,mexc,ESPORTSUSDT,1.1155,0.10801,0.1092,-0.005613,-0.019356,-0.013743,1.1292
2026-06-08T07:50:45.369445+00:00Z,gate,mexc,ESPORTSUSDT,1.4113,0.10791,0.10942,-0.007329,-0.019356,-0.012027,1.4234
2026-06-08T07:50:45.369445+00:00Z,bybit,mexc,ESPORTSUSDT,0.9733,0.10838,0.10942,-0.005613,-0.019356,-0.013743,0.9871
2026-06-08T07:50:47.386359+00:00Z,gate,mexc,ESPORTSUSDT,1.4862,0.10786,0.10945,-0.007329,-0.019356,-0.012027,1.4982
2026-06-08T07:50:47.386359+00:00Z,bybit,mexc,ESPORTSUSDT,1.0849,0.10829,0.10945,-0.005613,-0.019356,-0.013743,1.0987
2026-06-08T07:50:53.408400+00:00Z,gate,mexc,ESPORTSUSDT,1.2713,0.108,0.10936,-0.007329,-0.019356,-0.012027,1.2833
2026-06-08T07:50:53.408400+00:00Z,bybit,mexc,ESPORTSUSDT,1.0672,0.10822,0.10936,-0.005613,-0.019356,-0.013743,1.0809
2026-06-08T07:50:57.413995+00:00Z,gate,mexc,ESPORTSUSDT,1.5101,0.10814,0.10976,-0.007329,-0.019356,-0.012027,1.5221
2026-06-08T07:50:57.413995+00:00Z,bybit,mexc,ESPORTSUSDT,1.2777,0.10839,0.10976,-0.005613,-0.019356,-0.013743,1.2914
2026-06-08T07:51:01.433681+00:00Z,gate,mexc,ESPORTSUSDT,1.0206,0.10811,0.1092,-0.007329,-0.019743,-0.012414,1.0331
2026-06-08T07:51:01.433681+00:00Z,bybit,mexc,ESPORTSUSDT,0.8358,0.10831,0.1092,-0.005613,-0.019743,-0.01413,0.85
2026-06-08T07:51:05.455324+00:00Z,gate,mexc,ESPORTSUSDT,1.3739,0.10797,0.10944,-0.007329,-0.019743,-0.012414,1.3863
2026-06-08T07:51:05.455324+00:00Z,bybit,mexc,ESPORTSUSDT,1.1789,0.10818,0.10944,-0.005613,-0.019743,-0.01413,1.193
2026-06-08T07:51:07.471022+00:00Z,gate,mexc,ESPORTSUSDT,1.5903,0.10774,0.10944,-0.007329,-0.019743,-0.012414,1.6027
2026-06-08T07:51:07.471022+00:00Z,bybit,mexc,ESPORTSUSDT,1.3568,0.10799,0.10944,-0.005613,-0.019743,-0.01413,1.371
2026-06-08T07:51:11.492067+00:00Z,gate,mexc,ESPORTSUSDT,0.7857,0.10733,0.10816,-0.007329,-0.019743,-0.012414,0.7981
2026-06-08T07:51:11.492067+00:00Z,bybit,mexc,ESPORTSUSDT,0.5064,0.10763,0.10816,-0.005776,-0.019743,-0.013967,0.5204
2026-06-08T07:51:13.515399+00:00Z,gate,mexc,ESPORTSUSDT,1.5077,0.10767,0.10928,-0.007329,-0.019743,-0.012414,1.5201
2026-06-08T07:51:13.515399+00:00Z,bybit,mexc,ESPORTSUSDT,1.2554,0.10794,0.10928,-0.005776,-0.019743,-0.013967,1.2694
2026-06-08T07:51:15.530681+00:00Z,gate,mexc,ESPORTSUSDT,0.7824,0.10779,0.10862,-0.007329,-0.019743,-0.012414,0.7948
2026-06-08T07:51:15.530681+00:00Z,bybit,mexc,ESPORTSUSDT,0.5508,0.10804,0.10862,-0.005776,-0.019743,-0.013967,0.5648
2026-06-08T07:51:17.547163+00:00Z,gate,mexc,ESPORTSUSDT,1.5432,0.10779,0.10944,-0.007329,-0.019743,-0.012414,1.5556
2026-06-08T07:51:17.547163+00:00Z,bybit,mexc,ESPORTSUSDT,1.2723,0.10808,0.10944,-0.005776,-0.019743,-0.013967,1.2863
2026-06-08T07:51:19.579334+00:00Z,bybit,mexc,ESPORTSUSDT,1.291,0.10806,0.10944,-0.005776,-0.019743,-0.013967,1.305
2026-06-08T07:51:19.579334+00:00Z,gate,mexc,ESPORTSUSDT,1.2707,0.10808,0.10944,-0.007329,-0.019743,-0.012414,1.2832
2026-06-08T07:51:21.595570+00:00Z,gate,mexc,ESPORTSUSDT,1.3551,0.10799,0.10944,-0.007329,-0.019743,-0.012414,1.3675
2026-06-08T07:51:21.595570+00:00Z,bybit,mexc,ESPORTSUSDT,0.7596,0.10863,0.10944,-0.005776,-0.019743,-0.013967,0.7736
2026-06-08T07:51:23.611100+00:00Z,gate,mexc,ESPORTSUSDT,1.6046,0.10803,0.10975,-0.007329,-0.019743,-0.012414,1.617
2026-06-08T07:51:23.611100+00:00Z,bybit,mexc,ESPORTSUSDT,1.409,0.10824,0.10975,-0.005776,-0.019743,-0.013967,1.423
2026-06-08T07:51:25.629643+00:00Z,gate,mexc,ESPORTSUSDT,0.8917,0.10804,0.10899,-0.007329,-0.019743,-0.012414,0.9041
2026-06-08T07:51:27.644165+00:00Z,gate,mexc,ESPORTSUSDT,1.3738,0.10798,0.10945,-0.007329,-0.019743,-0.012414,1.3862
2026-06-08T07:51:27.644165+00:00Z,bybit,mexc,ESPORTSUSDT,1.1786,0.10819,0.10945,-0.005776,-0.019743,-0.013967,1.1926
2026-06-08T07:51:29.659545+00:00Z,gate,mexc,ESPORTSUSDT,1.424,0.10839,0.10992,-0.007329,-0.019743,-0.012414,1.4364
2026-06-08T07:51:29.659545+00:00Z,bybit,mexc,ESPORTSUSDT,1.2294,0.1086,0.10992,-0.005776,-0.019743,-0.013967,1.2434
2026-06-08T07:51:31.663928+00:00Z,gate,mexc,ESPORTSUSDT,1.4895,0.10832,0.10992,-0.007329,-0.019743,-0.012414,1.5019
2026-06-08T07:51:31.663928+00:00Z,bybit,mexc,ESPORTSUSDT,1.3414,0.10848,0.10992,-0.005776,-0.019743,-0.013967,1.3554
2026-06-08T07:51:33.670912+00:00Z,gate,mexc,ESPORTSUSDT,1.5622,0.1084,0.11008,-0.007349,-0.019743,-0.012394,1.5746
2026-06-08T07:51:33.670912+00:00Z,bybit,mexc,ESPORTSUSDT,1.4235,0.10855,0.11008,-0.005776,-0.019743,-0.013967,1.4374
2026-06-08T07:51:35.699118+00:00Z,gate,mexc,ESPORTSUSDT,1.4642,0.10883,0.11041,-0.007349,-0.019743,-0.012394,1.4766
2026-06-08T07:51:35.699118+00:00Z,bybit,mexc,ESPORTSUSDT,1.4099,0.10889,0.11041,-0.005776,-0.019743,-0.013967,1.4238
2026-06-08T07:51:37.704512+00:00Z,gate,mexc,ESPORTSUSDT,1.7039,0.10878,0.11062,-0.007349,-0.019743,-0.012394,1.7163
2026-06-08T07:51:37.704512+00:00Z,bybit,mexc,ESPORTSUSDT,1.5468,0.10895,0.11062,-0.005776,-0.019743,-0.013967,1.5607
2026-06-08T07:51:39.730862+00:00Z,gate,mexc,ESPORTSUSDT,1.4269,0.10887,0.11041,-0.007349,-0.019743,-0.012394,1.4393
2026-06-08T07:51:39.730862+00:00Z,bybit,mexc,ESPORTSUSDT,1.1313,0.10919,0.11041,-0.005776,-0.019743,-0.013967,1.1453
2026-06-08T07:51:41.750551+00:00Z,gate,mexc,ESPORTSUSDT,1.4322,0.10917,0.11072,-0.007349,-0.019743,-0.012394,1.4446
2026-06-08T07:51:41.750551+00:00Z,bybit,mexc,ESPORTSUSDT,1.2483,0.10937,0.11072,-0.005776,-0.019743,-0.013967,1.2623
2026-06-08T07:51:43.779011+00:00Z,gate,mexc,ESPORTSUSDT,1.3765,0.10923,0.11072,-0.007349,-0.019743,-0.012394,1.3889
2026-06-08T07:51:43.779011+00:00Z,bybit,mexc,ESPORTSUSDT,1.1928,0.10943,0.11072,-0.005776,-0.019743,-0.013967,1.2068
2026-06-08T07:51:45.799287+00:00Z,gate,mexc,ESPORTSUSDT,1.7154,0.10922,0.11108,-0.007349,-0.019743,-0.012394,1.7278
2026-06-08T07:51:45.799287+00:00Z,bybit,mexc,ESPORTSUSDT,1.4662,0.10949,0.11108,-0.005776,-0.019743,-0.013967,1.4801
2026-06-08T07:51:47.834125+00:00Z,gate,mexc,ESPORTSUSDT,1.5164,0.10971,0.11136,-0.007349,-0.019743,-0.012394,1.5288
2026-06-08T07:51:47.834125+00:00Z,bybit,mexc,ESPORTSUSDT,1.2411,0.11001,0.11136,-0.005776,-0.019743,-0.013967,1.2551
2026-06-08T07:51:49.852604+00:00Z,gate,mexc,ESPORTSUSDT,1.4989,0.10965,0.11128,-0.007349,-0.019743,-0.012394,1.5113
2026-06-08T07:51:49.852604+00:00Z,bybit,mexc,ESPORTSUSDT,1.3526,0.10981,0.11128,-0.005776,-0.019743,-0.013967,1.3666
2026-06-08T07:51:51.889041+00:00Z,gate,mexc,ESPORTSUSDT,0.7533,0.10932,0.11013,-0.007349,-0.019743,-0.012394,0.7657
2026-06-08T07:51:53.911090+00:00Z,gate,mexc,ESPORTSUSDT,1.4973,0.1091,0.11072,-0.007349,-0.019743,-0.012394,1.5097
2026-06-08T07:51:53.911090+00:00Z,bybit,mexc,ESPORTSUSDT,1.1743,0.10945,0.11072,-0.005776,-0.019743,-0.013967,1.1883
2026-06-08T07:51:55.926461+00:00Z,gate,mexc,ESPORTSUSDT,1.7578,0.10886,0.11076,-0.007349,-0.019743,-0.012394,1.7701
2026-06-08T07:51:55.926461+00:00Z,bybit,mexc,ESPORTSUSDT,1.3127,0.10934,0.11076,-0.005776,-0.019743,-0.013967,1.3266
2026-06-08T07:51:57.944026+00:00Z,gate,mexc,ESPORTSUSDT,1.5482,0.10874,0.11041,-0.007349,-0.019743,-0.012394,1.5606
2026-06-08T07:51:57.944026+00:00Z,bybit,mexc,ESPORTSUSDT,1.2147,0.1091,0.11041,-0.005776,-0.019743,-0.013967,1.2287
2026-06-08T07:51:59.980244+00:00Z,gate,mexc,ESPORTSUSDT,1.7584,0.10882,0.11072,-0.007349,-0.019743,-0.012394,1.7708
2026-06-08T07:51:59.980244+00:00Z,bybit,mexc,ESPORTSUSDT,1.4988,0.1091,0.11072,-0.005776,-0.019743,-0.013967,1.5128
2026-06-08T07:52:01.982665+00:00Z,gate,mexc,ESPORTSUSDT,1.5765,0.10934,0.11105,-0.007349,-0.019904,-0.012555,1.589
2026-06-08T07:52:01.982665+00:00Z,bybit,mexc,ESPORTSUSDT,1.2171,0.10973,0.11105,-0.005776,-0.019904,-0.014128,1.2312
2026-06-08T07:52:04.010713+00:00Z,gate,mexc,ESPORTSUSDT,1.4795,0.10975,0.11136,-0.007349,-0.019904,-0.012555,1.4921
2026-06-08T07:52:04.010713+00:00Z,bybit,mexc,ESPORTSUSDT,1.1126,0.11015,0.11136,-0.005776,-0.019904,-0.014128,1.1268
2026-06-08T07:52:06.028149+00:00Z,gate,mexc,ESPORTSUSDT,1.4383,0.11012,0.11169,-0.007349,-0.019904,-0.012555,1.4508
2026-06-08T07:52:06.028149+00:00Z,bybit,mexc,ESPORTSUSDT,1.1093,0.11048,0.11169,-0.005776,-0.019904,-0.014128,1.1235
2026-06-08T07:52:08.054553+00:00Z,gate,mexc,ESPORTSUSDT,1.7754,0.11005,0.11199,-0.007349,-0.019904,-0.012555,1.7879
2026-06-08T07:52:08.054553+00:00Z,bybit,mexc,ESPORTSUSDT,1.2984,0.11057,0.11199,-0.005776,-0.019904,-0.014128,1.3125
2026-06-08T07:52:10.085134+00:00Z,gate,mexc,ESPORTSUSDT,1.8443,0.11028,0.1123,-0.007349,-0.019904,-0.012555,1.8568
2026-06-08T07:52:10.085134+00:00Z,bybit,mexc,ESPORTSUSDT,1.4501,0.11071,0.1123,-0.005955,-0.019904,-0.013949,1.4641
2026-06-08T07:52:14.114937+00:00Z,gate,mexc,ESPORTSUSDT,1.4014,0.11016,0.11169,-0.007349,-0.019904,-0.012555,1.414
2026-06-08T07:52:14.114937+00:00Z,bybit,mexc,ESPORTSUSDT,1.1092,0.11048,0.11169,-0.005955,-0.019904,-0.013949,1.1231
2026-06-08T07:52:18.131112+00:00Z,gate,mexc,ESPORTSUSDT,1.623,0.10991,0.11168,-0.007349,-0.019904,-0.012555,1.6355
2026-06-08T07:52:18.131112+00:00Z,bybit,mexc,ESPORTSUSDT,1.1917,0.11038,0.11168,-0.005955,-0.019904,-0.013949,1.2056
2026-06-08T07:52:20.169373+00:00Z,gate,mexc,ESPORTSUSDT,1.7877,0.10985,0.1118,-0.007349,-0.019904,-0.012555,1.8003
2026-06-08T07:52:20.169373+00:00Z,bybit,mexc,ESPORTSUSDT,1.2637,0.11042,0.1118,-0.005955,-0.019904,-0.013949,1.2777
2026-06-08T07:52:22.189110+00:00Z,gate,mexc,ESPORTSUSDT,1.8476,0.11008,0.1121,-0.007349,-0.019904,-0.012555,1.8601
2026-06-08T07:52:22.189110+00:00Z,bybit,mexc,ESPORTSUSDT,1.4619,0.1105,0.1121,-0.005955,-0.019904,-0.013949,1.4759
2026-06-08T07:52:24.191666+00:00Z,gate,mexc,ESPORTSUSDT,1.4568,0.11009,0.11168,-0.007349,-0.019904,-0.012555,1.4694
2026-06-08T07:52:24.191666+00:00Z,bybit,mexc,ESPORTSUSDT,1.1367,0.11044,0.11168,-0.005955,-0.019904,-0.013949,1.1507
2026-06-08T07:52:26.208927+00:00Z,gate,mexc,ESPORTSUSDT,1.42,0.11013,0.11168,-0.007349,-0.019904,-0.012555,1.4325
2026-06-08T07:52:26.208927+00:00Z,bybit,mexc,ESPORTSUSDT,1.0452,0.11054,0.11168,-0.005955,-0.019904,-0.013949,1.0592
2026-06-08T07:52:28.242509+00:00Z,gate,mexc,ESPORTSUSDT,0.7675,0.10994,0.11077,-0.007349,-0.019904,-0.012555,0.7801
2026-06-08T07:52:30.259226+00:00Z,gate,mexc,ESPORTSUSDT,1.6783,0.10986,0.11169,-0.007349,-0.019904,-0.012555,1.6909
2026-06-08T07:52:30.259226+00:00Z,bybit,mexc,ESPORTSUSDT,1.2558,0.11032,0.11169,-0.005955,-0.019904,-0.013949,1.2697
2026-06-08T07:52:32.286523+00:00Z,gate,mexc,ESPORTSUSDT,1.6094,0.11022,0.11198,-0.007349,-0.019904,-0.012555,1.6219
2026-06-08T07:52:32.286523+00:00Z,bybit,mexc,ESPORTSUSDT,1.2342,0.11063,0.11198,-0.005955,-0.019904,-0.013949,1.2482
2026-06-08T07:52:36.291718+00:00Z,gate,mexc,ESPORTSUSDT,1.9178,0.11022,0.11232,-0.007384,-0.019904,-0.01252,1.9303
2026-06-08T07:52:36.291718+00:00Z,bybit,mexc,ESPORTSUSDT,1.4224,0.11076,0.11232,-0.005955,-0.019904,-0.013949,1.4363
2026-06-08T07:52:38.326072+00:00Z,gate,mexc,ESPORTSUSDT,1.8568,0.11061,0.11265,-0.007384,-0.019904,-0.01252,1.8694
2026-06-08T07:52:38.326072+00:00Z,bybit,mexc,ESPORTSUSDT,1.327,0.11119,0.11265,-0.005955,-0.019904,-0.013949,1.341
2026-06-08T07:52:38.326072+00:00Z,gate,bybit,ESPORTSUSDT,0.5049,0.11061,0.11117,-0.007384,-0.005955,0.001429,0.5034
2026-06-08T07:52:40.345195+00:00Z,gate,mexc,ESPORTSUSDT,1.8547,0.11074,0.11278,-0.007384,-0.019904,-0.01252,1.8672
2026-06-08T07:52:40.345195+00:00Z,bybit,mexc,ESPORTSUSDT,1.2891,0.11136,0.11278,-0.005955,-0.019904,-0.013949,1.303
2026-06-08T07:52:40.345195+00:00Z,gate,bybit,ESPORTSUSDT,0.5494,0.11074,0.11135,-0.007384,-0.005955,0.001429,0.548
2026-06-08T07:52:42.362668+00:00Z,gate,mexc,ESPORTSUSDT,1.6101,0.11079,0.11256,-0.007384,-0.019904,-0.01252,1.6227
2026-06-08T07:52:42.362668+00:00Z,bybit,mexc,ESPORTSUSDT,1.0552,0.1114,0.11256,-0.005955,-0.019904,-0.013949,1.0692
2026-06-08T07:52:42.362668+00:00Z,gate,bybit,ESPORTSUSDT,0.5311,0.11079,0.11138,-0.007384,-0.005955,0.001429,0.5297
2026-06-08T07:52:44.366456+00:00Z,gate,mexc,ESPORTSUSDT,1.9867,0.11093,0.11312,-0.007384,-0.019904,-0.01252,1.9993
2026-06-08T07:52:44.366456+00:00Z,bybit,mexc,ESPORTSUSDT,1.376,0.1116,0.11312,-0.005955,-0.019904,-0.013949,1.3899
2026-06-08T07:52:44.366456+00:00Z,gate,bybit,ESPORTSUSDT,0.5665,0.11093,0.11156,-0.007384,-0.005955,0.001429,0.5651
2026-06-08T07:52:46.387574+00:00Z,gate,mexc,ESPORTSUSDT,1.2107,0.111,0.11233,-0.007384,-0.019904,-0.01252,1.2232
2026-06-08T07:52:46.387574+00:00Z,bybit,mexc,ESPORTSUSDT,0.6771,0.11159,0.11233,-0.005955,-0.019904,-0.013949,0.691
2026-06-08T07:52:50.408110+00:00Z,gate,mexc,ESPORTSUSDT,1.4819,0.11093,0.11256,-0.007384,-0.019904,-0.01252,1.4944
2026-06-08T07:52:50.408110+00:00Z,bybit,mexc,ESPORTSUSDT,1.0915,0.11136,0.11256,-0.005955,-0.019904,-0.013949,1.1055
2026-06-08T07:52:52.432455+00:00Z,gate,mexc,ESPORTSUSDT,1.815,0.11096,0.11296,-0.007384,-0.019904,-0.01252,1.8275
2026-06-08T07:52:52.432455+00:00Z,bybit,mexc,ESPORTSUSDT,1.3597,0.11146,0.11296,-0.005955,-0.019904,-0.013949,1.3737
2026-06-08T07:52:54.448051+00:00Z,gate,mexc,ESPORTSUSDT,1.8281,0.11126,0.11328,-0.007384,-0.019904,-0.01252,1.8406
2026-06-08T07:52:54.448051+00:00Z,bybit,mexc,ESPORTSUSDT,1.5739,0.11154,0.11328,-0.005955,-0.019904,-0.013949,1.5879
2026-06-08T07:52:56.465372+00:00Z,gate,mexc,ESPORTSUSDT,1.664,0.11081,0.11264,-0.007384,-0.019904,-0.01252,1.6765
2026-06-08T07:52:56.465372+00:00Z,bybit,mexc,ESPORTSUSDT,1.2088,0.11131,0.11264,-0.005955,-0.019904,-0.013949,1.2228
2026-06-08T07:52:58.501173+00:00Z,gate,mexc,ESPORTSUSDT,0.9682,0.11092,0.11198,-0.007384,-0.019904,-0.01252,0.9807
2026-06-08T07:53:00.517322+00:00Z,gate,mexc,ESPORTSUSDT,1.9215,0.11053,0.11264,-0.007384,-0.019904,-0.01252,1.934
2026-06-08T07:53:00.517322+00:00Z,bybit,mexc,ESPORTSUSDT,1.1089,0.11142,0.11264,-0.005955,-0.019904,-0.013949,1.1229
2026-06-08T07:53:02.533432+00:00Z,gate,mexc,ESPORTSUSDT,0.958,0.11105,0.1121,-0.007384,-0.019904,-0.01252,0.9706
2026-06-08T07:53:04.551302+00:00Z,gate,mexc,ESPORTSUSDT,1.2621,0.11044,0.11182,-0.007384,-0.019904,-0.01252,1.2746
2026-06-08T07:53:04.551302+00:00Z,bybit,mexc,ESPORTSUSDT,0.8435,0.1109,0.11182,-0.005955,-0.019904,-0.013949,0.8575
2026-06-08T07:53:06.585511+00:00Z,gate,mexc,ESPORTSUSDT,1.8993,0.11024,0.11232,-0.007384,-0.019904,-0.01252,1.9118
2026-06-08T07:53:06.585511+00:00Z,bybit,mexc,ESPORTSUSDT,1.4041,0.11078,0.11232,-0.005955,-0.019904,-0.013949,1.418
2026-06-08T07:53:08.601695+00:00Z,gate,mexc,ESPORTSUSDT,2.0287,0.11011,0.11233,-0.007384,-0.019904,-0.01252,2.0412
2026-06-08T07:53:08.601695+00:00Z,bybit,mexc,ESPORTSUSDT,1.6055,0.11057,0.11233,-0.006145,-0.019904,-0.013759,1.6193
2026-06-08T07:53:10.608673+00:00Z,gate,mexc,ESPORTSUSDT,1.853,0.1103,0.11233,-0.007384,-0.019904,-0.01252,1.8655
2026-06-08T07:53:10.608673+00:00Z,bybit,mexc,ESPORTSUSDT,1.3123,0.11089,0.11233,-0.006145,-0.019904,-0.013759,1.3261
2026-06-08T07:53:12.627532+00:00Z,gate,mexc,ESPORTSUSDT,1.9824,0.11016,0.11233,-0.007384,-0.019904,-0.01252,1.9949
2026-06-08T07:53:12.627532+00:00Z,bybit,mexc,ESPORTSUSDT,1.4679,0.11072,0.11233,-0.006145,-0.019904,-0.013759,1.4816
2026-06-08T07:53:14.645253+00:00Z,gate,mexc,ESPORTSUSDT,2.0557,0.11012,0.11237,-0.007384,-0.019904,-0.01252,2.0683
2026-06-08T07:53:14.645253+00:00Z,bybit,mexc,ESPORTSUSDT,1.5315,0.11069,0.11237,-0.006145,-0.019904,-0.013759,1.5453
2026-06-08T07:53:14.645253+00:00Z,gate,bybit,ESPORTSUSDT,0.5618,0.11012,0.11074,-0.007384,-0.006145,0.001239,0.5605
2026-06-08T07:53:16.650782+00:00Z,gate,mexc,ESPORTSUSDT,1.23,0.11006,0.1114,-0.007384,-0.019904,-0.01252,1.2426
2026-06-08T07:53:16.650782+00:00Z,bybit,mexc,ESPORTSUSDT,0.7644,0.11057,0.1114,-0.006145,-0.019904,-0.013759,0.7782
2026-06-08T07:53:18.666871+00:00Z,gate,mexc,ESPORTSUSDT,1.8174,0.1097,0.11168,-0.007384,-0.019904,-0.01252,1.83
2026-06-08T07:53:18.666871+00:00Z,bybit,mexc,ESPORTSUSDT,1.3568,0.1102,0.11168,-0.006145,-0.019904,-0.013759,1.3705
2026-06-08T07:53:20.707658+00:00Z,gate,mexc,ESPORTSUSDT,1.8539,0.1097,0.11172,-0.007384,-0.019904,-0.01252,1.8664
2026-06-08T07:53:20.707658+00:00Z,bybit,mexc,ESPORTSUSDT,1.4023,0.11019,0.11172,-0.006145,-0.019904,-0.013759,1.416
2026-06-08T07:53:22.719838+00:00Z,gate,mexc,ESPORTSUSDT,1.6833,0.10953,0.11136,-0.007384,-0.019904,-0.01252,1.6958
2026-06-08T07:53:22.719838+00:00Z,bybit,mexc,ESPORTSUSDT,1.2777,0.10997,0.11136,-0.006145,-0.019904,-0.013759,1.2915
2026-06-08T07:53:24.735664+00:00Z,gate,mexc,ESPORTSUSDT,1.7112,0.1095,0.11136,-0.007384,-0.019904,-0.01252,1.7237
2026-06-08T07:53:24.735664+00:00Z,bybit,mexc,ESPORTSUSDT,1.149,0.11011,0.11136,-0.006145,-0.019904,-0.013759,1.1627
2026-06-08T07:53:26.738596+00:00Z,gate,mexc,ESPORTSUSDT,1.9528,0.10926,0.11138,-0.007384,-0.019904,-0.01252,1.9654
2026-06-08T07:53:26.738596+00:00Z,bybit,mexc,ESPORTSUSDT,1.5452,0.1097,0.11138,-0.006145,-0.019904,-0.013759,1.559
2026-06-08T07:53:28.741692+00:00Z,gate,mexc,ESPORTSUSDT,1.9066,0.10929,0.11136,-0.007384,-0.019904,-0.01252,1.9191
2026-06-08T07:53:28.741692+00:00Z,bybit,mexc,ESPORTSUSDT,1.5362,0.10969,0.11136,-0.006145,-0.019904,-0.013759,1.55
2026-06-08T07:53:30.766578+00:00Z,gate,mexc,ESPORTSUSDT,1.6225,0.10932,0.11108,-0.007384,-0.019904,-0.01252,1.635
2026-06-08T07:53:30.766578+00:00Z,bybit,mexc,ESPORTSUSDT,0.9956,0.11,0.11108,-0.006145,-0.019904,-0.013759,1.0093
2026-06-08T07:53:32.782517+00:00Z,gate,mexc,ESPORTSUSDT,1.8219,0.10943,0.11141,-0.007384,-0.019904,-0.01252,1.8344
2026-06-08T07:53:32.782517+00:00Z,bybit,mexc,ESPORTSUSDT,1.1944,0.11011,0.11141,-0.006145,-0.019904,-0.013759,1.2082
2026-06-08T07:53:34.803320+00:00Z,gate,mexc,ESPORTSUSDT,1.901,0.10961,0.11168,-0.007432,-0.019904,-0.012472,1.9135
2026-06-08T07:53:34.803320+00:00Z,bybit,mexc,ESPORTSUSDT,1.458,0.11009,0.11168,-0.006145,-0.019904,-0.013759,1.4718
2026-06-08T07:53:36.818696+00:00Z,gate,mexc,ESPORTSUSDT,1.6995,0.10966,0.11151,-0.007432,-0.019904,-0.012472,1.712
2026-06-08T07:53:36.818696+00:00Z,bybit,mexc,ESPORTSUSDT,1.2668,0.11013,0.11151,-0.006145,-0.019904,-0.013759,1.2806
2026-06-08T07:53:38.838890+00:00Z,gate,mexc,ESPORTSUSDT,1.572,0.10965,0.11136,-0.007432,-0.019904,-0.012472,1.5845
2026-06-08T07:53:38.838890+00:00Z,bybit,mexc,ESPORTSUSDT,1.2317,0.11002,0.11136,-0.006145,-0.019904,-0.013759,1.2455
2026-06-08T07:53:40.866144+00:00Z,gate,mexc,ESPORTSUSDT,1.9225,0.10942,0.11151,-0.007432,-0.019904,-0.012472,1.935
2026-06-08T07:53:40.866144+00:00Z,bybit,mexc,ESPORTSUSDT,1.4695,0.10991,0.11151,-0.006145,-0.019904,-0.013759,1.4833
2026-06-08T07:53:42.882467+00:00Z,gate,mexc,ESPORTSUSDT,1.0482,0.1091,0.11023,-0.007432,-0.019904,-0.012472,1.0607
2026-06-08T07:53:42.882467+00:00Z,bybit,mexc,ESPORTSUSDT,0.5794,0.10961,0.11023,-0.006145,-0.019904,-0.013759,0.5932
2026-06-08T07:53:44.898695+00:00Z,gate,mexc,ESPORTSUSDT,1.8068,0.10812,0.11006,-0.007432,-0.019904,-0.012472,1.8192
2026-06-08T07:53:44.898695+00:00Z,bybit,mexc,ESPORTSUSDT,1.489,0.10846,0.11006,-0.006145,-0.019904,-0.013759,1.5027
2026-06-08T07:53:44.898695+00:00Z,gate,bybit,ESPORTSUSDT,0.6461,0.10812,0.10882,-0.007432,-0.006145,0.001287,0.6449
2026-06-08T07:53:46.902984+00:00Z,gate,bybit,ESPORTSUSDT,0.527,0.1079,0.10847,-0.007432,-0.006145,0.001287,0.5257
2026-06-08T07:53:48.918624+00:00Z,gate,mexc,ESPORTSUSDT,1.7548,0.10733,0.1092,-0.007432,-0.019904,-0.012472,1.7672
2026-06-08T07:53:48.918624+00:00Z,bybit,mexc,ESPORTSUSDT,1.1998,0.10792,0.1092,-0.006145,-0.019904,-0.013759,1.2136
2026-06-08T07:53:48.918624+00:00Z,gate,bybit,ESPORTSUSDT,0.5298,0.10733,0.1079,-0.007432,-0.006145,0.001287,0.5285
2026-06-08T07:53:50.935611+00:00Z,gate,mexc,ESPORTSUSDT,1.6506,0.10744,0.1092,-0.007432,-0.019904,-0.012472,1.6631
2026-06-08T07:53:50.935611+00:00Z,bybit,mexc,ESPORTSUSDT,1.2092,0.10791,0.1092,-0.006145,-0.019904,-0.013759,1.223
2026-06-08T07:53:52.952359+00:00Z,gate,mexc,ESPORTSUSDT,0.8069,0.107,0.10785,-0.007432,-0.019904,-0.012472,0.8193
2026-06-08T07:53:52.952359+00:00Z,bybit,mexc,ESPORTSUSDT,0.6013,0.10722,0.10785,-0.006145,-0.019904,-0.013759,0.6151
2026-06-08T07:53:54.969482+00:00Z,gate,mexc,ESPORTSUSDT,1.3548,0.10728,0.10872,-0.007432,-0.019904,-0.012472,1.3672
2026-06-08T07:53:54.969482+00:00Z,bybit,mexc,ESPORTSUSDT,1.1204,0.10753,0.10872,-0.006145,-0.019904,-0.013759,1.1342
2026-06-08T07:53:57.122514+00:00Z,bybit,mexc,ESPORTSUSDT,1.1619,0.10713,0.10836,-0.006145,-0.019904,-0.013759,1.1757
2026-06-08T07:53:57.122514+00:00Z,gate,mexc,ESPORTSUSDT,1.1512,0.10714,0.10836,-0.007432,-0.019904,-0.012472,1.1636
2026-06-08T07:53:59.139340+00:00Z,gate,mexc,ESPORTSUSDT,1.9542,0.10712,0.1092,-0.007432,-0.019904,-0.012472,1.9667
2026-06-08T07:53:59.139340+00:00Z,bybit,mexc,ESPORTSUSDT,1.8224,0.10726,0.1092,-0.006145,-0.019904,-0.013759,1.8362
2026-06-08T07:54:01.155258+00:00Z,gate,mexc,ESPORTSUSDT,1.3175,0.10804,0.10945,-0.007432,-0.019904,-0.012472,1.33
2026-06-08T07:54:01.155258+00:00Z,bybit,mexc,ESPORTSUSDT,1.113,0.10826,0.10945,-0.006145,-0.019904,-0.013759,1.1267
2026-06-08T07:54:03.177864+00:00Z,gate,mexc,ESPORTSUSDT,1.5243,0.10782,0.10945,-0.007432,-0.019904,-0.012472,1.5367
2026-06-08T07:54:03.177864+00:00Z,bybit,mexc,ESPORTSUSDT,1.2813,0.10808,0.10945,-0.006145,-0.019904,-0.013759,1.2951
2026-06-08T07:54:05.212285+00:00Z,gate,mexc,ESPORTSUSDT,0.9439,0.10844,0.10945,-0.007432,-0.019904,-0.012472,0.9563
2026-06-08T07:54:05.212285+00:00Z,bybit,mexc,ESPORTSUSDT,0.9265,0.10846,0.10945,-0.006145,-0.019904,-0.013759,0.9403
2026-06-08T07:54:07.232331+00:00Z,gate,mexc,ESPORTSUSDT,1.6185,0.10772,0.10945,-0.007432,-0.019904,-0.012472,1.631
2026-06-08T07:54:07.232331+00:00Z,bybit,mexc,ESPORTSUSDT,1.1877,0.10818,0.10945,-0.006145,-0.019904,-0.013759,1.2015
2026-06-08T07:54:09.252693+00:00Z,gate,mexc,ESPORTSUSDT,1.4678,0.10788,0.10945,-0.007432,-0.019904,-0.012472,1.4803
2026-06-08T07:54:09.252693+00:00Z,bybit,mexc,ESPORTSUSDT,1.4127,0.10794,0.10945,-0.006113,-0.019904,-0.013791,1.4265
2026-06-08T07:54:11.271270+00:00Z,gate,mexc,ESPORTSUSDT,2.2926,0.10701,0.10945,-0.007432,-0.019904,-0.012472,2.3051
2026-06-08T07:54:11.271270+00:00Z,bybit,mexc,ESPORTSUSDT,2.1317,0.10718,0.10945,-0.006113,-0.019904,-0.013791,2.1455
2026-06-08T07:54:13.289199+00:00Z,bybit,mexc,ESPORTSUSDT,2.0365,0.10728,0.10945,-0.006113,-0.019904,-0.013791,2.0503
2026-06-08T07:54:13.289199+00:00Z,gate,mexc,ESPORTSUSDT,2.0257,0.10729,0.10945,-0.007432,-0.019904,-0.012472,2.0382
2026-06-08T07:54:15.305652+00:00Z,gate,mexc,ESPORTSUSDT,2.3596,0.10694,0.10945,-0.007432,-0.019904,-0.012472,2.3721
2026-06-08T07:54:15.305652+00:00Z,bybit,mexc,ESPORTSUSDT,2.1603,0.10715,0.10945,-0.006113,-0.019904,-0.013791,2.1741
2026-06-08T07:54:17.311200+00:00Z,bybit,mexc,ESPORTSUSDT,1.1779,0.10652,0.10776,-0.006113,-0.019904,-0.013791,1.1917
2026-06-08T07:54:17.311200+00:00Z,gate,mexc,ESPORTSUSDT,1.1576,0.10654,0.10776,-0.007432,-0.019904,-0.012472,1.1701
2026-06-08T07:54:23.329491+00:00Z,bybit,mexc,ESPORTSUSDT,1.3968,0.10701,0.10849,-0.006113,-0.019904,-0.013791,1.4106
2026-06-08T07:54:23.329491+00:00Z,gate,mexc,ESPORTSUSDT,1.282,0.10713,0.10849,-0.007432,-0.019904,-0.012472,1.2944
2026-06-08T07:54:25.333022+00:00Z,bybit,mexc,ESPORTSUSDT,1.2349,0.1081,0.10942,-0.006113,-0.019904,-0.013791,1.2487
2026-06-08T07:54:25.333022+00:00Z,gate,mexc,ESPORTSUSDT,1.1494,0.10819,0.10942,-0.007432,-0.019904,-0.012472,1.1618
2026-06-08T07:54:27.336992+00:00Z,bybit,mexc,ESPORTSUSDT,1.3866,0.10781,0.10929,-0.006113,-0.019904,-0.013791,1.4004
2026-06-08T07:54:27.336992+00:00Z,gate,mexc,ESPORTSUSDT,1.3383,0.10786,0.10929,-0.007432,-0.019904,-0.012472,1.3507
2026-06-08T07:54:31.341961+00:00Z,bybit,mexc,ESPORTSUSDT,0.9825,0.10839,0.10944,-0.006113,-0.019904,-0.013791,0.9963
2026-06-08T07:54:31.341961+00:00Z,gate,mexc,ESPORTSUSDT,0.9533,0.10842,0.10944,-0.007432,-0.019904,-0.012472,0.9657
2026-06-08T07:54:33.358535+00:00Z,gate,mexc,ESPORTSUSDT,1.2895,0.10806,0.10944,-0.007432,-0.019904,-0.012472,1.302
2026-06-08T07:54:33.358535+00:00Z,bybit,mexc,ESPORTSUSDT,1.1038,0.10826,0.10944,-0.006113,-0.019904,-0.013791,1.1176
2026-06-08T07:54:35.374614+00:00Z,bybit,mexc,ESPORTSUSDT,1.2382,0.10781,0.10913,-0.006113,-0.019904,-0.013791,1.252
2026-06-08T07:54:35.374614+00:00Z,gate,mexc,ESPORTSUSDT,1.1994,0.10785,0.10913,-0.007303,-0.019904,-0.012601,1.212
2026-06-08T07:54:37.377924+00:00Z,gate,mexc,ESPORTSUSDT,1.5953,0.10741,0.10911,-0.007303,-0.019904,-0.012601,1.6079
2026-06-08T07:54:37.377924+00:00Z,bybit,mexc,ESPORTSUSDT,1.5776,0.10743,0.10911,-0.006113,-0.019904,-0.013791,1.5914
2026-06-08T07:54:39.393593+00:00Z,bybit,mexc,ESPORTSUSDT,1.4567,0.10742,0.10897,-0.006113,-0.019904,-0.013791,1.4705
2026-06-08T07:54:39.393593+00:00Z,gate,mexc,ESPORTSUSDT,1.3423,0.10754,0.10897,-0.007303,-0.019904,-0.012601,1.3549
2026-06-08T07:54:41.396529+00:00Z,gate,mexc,ESPORTSUSDT,1.2304,0.10757,0.10888,-0.007303,-0.019904,-0.012601,1.243
2026-06-08T07:54:41.396529+00:00Z,bybit,mexc,ESPORTSUSDT,1.1564,0.10765,0.10888,-0.006113,-0.019904,-0.013791,1.1702
2026-06-08T07:54:45.413077+00:00Z,gate,mexc,ESPORTSUSDT,1.4577,0.10726,0.10881,-0.007303,-0.019904,-0.012601,1.4703
2026-06-08T07:54:45.413077+00:00Z,bybit,mexc,ESPORTSUSDT,1.3644,0.10736,0.10881,-0.006113,-0.019904,-0.013791,1.3782
2026-06-08T07:54:49.418874+00:00Z,gate,mexc,ESPORTSUSDT,1.4118,0.10649,0.10798,-0.007303,-0.019904,-0.012601,1.4244
2026-06-08T07:54:49.418874+00:00Z,bybit,mexc,ESPORTSUSDT,1.3179,0.10659,0.10798,-0.006113,-0.019904,-0.013791,1.3316
2026-06-08T07:54:53.437788+00:00Z,gate,mexc,ESPORTSUSDT,1.2102,0.10688,0.10816,-0.007303,-0.019904,-0.012601,1.2228
2026-06-08T07:54:53.437788+00:00Z,bybit,mexc,ESPORTSUSDT,1.183,0.10691,0.10816,-0.006113,-0.019904,-0.013791,1.1968
2026-06-08T07:54:55.452987+00:00Z,gate,mexc,ESPORTSUSDT,0.6509,0.10653,0.10721,-0.007303,-0.019904,-0.012601,0.6635
2026-06-08T07:54:55.452987+00:00Z,bybit,mexc,ESPORTSUSDT,0.5012,0.10669,0.10721,-0.006113,-0.019904,-0.013791,0.515
2026-06-08T07:54:57.455845+00:00Z,bybit,mexc,ESPORTSUSDT,0.5231,0.10603,0.10657,-0.006113,-0.019904,-0.013791,0.5369
2026-06-08T07:54:59.460192+00:00Z,bybit,mexc,ESPORTSUSDT,1.1494,0.10655,0.10776,-0.006113,-0.019904,-0.013791,1.1632
2026-06-08T07:54:59.460192+00:00Z,gate,mexc,ESPORTSUSDT,1.1387,0.10656,0.10776,-0.007303,-0.019904,-0.012601,1.1513
2026-06-08T07:55:01.477368+00:00Z,gate,mexc,ESPORTSUSDT,1.0843,0.10638,0.10752,-0.007303,-0.02,-0.012697,1.097
2026-06-08T07:55:01.477368+00:00Z,bybit,mexc,ESPORTSUSDT,1.0475,0.10642,0.10752,-0.006113,-0.02,-0.013887,1.0614
2026-06-08T07:55:03.482046+00:00Z,gate,mexc,ESPORTSUSDT,1.4422,0.10633,0.10785,-0.007303,-0.02,-0.012697,1.4549
2026-06-08T07:55:03.482046+00:00Z,bybit,mexc,ESPORTSUSDT,1.3767,0.1064,0.10785,-0.006113,-0.02,-0.013887,1.3906
2026-06-08T07:55:05.500589+00:00Z,bybit,mexc,ESPORTSUSDT,0.9876,0.10681,0.10785,-0.006113,-0.02,-0.013887,1.0015
2026-06-08T07:55:05.500589+00:00Z,gate,mexc,ESPORTSUSDT,0.9108,0.10689,0.10785,-0.007303,-0.02,-0.012697,0.9235
2026-06-08T07:55:07.511081+00:00Z,bybit,mexc,ESPORTSUSDT,1.1263,0.10697,0.10816,-0.006113,-0.02,-0.013887,1.1402
2026-06-08T07:55:07.511081+00:00Z,gate,mexc,ESPORTSUSDT,1.1157,0.10698,0.10816,-0.007303,-0.02,-0.012697,1.1284
2026-06-08T07:55:09.527581+00:00Z,gate,mexc,ESPORTSUSDT,1.0372,0.10737,0.10847,-0.007303,-0.02,-0.012697,1.0499
2026-06-08T07:55:09.527581+00:00Z,bybit,mexc,ESPORTSUSDT,0.9537,0.10746,0.10847,-0.006168,-0.02,-0.013832,0.9675
2026-06-08T07:55:11.546297+00:00Z,bybit,mexc,ESPORTSUSDT,1.5252,0.10719,0.10881,-0.006168,-0.02,-0.013832,1.539
2026-06-08T07:55:11.546297+00:00Z,gate,mexc,ESPORTSUSDT,1.524,0.10719,0.10881,-0.007303,-0.02,-0.012697,1.5367
2026-06-08T07:55:13.563218+00:00Z,bybit,mexc,ESPORTSUSDT,0.6479,0.10724,0.10792,-0.006168,-0.02,-0.013832,0.6618
2026-06-08T07:55:13.563218+00:00Z,gate,mexc,ESPORTSUSDT,0.6468,0.10724,0.10792,-0.007303,-0.02,-0.012697,0.6595
2026-06-08T07:55:17.582295+00:00Z,gate,mexc,ESPORTSUSDT,1.4052,0.107,0.10849,-0.007303,-0.02,-0.012697,1.4179
2026-06-08T07:55:17.582295+00:00Z,bybit,mexc,ESPORTSUSDT,1.2172,0.1072,0.10849,-0.006168,-0.02,-0.013832,1.231
2026-06-08T07:55:21.602188+00:00Z,gate,mexc,ESPORTSUSDT,1.18,0.10794,0.1092,-0.007303,-0.02,-0.012697,1.1927
2026-06-08T07:55:21.602188+00:00Z,bybit,mexc,ESPORTSUSDT,1.1249,0.108,0.1092,-0.006168,-0.02,-0.013832,1.1388
2026-06-08T07:55:23.621513+00:00Z,gate,mexc,ESPORTSUSDT,1.462,0.10764,0.1092,-0.007303,-0.02,-0.012697,1.4747
2026-06-08T07:55:23.621513+00:00Z,bybit,mexc,ESPORTSUSDT,1.3689,0.10774,0.1092,-0.006168,-0.02,-0.013832,1.3828
2026-06-08T07:55:25.639128+00:00Z,gate,mexc,ESPORTSUSDT,1.5941,0.1075,0.1092,-0.007303,-0.02,-0.012697,1.6068
2026-06-08T07:55:25.639128+00:00Z,bybit,mexc,ESPORTSUSDT,1.4066,0.1077,0.1092,-0.006168,-0.02,-0.013832,1.4204
2026-06-08T07:55:27.655194+00:00Z,gate,mexc,ESPORTSUSDT,2.0306,0.10704,0.1092,-0.007303,-0.02,-0.012697,2.0433
2026-06-08T07:55:27.655194+00:00Z,bybit,mexc,ESPORTSUSDT,1.8035,0.10728,0.1092,-0.006168,-0.02,-0.013832,1.8174
2026-06-08T07:55:29.658455+00:00Z,gate,mexc,ESPORTSUSDT,2.0497,0.10702,0.1092,-0.007303,-0.02,-0.012697,2.0624
2026-06-08T07:55:29.658455+00:00Z,bybit,mexc,ESPORTSUSDT,1.3125,0.1078,0.1092,-0.006168,-0.02,-0.013832,1.3264
2026-06-08T07:55:29.658455+00:00Z,mexc,gate,PIPPINUSDT,0.5317,0.02069,0.0208,5e-05,5e-05,0.0,0.5317
2026-06-08T07:55:31.675057+00:00Z,gate,mexc,ESPORTSUSDT,2.2503,0.10681,0.1092,-0.007303,-0.02,-0.012697,2.263
2026-06-08T07:55:31.675057+00:00Z,bybit,mexc,ESPORTSUSDT,1.9937,0.10708,0.1092,-0.006168,-0.02,-0.013832,2.0075
2026-06-08T07:55:31.675057+00:00Z,mexc,gate,PIPPINUSDT,0.5317,0.02069,0.0208,5e-05,5e-05,0.0,0.5317
2026-06-08T07:55:33.692721+00:00Z,gate,mexc,ESPORTSUSDT,2.471,0.10658,0.1092,-0.007233,-0.02,-0.012767,2.4838
2026-06-08T07:55:33.692721+00:00Z,bybit,mexc,ESPORTSUSDT,2.0222,0.10705,0.1092,-0.006168,-0.02,-0.013832,2.0361
2026-06-08T07:55:33.692721+00:00Z,mexc,gate,PIPPINUSDT,0.5317,0.02069,0.0208,5e-05,5e-05,0.0,0.5317
2026-06-08T07:55:35.698045+00:00Z,gate,mexc,ESPORTSUSDT,3.2654,0.10576,0.1092,-0.007233,-0.02,-0.012767,3.2782
2026-06-08T07:55:35.698045+00:00Z,bybit,mexc,ESPORTSUSDT,2.9065,0.10613,0.1092,-0.006168,-0.02,-0.013832,2.9203
2026-06-08T07:55:35.698045+00:00Z,mexc,gate,PIPPINUSDT,0.5317,0.02069,0.0208,5e-05,5e-05,0.0,0.5317
2026-06-08T07:55:37.701724+00:00Z,gate,mexc,ESPORTSUSDT,3.0025,0.10603,0.1092,-0.007233,-0.02,-0.012767,3.0153
2026-06-08T07:55:37.701724+00:00Z,bybit,mexc,ESPORTSUSDT,2.7903,0.10625,0.1092,-0.006168,-0.02,-0.013832,2.8041
2026-06-08T07:55:37.701724+00:00Z,mexc,gate,PIPPINUSDT,0.5317,0.02069,0.0208,5e-05,5e-05,0.0,0.5317
2026-06-08T07:55:39.721126+00:00Z,gate,mexc,ESPORTSUSDT,3.1776,0.10585,0.1092,-0.007233,-0.02,-0.012767,3.1904
2026-06-08T07:55:39.721126+00:00Z,bybit,mexc,ESPORTSUSDT,2.8774,0.10616,0.1092,-0.006168,-0.02,-0.013832,2.8913
2026-06-08T07:55:41.727013+00:00Z,gate,mexc,ESPORTSUSDT,3.0608,0.10597,0.1092,-0.007233,-0.02,-0.012767,3.0736
2026-06-08T07:55:41.727013+00:00Z,bybit,mexc,ESPORTSUSDT,2.8871,0.10615,0.1092,-0.006168,-0.02,-0.013832,2.901
2026-06-08T07:55:41.727013+00:00Z,mexc,gate,PIPPINUSDT,0.5317,0.02069,0.0208,5e-05,5e-05,0.0,0.5317
2026-06-08T07:55:43.743668+00:00Z,gate,mexc,ESPORTSUSDT,3.0414,0.10599,0.1092,-0.007233,-0.02,-0.012767,3.0541
2026-06-08T07:55:43.743668+00:00Z,bybit,mexc,ESPORTSUSDT,2.8,0.10624,0.1092,-0.006168,-0.02,-0.013832,2.8138
2026-06-08T07:55:43.743668+00:00Z,bybit,mexc,ALLOUSDT,0.6016,0.46554,0.46834,-6.9e-05,-0.000261,-0.000192,0.6018
2026-06-08T07:55:43.743668+00:00Z,gate,mexc,ALLOUSDT,0.5886,0.4656,0.46834,-0.000108,-0.000261,-0.000153,0.5888
2026-06-08T07:55:43.743668+00:00Z,mexc,gate,PIPPINUSDT,0.5317,0.02069,0.0208,5e-05,5e-05,0.0,0.5317
2026-06-08T07:55:45.748788+00:00Z,gate,mexc,ESPORTSUSDT,2.9248,0.10611,0.1092,-0.007233,-0.02,-0.012767,2.9376
2026-06-08T07:55:45.748788+00:00Z,bybit,mexc,ESPORTSUSDT,2.8484,0.10619,0.1092,-0.006168,-0.02,-0.013832,2.8622
2026-06-08T07:55:45.748788+00:00Z,gate,mexc,ALLOUSDT,0.5973,0.46556,0.46834,-0.000108,-0.000261,-0.000153,0.5974
2026-06-08T07:55:45.748788+00:00Z,bybit,mexc,ALLOUSDT,0.5628,0.46572,0.46834,-6.9e-05,-0.000261,-0.000192,0.563
2026-06-08T07:55:47.766387+00:00Z,gate,mexc,ESPORTSUSDT,3.3436,0.10568,0.1092,-0.007233,-0.02,-0.012767,3.3563
2026-06-08T07:55:47.766387+00:00Z,bybit,mexc,ESPORTSUSDT,2.8677,0.10617,0.1092,-0.006168,-0.02,-0.013832,2.8816
2026-06-08T07:55:47.766387+00:00Z,gate,mexc,ALLOUSDT,0.6405,0.46536,0.46834,-0.000108,-0.000261,-0.000153,0.6407
2026-06-08T07:55:47.766387+00:00Z,bybit,mexc,ALLOUSDT,0.5908,0.46559,0.46834,-6.9e-05,-0.000261,-0.000192,0.591
2026-06-08T07:55:49.773703+00:00Z,gate,mexc,ESPORTSUSDT,4.0623,0.10495,0.1092,-0.007233,-0.02,-0.012767,4.0751
2026-06-08T07:55:49.773703+00:00Z,bybit,mexc,ESPORTSUSDT,3.7077,0.10531,0.1092,-0.006168,-0.02,-0.013832,3.7215
2026-06-08T07:55:49.773703+00:00Z,bybit,mexc,ALLOUSDT,0.6557,0.46529,0.46834,-6.9e-05,-0.000261,-0.000192,0.6559
2026-06-08T07:55:49.773703+00:00Z,gate,mexc,ALLOUSDT,0.6427,0.46535,0.46834,-0.000108,-0.000261,-0.000153,0.6428
2026-06-08T07:55:51.792208+00:00Z,gate,mexc,ESPORTSUSDT,1.2962,0.10519,0.10654,-0.007233,-0.02,-0.012767,1.3089
2026-06-08T07:55:51.792208+00:00Z,bybit,mexc,ESPORTSUSDT,1.1818,0.10531,0.10654,-0.006168,-0.02,-0.013832,1.1956
2026-06-08T07:55:53.812381+00:00Z,gate,mexc,ESPORTSUSDT,1.6001,0.10458,0.10624,-0.007233,-0.02,-0.012767,1.6128
2026-06-08T07:55:53.812381+00:00Z,bybit,mexc,ESPORTSUSDT,1.3589,0.10483,0.10624,-0.006168,-0.02,-0.013832,1.3727
2026-06-08T07:55:55.828352+00:00Z,gate,mexc,ESPORTSUSDT,1.58,0.10464,0.10628,-0.007233,-0.02,-0.012767,1.5928
2026-06-08T07:55:55.828352+00:00Z,bybit,mexc,ESPORTSUSDT,1.2715,0.10496,0.10628,-0.006168,-0.02,-0.013832,1.2853
2026-06-08T07:55:57.848617+00:00Z,gate,mexc,ESPORTSUSDT,0.9824,0.10416,0.10517,-0.007233,-0.02,-0.012767,0.9952
2026-06-08T07:55:57.848617+00:00Z,bybit,mexc,ESPORTSUSDT,0.6935,0.10446,0.10517,-0.006168,-0.02,-0.013832,0.7074
2026-06-08T07:55:59.852998+00:00Z,gate,mexc,ESPORTSUSDT,1.5205,0.10413,0.1057,-0.007233,-0.02,-0.012767,1.5333
2026-06-08T07:55:59.852998+00:00Z,bybit,mexc,ESPORTSUSDT,1.3756,0.10428,0.1057,-0.006168,-0.02,-0.013832,1.3894
2026-06-08T07:56:03.858220+00:00Z,gate,mexc,ESPORTSUSDT,1.4832,0.10337,0.10489,-0.007233,-0.02,-0.012767,1.496
2026-06-08T07:56:03.858220+00:00Z,bybit,mexc,ESPORTSUSDT,1.1126,0.10375,0.10489,-0.006168,-0.02,-0.013832,1.1265
2026-06-08T07:56:05.874270+00:00Z,gate,mexc,ESPORTSUSDT,1.5753,0.10304,0.10465,-0.007233,-0.02,-0.012767,1.588
2026-06-08T07:56:05.874270+00:00Z,bybit,mexc,ESPORTSUSDT,1.1836,0.10344,0.10465,-0.006168,-0.02,-0.013832,1.1974
2026-06-08T07:56:07.891999+00:00Z,gate,mexc,ESPORTSUSDT,0.8983,0.10389,0.10481,-0.007233,-0.02,-0.012767,0.9111
2026-06-08T07:56:07.891999+00:00Z,bybit,mexc,ESPORTSUSDT,0.5221,0.10428,0.10481,-0.006168,-0.02,-0.013832,0.5359
2026-06-08T07:56:09.910259+00:00Z,gate,mexc,ESPORTSUSDT,1.468,0.10376,0.10527,-0.007233,-0.02,-0.012767,1.4808
2026-06-08T07:56:09.910259+00:00Z,bybit,mexc,ESPORTSUSDT,1.1766,0.10406,0.10527,-0.006205,-0.02,-0.013795,1.1904
2026-06-08T07:56:11.926618+00:00Z,gate,mexc,ESPORTSUSDT,1.2864,0.10364,0.10496,-0.007233,-0.02,-0.012767,1.2992
2026-06-08T07:56:11.926618+00:00Z,bybit,mexc,ESPORTSUSDT,0.9272,0.10401,0.10496,-0.006205,-0.02,-0.013795,0.941
2026-06-08T07:56:13.942148+00:00Z,gate,mexc,ESPORTSUSDT,1.3816,0.10447,0.1059,-0.007233,-0.02,-0.012767,1.3943
2026-06-08T07:56:13.942148+00:00Z,bybit,mexc,ESPORTSUSDT,1.0441,0.10482,0.1059,-0.006205,-0.02,-0.013795,1.0579
2026-06-08T07:56:15.972775+00:00Z,gate,mexc,ESPORTSUSDT,1.4491,0.10443,0.10593,-0.007233,-0.02,-0.012767,1.4619
2026-06-08T07:56:15.972775+00:00Z,bybit,mexc,ESPORTSUSDT,1.121,0.10477,0.10593,-0.006205,-0.02,-0.013795,1.1348
2026-06-08T07:56:17.990012+00:00Z,gate,mexc,ESPORTSUSDT,1.3857,0.10416,0.10559,-0.007233,-0.02,-0.012767,1.3984
2026-06-08T07:56:17.990012+00:00Z,bybit,mexc,ESPORTSUSDT,1.1536,0.1044,0.10559,-0.006205,-0.02,-0.013795,1.1674
2026-06-08T07:56:20.019839+00:00Z,gate,mexc,ESPORTSUSDT,1.4352,0.10475,0.10624,-0.007233,-0.02,-0.012767,1.448
2026-06-08T07:56:20.019839+00:00Z,bybit,mexc,ESPORTSUSDT,1.243,0.10495,0.10624,-0.006205,-0.02,-0.013795,1.2567
2026-06-08T07:56:22.035377+00:00Z,gate,mexc,ESPORTSUSDT,1.503,0.10468,0.10624,-0.007233,-0.02,-0.012767,1.5158
2026-06-08T07:56:22.035377+00:00Z,bybit,mexc,ESPORTSUSDT,1.2622,0.10493,0.10624,-0.006205,-0.02,-0.013795,1.276
2026-06-08T07:56:24.042028+00:00Z,gate,mexc,ESPORTSUSDT,1.3812,0.1045,0.10593,-0.007233,-0.02,-0.012767,1.394
2026-06-08T07:56:24.042028+00:00Z,bybit,mexc,ESPORTSUSDT,1.1306,0.10476,0.10593,-0.006205,-0.02,-0.013795,1.1444
2026-06-08T07:56:26.057426+00:00Z,gate,mexc,ESPORTSUSDT,1.204,0.10409,0.10533,-0.007233,-0.02,-0.012767,1.2168
2026-06-08T07:56:26.057426+00:00Z,bybit,mexc,ESPORTSUSDT,1.0982,0.1042,0.10533,-0.006205,-0.02,-0.013795,1.112
2026-06-08T07:56:28.061279+00:00Z,gate,mexc,ESPORTSUSDT,1.3331,0.10376,0.10513,-0.007233,-0.02,-0.012767,1.3459
2026-06-08T07:56:28.061279+00:00Z,bybit,mexc,ESPORTSUSDT,1.0712,0.10403,0.10513,-0.006205,-0.02,-0.013795,1.085
2026-06-08T07:56:30.103547+00:00Z,gate,mexc,ESPORTSUSDT,1.5553,0.10243,0.10401,-0.007233,-0.02,-0.012767,1.5681
2026-06-08T07:56:30.103547+00:00Z,bybit,mexc,ESPORTSUSDT,1.2499,0.10274,0.10401,-0.006205,-0.02,-0.013795,1.2637
2026-06-08T07:56:32.111762+00:00Z,gate,mexc,ESPORTSUSDT,1.1603,0.10283,0.10401,-0.007233,-0.02,-0.012767,1.1731
2026-06-08T07:56:32.111762+00:00Z,bybit,mexc,ESPORTSUSDT,1.0925,0.1029,0.10401,-0.006205,-0.02,-0.013795,1.1063
2026-06-08T07:56:34.128051+00:00Z,gate,mexc,ESPORTSUSDT,1.5315,0.10206,0.10361,-0.00717,-0.02,-0.01283,1.5444
2026-06-08T07:56:34.128051+00:00Z,bybit,mexc,ESPORTSUSDT,1.2251,0.10237,0.10361,-0.006205,-0.02,-0.013795,1.2389
2026-06-08T07:56:36.131648+00:00Z,gate,mexc,ESPORTSUSDT,1.6523,0.10064,0.10229,-0.00717,-0.02,-0.01283,1.6652
2026-06-08T07:56:36.131648+00:00Z,bybit,mexc,ESPORTSUSDT,1.3211,0.10097,0.10229,-0.006205,-0.02,-0.013795,1.3349
2026-06-08T07:56:38.151700+00:00Z,gate,mexc,ESPORTSUSDT,1.2355,0.09896,0.10017,-0.00717,-0.02,-0.01283,1.2484
2026-06-08T07:56:38.151700+00:00Z,bybit,mexc,ESPORTSUSDT,0.829,0.09936,0.10017,-0.006205,-0.02,-0.013795,0.8428
2026-06-08T07:56:42.169516+00:00Z,gate,mexc,ESPORTSUSDT,0.9076,0.09611,0.09697,-0.00717,-0.02,-0.01283,0.9205
2026-06-08T07:56:42.169516+00:00Z,bybit,mexc,ESPORTSUSDT,0.6468,0.09636,0.09697,-0.006205,-0.02,-0.013795,0.6606
2026-06-08T07:56:44.187591+00:00Z,gate,mexc,ESPORTSUSDT,0.6891,0.09759,0.09825,-0.00717,-0.02,-0.01283,0.702
2026-06-08T07:56:46.202962+00:00Z,gate,mexc,ESPORTSUSDT,1.1877,0.09703,0.09817,-0.00717,-0.02,-0.01283,1.2006
2026-06-08T07:56:46.202962+00:00Z,bybit,mexc,ESPORTSUSDT,0.6184,0.09758,0.09817,-0.006205,-0.02,-0.013795,0.6322
2026-06-08T07:56:50.219812+00:00Z,gate,mexc,ESPORTSUSDT,1.205,0.09646,0.09761,-0.00717,-0.02,-0.01283,1.2179
2026-06-08T07:56:50.219812+00:00Z,bybit,mexc,ESPORTSUSDT,0.9966,0.09666,0.09761,-0.006205,-0.02,-0.013795,1.0104
2026-06-08T07:56:52.235171+00:00Z,gate,mexc,ESPORTSUSDT,0.5399,0.09677,0.09728,-0.00717,-0.02,-0.01283,0.5527
2026-06-08T07:56:54.249790+00:00Z,gate,mexc,ESPORTSUSDT,1.183,0.09742,0.09856,-0.00717,-0.02,-0.01283,1.1959
2026-06-08T07:56:54.249790+00:00Z,bybit,mexc,ESPORTSUSDT,0.956,0.09764,0.09856,-0.006205,-0.02,-0.013795,0.9698
2026-06-08T07:56:56.268582+00:00Z,gate,mexc,ESPORTSUSDT,1.3466,0.09822,0.09953,-0.00717,-0.02,-0.01283,1.3594
2026-06-08T07:56:56.268582+00:00Z,bybit,mexc,ESPORTSUSDT,0.9058,0.09865,0.09953,-0.006205,-0.02,-0.013795,0.9196
2026-06-08T07:56:58.284664+00:00Z,gate,mexc,ESPORTSUSDT,1.6974,0.09795,0.0996,-0.00717,-0.02,-0.01283,1.7102
2026-06-08T07:56:58.284664+00:00Z,bybit,mexc,ESPORTSUSDT,1.5222,0.09812,0.0996,-0.006205,-0.02,-0.013795,1.5359
2026-06-08T07:57:04.306259+00:00Z,bybit,mexc,ESPORTSUSDT,1.1415,0.09842,0.09953,-0.006205,-0.01986,-0.013655,1.1551
2026-06-08T07:57:04.306259+00:00Z,gate,mexc,ESPORTSUSDT,1.1405,0.09842,0.09953,-0.00717,-0.01986,-0.01269,1.1532
2026-06-08T07:57:06.312542+00:00Z,bybit,mexc,ESPORTSUSDT,1.1929,0.09837,0.09953,-0.006205,-0.01986,-0.013655,1.2065
2026-06-08T07:57:06.312542+00:00Z,gate,mexc,ESPORTSUSDT,1.1611,0.0984,0.09953,-0.00717,-0.01986,-0.01269,1.1738
2026-06-08T07:57:08.335080+00:00Z,gate,mexc,ESPORTSUSDT,1.5119,0.09805,0.09952,-0.00717,-0.01986,-0.01269,1.5246
2026-06-08T07:57:08.335080+00:00Z,bybit,mexc,ESPORTSUSDT,1.0082,0.09854,0.09952,-0.006205,-0.01986,-0.013655,1.0218
2026-06-08T07:57:10.348392+00:00Z,bybit,mexc,ESPORTSUSDT,1.5723,0.09752,0.09904,-0.006227,-0.01986,-0.013633,1.5859
2026-06-08T07:57:10.348392+00:00Z,gate,mexc,ESPORTSUSDT,1.4258,0.09766,0.09904,-0.00717,-0.01986,-0.01269,1.4384
2026-06-08T07:57:12.366070+00:00Z,gate,mexc,ESPORTSUSDT,1.9676,0.09668,0.09857,-0.00717,-0.01986,-0.01269,1.9803
2026-06-08T07:57:12.366070+00:00Z,bybit,mexc,ESPORTSUSDT,1.6951,0.09694,0.09857,-0.006227,-0.01986,-0.013633,1.7087
2026-06-08T07:57:14.369498+00:00Z,gate,mexc,ESPORTSUSDT,1.1309,0.09748,0.09857,-0.00717,-0.01986,-0.01269,1.1436
2026-06-08T07:57:14.369498+00:00Z,bybit,mexc,ESPORTSUSDT,0.8731,0.09773,0.09857,-0.006227,-0.01986,-0.013633,0.8868
2026-06-08T07:57:16.392651+00:00Z,gate,mexc,ESPORTSUSDT,0.9209,0.098,0.09889,-0.00717,-0.01986,-0.01269,0.9335
2026-06-08T07:57:16.392651+00:00Z,gate,bybit,ESPORTSUSDT,0.5195,0.098,0.09851,-0.00717,-0.006227,0.000943,0.5185
2026-06-08T07:57:18.403719+00:00Z,gate,mexc,ESPORTSUSDT,1.2228,0.09834,0.09953,-0.00717,-0.01986,-0.01269,1.2355
2026-06-08T07:57:18.403719+00:00Z,bybit,mexc,ESPORTSUSDT,0.6812,0.09887,0.09953,-0.006227,-0.01986,-0.013633,0.6948
2026-06-08T07:57:20.419780+00:00Z,gate,mexc,ESPORTSUSDT,1.4342,0.09849,0.09989,-0.00717,-0.01986,-0.01269,1.4468
2026-06-08T07:57:20.419780+00:00Z,bybit,mexc,ESPORTSUSDT,1.0453,0.09887,0.09989,-0.006227,-0.01986,-0.013633,1.0589
2026-06-08T07:57:22.438405+00:00Z,gate,mexc,ESPORTSUSDT,1.3993,0.0988,0.10017,-0.00717,-0.01986,-0.01269,1.412
2026-06-08T07:57:22.438405+00:00Z,bybit,mexc,ESPORTSUSDT,1.1648,0.09903,0.10017,-0.006227,-0.01986,-0.013633,1.1784
2026-06-08T07:57:24.454438+00:00Z,gate,mexc,ESPORTSUSDT,1.4257,0.09908,0.10048,-0.00717,-0.01986,-0.01269,1.4384
2026-06-08T07:57:24.454438+00:00Z,bybit,mexc,ESPORTSUSDT,0.887,0.09961,0.10048,-0.006227,-0.01986,-0.013633,0.9007
2026-06-08T07:57:26.471112+00:00Z,gate,mexc,ESPORTSUSDT,0.6376,0.09922,0.09984,-0.00717,-0.01986,-0.01269,0.6503
2026-06-08T07:57:28.487735+00:00Z,gate,mexc,ESPORTSUSDT,1.379,0.09954,0.1009,-0.00717,-0.01986,-0.01269,1.3917
2026-06-08T07:57:28.487735+00:00Z,bybit,mexc,ESPORTSUSDT,1.2375,0.09968,0.1009,-0.006227,-0.01986,-0.013633,1.2512
2026-06-08T07:57:30.503413+00:00Z,gate,mexc,ESPORTSUSDT,1.3915,0.09936,0.10073,-0.00717,-0.01986,-0.01269,1.4042
2026-06-08T07:57:30.503413+00:00Z,bybit,mexc,ESPORTSUSDT,0.9051,0.09984,0.10073,-0.006227,-0.01986,-0.013633,0.9187
2026-06-08T07:57:32.519510+00:00Z,gate,mexc,ESPORTSUSDT,1.3802,0.09945,0.10081,-0.00717,-0.01986,-0.01269,1.3929
2026-06-08T07:57:32.519510+00:00Z,bybit,mexc,ESPORTSUSDT,0.8136,0.10001,0.10081,-0.006227,-0.01986,-0.013633,0.8272
2026-06-08T07:57:34.553172+00:00Z,gate,mexc,ESPORTSUSDT,1.3602,0.09945,0.10079,-0.007108,-0.01986,-0.012752,1.3729
2026-06-08T07:57:34.553172+00:00Z,bybit,mexc,ESPORTSUSDT,0.9247,0.09988,0.10079,-0.006227,-0.01986,-0.013633,0.9384
2026-06-08T07:57:36.570041+00:00Z,gate,mexc,ESPORTSUSDT,1.4677,0.09966,0.10111,-0.007108,-0.01986,-0.012752,1.4805
2026-06-08T07:57:36.570041+00:00Z,bybit,mexc,ESPORTSUSDT,1.0125,0.10011,0.10111,-0.006227,-0.01986,-0.013633,1.0262
2026-06-08T07:57:38.586016+00:00Z,gate,mexc,ESPORTSUSDT,1.2137,0.09992,0.10112,-0.007108,-0.01986,-0.012752,1.2265
2026-06-08T07:57:38.586016+00:00Z,bybit,mexc,ESPORTSUSDT,0.791,0.10034,0.10112,-0.006227,-0.01986,-0.013633,0.8046
2026-06-08T07:57:40.602553+00:00Z,gate,mexc,ESPORTSUSDT,1.4022,0.10004,0.10143,-0.007108,-0.01986,-0.012752,1.4149
2026-06-08T07:57:40.602553+00:00Z,bybit,mexc,ESPORTSUSDT,0.8186,0.10062,0.10143,-0.006227,-0.01986,-0.013633,0.8323
2026-06-08T07:57:42.620088+00:00Z,gate,mexc,ESPORTSUSDT,1.4269,0.09971,0.10112,-0.007108,-0.01986,-0.012752,1.4396
2026-06-08T07:57:42.620088+00:00Z,bybit,mexc,ESPORTSUSDT,1.0023,0.10013,0.10112,-0.006227,-0.01986,-0.013633,1.016
2026-06-08T07:57:44.624629+00:00Z,gate,mexc,ESPORTSUSDT,1.2215,0.09928,0.10048,-0.007108,-0.01986,-0.012752,1.2342
2026-06-08T07:57:44.624629+00:00Z,bybit,mexc,ESPORTSUSDT,0.7556,0.09974,0.10048,-0.006227,-0.01986,-0.013633,0.7692
2026-06-08T07:57:46.640022+00:00Z,gate,mexc,ESPORTSUSDT,1.1399,0.09937,0.10049,-0.007108,-0.01986,-0.012752,1.1526
2026-06-08T07:57:46.640022+00:00Z,bybit,mexc,ESPORTSUSDT,0.6949,0.09981,0.10049,-0.006227,-0.01986,-0.013633,0.7086
2026-06-08T07:57:50.681279+00:00Z,gate,mexc,ESPORTSUSDT,1.2969,0.0989,0.10017,-0.007108,-0.01986,-0.012752,1.3096
2026-06-08T07:57:50.681279+00:00Z,bybit,mexc,ESPORTSUSDT,0.7579,0.09943,0.10017,-0.006227,-0.01986,-0.013633,0.7715
2026-06-08T07:57:52.697301+00:00Z,gate,mexc,ESPORTSUSDT,1.1639,0.09903,0.10017,-0.007108,-0.01986,-0.012752,1.1767
2026-06-08T07:57:52.697301+00:00Z,bybit,mexc,ESPORTSUSDT,0.687,0.0995,0.10017,-0.006227,-0.01986,-0.013633,0.7006
2026-06-08T07:57:54.718528+00:00Z,gate,mexc,ESPORTSUSDT,1.3092,0.09873,0.10001,-0.007108,-0.01986,-0.012752,1.322
2026-06-08T07:57:54.718528+00:00Z,bybit,mexc,ESPORTSUSDT,0.678,0.09935,0.10001,-0.006227,-0.01986,-0.013633,0.6916
2026-06-08T07:57:56.728274+00:00Z,gate,mexc,ESPORTSUSDT,1.4713,0.09873,0.10017,-0.007108,-0.01986,-0.012752,1.484
2026-06-08T07:57:56.728274+00:00Z,bybit,mexc,ESPORTSUSDT,1.124,0.09907,0.10017,-0.006227,-0.01986,-0.013633,1.1376
2026-06-08T07:58:00.746250+00:00Z,gate,mexc,ESPORTSUSDT,1.4291,0.09814,0.09953,-0.007108,-0.01986,-0.012752,1.4418
2026-06-08T07:58:00.746250+00:00Z,bybit,mexc,ESPORTSUSDT,1.0491,0.09851,0.09953,-0.006227,-0.01986,-0.013633,1.0627
2026-06-08T07:58:02.770535+00:00Z,gate,mexc,ESPORTSUSDT,1.5615,0.09749,0.099,-0.007108,-0.019707,-0.012599,1.5741
2026-06-08T07:58:02.770535+00:00Z,bybit,mexc,ESPORTSUSDT,1.1681,0.09787,0.099,-0.006227,-0.019707,-0.01348,1.1816
2026-06-08T07:58:04.774761+00:00Z,gate,mexc,ESPORTSUSDT,1.1052,0.09793,0.099,-0.007108,-0.019707,-0.012599,1.1178
2026-06-08T07:58:04.774761+00:00Z,bybit,mexc,ESPORTSUSDT,0.6028,0.09842,0.099,-0.006227,-0.019707,-0.01348,0.6163
2026-06-08T07:58:06.797899+00:00Z,gate,mexc,ESPORTSUSDT,1.4065,0.09757,0.09893,-0.007108,-0.019707,-0.012599,1.4191
2026-06-08T07:58:06.797899+00:00Z,bybit,mexc,ESPORTSUSDT,0.7261,0.09823,0.09893,-0.006227,-0.019707,-0.01348,0.7396
2026-06-08T07:58:08.826405+00:00Z,gate,mexc,ESPORTSUSDT,1.1841,0.09646,0.09759,-0.007108,-0.019707,-0.012599,1.1967
2026-06-08T07:58:08.826405+00:00Z,bybit,mexc,ESPORTSUSDT,0.8713,0.09676,0.09759,-0.00623,-0.019707,-0.013477,0.8847
2026-06-08T07:58:12.846501+00:00Z,gate,mexc,ESPORTSUSDT,1.3156,0.0967,0.09796,-0.007108,-0.019707,-0.012599,1.3282
2026-06-08T07:58:12.846501+00:00Z,bybit,mexc,ESPORTSUSDT,1.1074,0.0969,0.09796,-0.00623,-0.019707,-0.013477,1.1209
2026-06-08T07:58:14.862251+00:00Z,gate,mexc,ESPORTSUSDT,1.4175,0.09609,0.09744,-0.007108,-0.019707,-0.012599,1.4301
2026-06-08T07:58:14.862251+00:00Z,bybit,mexc,ESPORTSUSDT,1.0713,0.09642,0.09744,-0.00623,-0.019707,-0.013477,1.0848
2026-06-08T07:58:16.865020+00:00Z,gate,mexc,ESPORTSUSDT,1.2428,0.09673,0.09792,-0.007108,-0.019707,-0.012599,1.2554
2026-06-08T07:58:16.865020+00:00Z,bybit,mexc,ESPORTSUSDT,0.9203,0.09704,0.09792,-0.00623,-0.019707,-0.013477,0.9338
2026-06-08T07:58:18.881917+00:00Z,gate,mexc,ESPORTSUSDT,1.4581,0.09685,0.09825,-0.007108,-0.019707,-0.012599,1.4707
2026-06-08T07:58:18.881917+00:00Z,bybit,mexc,ESPORTSUSDT,1.0521,0.09724,0.09825,-0.00623,-0.019707,-0.013477,1.0656
2026-06-08T07:58:20.899807+00:00Z,gate,mexc,ESPORTSUSDT,1.3076,0.0973,0.09856,-0.007108,-0.019707,-0.012599,1.3202
2026-06-08T07:58:20.899807+00:00Z,bybit,mexc,ESPORTSUSDT,0.9764,0.09762,0.09856,-0.00623,-0.019707,-0.013477,0.9899
2026-06-08T07:58:22.915880+00:00Z,gate,mexc,ESPORTSUSDT,1.3447,0.09759,0.09889,-0.007108,-0.019707,-0.012599,1.3573
2026-06-08T07:58:22.915880+00:00Z,bybit,mexc,ESPORTSUSDT,1.2626,0.09767,0.09889,-0.00623,-0.019707,-0.013477,1.2761
2026-06-08T07:58:24.931846+00:00Z,gate,mexc,ESPORTSUSDT,0.5275,0.09711,0.09761,-0.007108,-0.019707,-0.012599,0.5401
2026-06-08T07:58:26.946521+00:00Z,gate,mexc,ESPORTSUSDT,1.7568,0.09632,0.098,-0.007108,-0.019707,-0.012599,1.7694
2026-06-08T07:58:26.946521+00:00Z,bybit,mexc,ESPORTSUSDT,1.5258,0.09654,0.098,-0.00623,-0.019707,-0.013477,1.5393
2026-06-08T07:58:28.964171+00:00Z,gate,mexc,ESPORTSUSDT,1.0477,0.09661,0.09761,-0.007108,-0.019707,-0.012599,1.0603
2026-06-08T07:58:28.964171+00:00Z,bybit,mexc,ESPORTSUSDT,0.8815,0.09677,0.09761,-0.00623,-0.019707,-0.013477,0.895
2026-06-08T07:58:30.979837+00:00Z,gate,mexc,ESPORTSUSDT,1.4677,0.09621,0.09761,-0.007108,-0.019707,-0.012599,1.4803
2026-06-08T07:58:30.979837+00:00Z,bybit,mexc,ESPORTSUSDT,1.1742,0.09649,0.09761,-0.00623,-0.019707,-0.013477,1.1877
2026-06-08T07:58:33.017396+00:00Z,gate,mexc,ESPORTSUSDT,1.2711,0.09694,0.09816,-0.007108,-0.019707,-0.012599,1.2837
2026-06-08T07:58:33.017396+00:00Z,bybit,mexc,ESPORTSUSDT,0.7007,0.09749,0.09816,-0.00623,-0.019707,-0.013477,0.7142
2026-06-08T07:58:35.038785+00:00Z,gate,mexc,ESPORTSUSDT,1.4487,0.09749,0.09889,-0.007046,-0.019707,-0.012661,1.4614
2026-06-08T07:58:35.038785+00:00Z,bybit,mexc,ESPORTSUSDT,1.0454,0.09788,0.09889,-0.00623,-0.019707,-0.013477,1.0588
2026-06-08T07:58:37.054956+00:00Z,gate,mexc,ESPORTSUSDT,1.4575,0.09759,0.099,-0.007046,-0.019707,-0.012661,1.4701
2026-06-08T07:58:37.054956+00:00Z,bybit,mexc,ESPORTSUSDT,0.9309,0.0981,0.099,-0.00623,-0.019707,-0.013477,0.9444
2026-06-08T07:58:39.076120+00:00Z,gate,mexc,ESPORTSUSDT,1.7258,0.0969,0.09856,-0.007046,-0.019707,-0.012661,1.7384
2026-06-08T07:58:39.076120+00:00Z,bybit,mexc,ESPORTSUSDT,1.2668,0.09734,0.09856,-0.00623,-0.019707,-0.013477,1.2803
2026-06-08T07:58:41.079316+00:00Z,gate,mexc,ESPORTSUSDT,1.7418,0.09658,0.09825,-0.007046,-0.019707,-0.012661,1.7545
2026-06-08T07:58:41.079316+00:00Z,bybit,mexc,ESPORTSUSDT,1.3857,0.09692,0.09825,-0.00623,-0.019707,-0.013477,1.3992
2026-06-08T07:58:43.099921+00:00Z,gate,mexc,ESPORTSUSDT,1.2511,0.09609,0.09728,-0.007046,-0.019707,-0.012661,1.2637
2026-06-08T07:58:43.099921+00:00Z,bybit,mexc,ESPORTSUSDT,0.9787,0.09635,0.09728,-0.00623,-0.019707,-0.013477,0.9922
2026-06-08T07:58:45.119987+00:00Z,gate,mexc,ESPORTSUSDT,1.4151,0.09626,0.09761,-0.007046,-0.019707,-0.012661,1.4278
2026-06-08T07:58:45.119987+00:00Z,bybit,mexc,ESPORTSUSDT,1.0172,0.09664,0.09761,-0.00623,-0.019707,-0.013477,1.0307
2026-06-08T07:58:47.122962+00:00Z,gate,mexc,ESPORTSUSDT,1.8788,0.09485,0.09662,-0.007046,-0.019707,-0.012661,1.8914
2026-06-08T07:58:47.122962+00:00Z,bybit,mexc,ESPORTSUSDT,1.3986,0.0953,0.09662,-0.00623,-0.019707,-0.013477,1.4121
2026-06-08T07:58:49.157482+00:00Z,gate,mexc,ESPORTSUSDT,1.1457,0.09532,0.0964,-0.007046,-0.019707,-0.012661,1.1583
2026-06-08T07:58:49.157482+00:00Z,bybit,mexc,ESPORTSUSDT,0.7871,0.09566,0.0964,-0.00623,-0.019707,-0.013477,0.8005
2026-06-08T07:58:51.161856+00:00Z,gate,mexc,ESPORTSUSDT,1.0268,0.09565,0.09662,-0.007046,-0.019707,-0.012661,1.0394
2026-06-08T07:58:51.161856+00:00Z,bybit,mexc,ESPORTSUSDT,0.6908,0.09597,0.09662,-0.00623,-0.019707,-0.013477,0.7042
2026-06-08T07:58:53.202102+00:00Z,gate,mexc,ESPORTSUSDT,1.1353,0.0962,0.09728,-0.007046,-0.019707,-0.012661,1.148
2026-06-08T07:58:53.202102+00:00Z,bybit,mexc,ESPORTSUSDT,0.9473,0.09638,0.09728,-0.00623,-0.019707,-0.013477,0.9608
2026-06-08T07:58:55.208361+00:00Z,gate,mexc,ESPORTSUSDT,1.1764,0.0971,0.09823,-0.007046,-0.019707,-0.012661,1.1891
2026-06-08T07:58:55.208361+00:00Z,bybit,mexc,ESPORTSUSDT,0.876,0.09739,0.09823,-0.00623,-0.019707,-0.013477,0.8895
2026-06-08T07:58:57.240606+00:00Z,gate,mexc,ESPORTSUSDT,1.6523,0.09697,0.09856,-0.007046,-0.019707,-0.012661,1.665
2026-06-08T07:58:57.240606+00:00Z,bybit,mexc,ESPORTSUSDT,1.4648,0.09715,0.09856,-0.00623,-0.019707,-0.013477,1.4783
2026-06-08T07:59:00.417787+00:00Z,bybit,mexc,ESPORTSUSDT,0.9589,0.09731,0.09823,-0.00623,-0.019707,-0.013477,0.9724
2026-06-08T07:59:00.417787+00:00Z,gate,mexc,ESPORTSUSDT,0.9374,0.09733,0.09823,-0.007046,-0.019707,-0.012661,0.95
2026-06-08T07:59:02.420347+00:00Z,gate,mexc,ESPORTSUSDT,1.2887,0.09638,0.09761,-0.007046,-0.019534,-0.012488,1.3012
2026-06-08T07:59:02.420347+00:00Z,bybit,mexc,ESPORTSUSDT,1.258,0.09641,0.09761,-0.00623,-0.019534,-0.013304,1.2713
2026-06-08T07:59:04.436139+00:00Z,gate,mexc,ESPORTSUSDT,1.0371,0.09662,0.09761,-0.007046,-0.019534,-0.012488,1.0496
2026-06-08T07:59:04.436139+00:00Z,bybit,mexc,ESPORTSUSDT,1.0066,0.09665,0.09761,-0.00623,-0.019534,-0.013304,1.0199
2026-06-08T07:59:06.453058+00:00Z,gate,mexc,ESPORTSUSDT,1.0794,0.0956,0.09662,-0.007046,-0.019534,-0.012488,1.0919
2026-06-08T07:59:06.453058+00:00Z,bybit,mexc,ESPORTSUSDT,0.9114,0.09576,0.09662,-0.00623,-0.019534,-0.013304,0.9247
2026-06-08T07:59:08.475099+00:00Z,bybit,mexc,ESPORTSUSDT,0.7195,0.09629,0.09697,-0.00623,-0.019534,-0.013304,0.7328
2026-06-08T07:59:08.475099+00:00Z,gate,mexc,ESPORTSUSDT,0.7187,0.09629,0.09697,-0.007046,-0.019534,-0.012488,0.7312
2026-06-08T07:59:14.482439+00:00Z,bybit,mexc,ESPORTSUSDT,1.1808,0.09679,0.09792,-0.006185,-0.019534,-0.013349,1.1942
2026-06-08T07:59:14.482439+00:00Z,gate,mexc,ESPORTSUSDT,1.0026,0.09696,0.09792,-0.007046,-0.019534,-0.012488,1.0151
2026-06-08T07:59:16.498017+00:00Z,gate,mexc,ESPORTSUSDT,1.058,0.0966,0.09761,-0.007046,-0.019534,-0.012488,1.0705
2026-06-08T07:59:16.498017+00:00Z,bybit,mexc,ESPORTSUSDT,0.9857,0.09667,0.09761,-0.006185,-0.019534,-0.013349,0.9991
2026-06-08T07:59:18.514896+00:00Z,gate,mexc,ESPORTSUSDT,1.2805,0.097,0.09823,-0.007046,-0.019534,-0.012488,1.293
2026-06-08T07:59:18.514896+00:00Z,bybit,mexc,ESPORTSUSDT,1.0107,0.09726,0.09823,-0.006185,-0.019534,-0.013349,1.024
2026-06-08T07:59:20.552332+00:00Z,bybit,mexc,ESPORTSUSDT,1.229,0.09707,0.09825,-0.006185,-0.019534,-0.013349,1.2423
2026-06-08T07:59:20.552332+00:00Z,gate,mexc,ESPORTSUSDT,1.2177,0.09708,0.09825,-0.007046,-0.019534,-0.012488,1.2302
2026-06-08T07:59:22.556445+00:00Z,gate,mexc,ESPORTSUSDT,1.0158,0.09668,0.09765,-0.007046,-0.019534,-0.012488,1.0283
2026-06-08T07:59:22.556445+00:00Z,bybit,mexc,ESPORTSUSDT,0.7977,0.09689,0.09765,-0.006185,-0.019534,-0.013349,0.8111
2026-06-08T07:59:24.572181+00:00Z,gate,mexc,ESPORTSUSDT,1.0615,0.09723,0.09825,-0.007046,-0.019534,-0.012488,1.074
2026-06-08T07:59:24.572181+00:00Z,bybit,mexc,ESPORTSUSDT,0.7826,0.0975,0.09825,-0.006185,-0.019534,-0.013349,0.7959
2026-06-08T07:59:26.575596+00:00Z,gate,mexc,ESPORTSUSDT,1.5104,0.0968,0.09825,-0.007046,-0.019534,-0.012488,1.5229
2026-06-08T07:59:26.575596+00:00Z,bybit,mexc,ESPORTSUSDT,0.7103,0.09757,0.09825,-0.006185,-0.019534,-0.013349,0.7236
2026-06-08T07:59:28.608171+00:00Z,gate,mexc,ESPORTSUSDT,1.1172,0.09686,0.09793,-0.007046,-0.019534,-0.012488,1.1297
2026-06-08T07:59:28.608171+00:00Z,bybit,mexc,ESPORTSUSDT,1.0867,0.09689,0.09793,-0.006185,-0.019534,-0.013349,1.1001
2026-06-08T07:59:30.619083+00:00Z,gate,mexc,ESPORTSUSDT,1.2572,0.09641,0.09761,-0.007046,-0.019534,-0.012488,1.2697
2026-06-08T07:59:30.619083+00:00Z,bybit,mexc,ESPORTSUSDT,1.1322,0.09653,0.09761,-0.006185,-0.019534,-0.013349,1.1455
2026-06-08T07:59:32.623080+00:00Z,gate,mexc,ESPORTSUSDT,0.9431,0.09671,0.09761,-0.007046,-0.019534,-0.012488,0.9556
2026-06-08T07:59:32.623080+00:00Z,bybit,mexc,ESPORTSUSDT,0.6837,0.09696,0.09761,-0.006185,-0.019534,-0.013349,0.6971
2026-06-08T07:59:36.640079+00:00Z,gate,mexc,ESPORTSUSDT,1.2073,0.09709,0.09825,-0.006969,-0.019534,-0.012565,1.2199
2026-06-08T07:59:36.640079+00:00Z,bybit,mexc,ESPORTSUSDT,1.0312,0.09726,0.09825,-0.006185,-0.019534,-0.013349,1.0446
2026-06-08T07:59:38.655270+00:00Z,gate,mexc,ESPORTSUSDT,1.2413,0.09685,0.09804,-0.006969,-0.019534,-0.012565,1.2538
2026-06-08T07:59:38.655270+00:00Z,bybit,mexc,ESPORTSUSDT,1.0439,0.09704,0.09804,-0.006185,-0.019534,-0.013349,1.0572
2026-06-08T07:59:40.687469+00:00Z,gate,mexc,ESPORTSUSDT,1.3216,0.09702,0.09829,-0.006969,-0.019534,-0.012565,1.3341
2026-06-08T07:59:40.687469+00:00Z,bybit,mexc,ESPORTSUSDT,1.062,0.09727,0.09829,-0.006185,-0.019534,-0.013349,1.0753
2026-06-08T07:59:42.722175+00:00Z,gate,mexc,ESPORTSUSDT,1.6996,0.09662,0.09825,-0.006969,-0.019534,-0.012565,1.7122
2026-06-08T07:59:42.722175+00:00Z,bybit,mexc,ESPORTSUSDT,1.5952,0.09672,0.09825,-0.006185,-0.019534,-0.013349,1.6086
2026-06-08T07:59:44.738277+00:00Z,gate,mexc,ESPORTSUSDT,0.968,0.09629,0.09721,-0.006969,-0.019534,-0.012565,0.9806
2026-06-08T07:59:44.738277+00:00Z,bybit,mexc,ESPORTSUSDT,0.8536,0.0964,0.09721,-0.006185,-0.019534,-0.013349,0.8669
2026-06-08T07:59:46.771939+00:00Z,gate,mexc,ESPORTSUSDT,1.1389,0.09589,0.09697,-0.006969,-0.019534,-0.012565,1.1514
2026-06-08T07:59:46.771939+00:00Z,bybit,mexc,ESPORTSUSDT,0.73,0.09628,0.09697,-0.006185,-0.019534,-0.013349,0.7434
2026-06-08T07:59:50.811364+00:00Z,gate,mexc,ESPORTSUSDT,0.9849,0.09667,0.09761,-0.006969,-0.019534,-0.012565,0.9975
2026-06-08T07:59:50.811364+00:00Z,bybit,mexc,ESPORTSUSDT,0.7149,0.09693,0.09761,-0.006185,-0.019534,-0.013349,0.7282
2026-06-08T07:59:52.828576+00:00Z,gate,mexc,ESPORTSUSDT,1.3834,0.09629,0.09761,-0.006969,-0.019534,-0.012565,1.396
2026-06-08T07:59:52.828576+00:00Z,bybit,mexc,ESPORTSUSDT,0.6111,0.09703,0.09761,-0.006185,-0.019534,-0.013349,0.6245
2026-06-08T07:59:54.864060+00:00Z,gate,mexc,ESPORTSUSDT,1.463,0.09652,0.09792,-0.006969,-0.019534,-0.012565,1.4756
2026-06-08T07:59:54.864060+00:00Z,bybit,mexc,ESPORTSUSDT,1.0451,0.09692,0.09792,-0.006185,-0.019534,-0.013349,1.0585
2026-06-08T07:59:56.878918+00:00Z,gate,mexc,ESPORTSUSDT,1.4944,0.0965,0.09793,-0.006969,-0.019534,-0.012565,1.507
2026-06-08T07:59:56.878918+00:00Z,bybit,mexc,ESPORTSUSDT,1.4217,0.09657,0.09793,-0.006185,-0.019534,-0.013349,1.435
2026-06-08T07:59:58.897461+00:00Z,gate,mexc,ESPORTSUSDT,1.5625,0.09549,0.09697,-0.006969,-0.019534,-0.012565,1.575
2026-06-08T07:59:58.897461+00:00Z,bybit,mexc,ESPORTSUSDT,1.2664,0.09577,0.09697,-0.006185,-0.019534,-0.013349,1.2797
2026-06-08T08:00:00.922896+00:00Z,gate,mexc,ESPORTSUSDT,1.3912,0.09502,0.09633,-0.006969,-0.019534,-0.012565,1.4038
2026-06-08T08:00:00.922896+00:00Z,bybit,mexc,ESPORTSUSDT,1.1472,0.09525,0.09633,-0.006185,-0.019534,-0.013349,1.1606
2026-06-08T08:00:04.949420+00:00Z,bybit,mexc,ESPORTSUSDT,1.9983,0.0932,0.09505,-0.006185,-0.019534,-0.013349,2.0117
2026-06-08T08:00:04.949420+00:00Z,gate,mexc,ESPORTSUSDT,1.9975,0.0932,0.09505,-0.006969,-0.019534,-0.012565,2.0101
2026-06-08T08:00:06.965515+00:00Z,gate,bybit,ESPORTSUSDT,1.1574,0.09239,0.09346,-0.006969,-0.006185,0.000784,1.1566
2026-06-08T08:00:06.965515+00:00Z,mexc,bybit,ESPORTSUSDT,0.5894,0.0929,0.09346,-0.019534,-0.006185,0.013349,0.5761
2026-06-08T08:00:08.979270+00:00Z,gate,mexc,ESPORTSUSDT,0.7613,0.09215,0.09284,-0.006969,-0.019534,-0.012565,0.7739
2026-06-08T08:00:08.979270+00:00Z,gate,bybit,ESPORTSUSDT,0.503,0.09215,0.09262,-0.006969,5e-05,0.007019,0.496
2026-06-08T08:00:10.994760+00:00Z,gate,mexc,ESPORTSUSDT,0.5543,0.09229,0.09279,-0.006969,-0.019534,-0.012565,0.5669
2026-06-08T08:00:13.009783+00:00Z,gate,mexc,ESPORTSUSDT,0.7891,0.09272,0.09344,-0.006969,-0.019534,-0.012565,0.8017
2026-06-08T08:00:13.009783+00:00Z,bybit,mexc,ESPORTSUSDT,0.6009,0.0929,0.09344,5e-05,-0.019534,-0.019584,0.6204
2026-06-08T08:00:15.030132+00:00Z,bybit,mexc,ESPORTSUSDT,1.4452,0.09189,0.0932,5e-05,-0.019534,-0.019584,1.4648
2026-06-08T08:00:15.030132+00:00Z,gate,mexc,ESPORTSUSDT,0.8565,0.09242,0.0932,-0.006969,-0.019534,-0.012565,0.8691
2026-06-08T08:00:17.032951+00:00Z,gate,mexc,ESPORTSUSDT,1.2179,0.09209,0.0932,-0.006969,-0.019534,-0.012565,1.2305
2026-06-08T08:00:17.032951+00:00Z,bybit,mexc,ESPORTSUSDT,0.809,0.09247,0.0932,5e-05,-0.019534,-0.019584,0.8286
2026-06-08T08:00:21.053067+00:00Z,bybit,mexc,ESPORTSUSDT,0.6458,0.09262,0.0932,5e-05,-0.019534,-0.019584,0.6654
2026-06-08T08:00:25.071405+00:00Z,bybit,mexc,ESPORTSUSDT,0.9509,0.09234,0.0932,5e-05,-0.019534,-0.019584,0.9705
2026-06-08T08:00:25.071405+00:00Z,gate,mexc,ESPORTSUSDT,0.6062,0.09265,0.0932,-0.006969,-0.019534,-0.012565,0.6188
2026-06-08T08:00:29.094360+00:00Z,mexc,bybit,ESPORTSUSDT,0.8373,0.09336,0.09416,-0.019534,5e-05,0.019584,0.8177
2026-06-08T08:00:29.094360+00:00Z,bybit,mexc,PIPPINUSDT,0.6247,0.02081,0.02094,5e-05,5e-05,0.0,0.6247
2026-06-08T08:00:31.116459+00:00Z,bybit,mexc,PIPPINUSDT,0.77,0.02078,0.02094,5e-05,5e-05,0.0,0.77
2026-06-08T08:00:33.131959+00:00Z,bybit,mexc,PIPPINUSDT,0.8671,0.02076,0.02094,5e-05,5e-05,0.0,0.8671
2026-06-08T08:00:33.131959+00:00Z,gate,mexc,PIPPINUSDT,0.6731,0.0208,0.02094,5e-05,5e-05,0.0,0.6731
2026-06-08T08:00:35.157496+00:00Z,bybit,mexc,PIPPINUSDT,0.77,0.02078,0.02094,5e-05,5e-05,0.0,0.77
2026-06-08T08:00:35.157496+00:00Z,gate,mexc,PIPPINUSDT,0.6731,0.0208,0.02094,5e-05,5e-05,0.0,0.6731
2026-06-08T08:00:35.157496+00:00Z,mexc,bybit,ESPORTSUSDT,0.6659,0.09336,0.094,-0.019534,5e-05,0.019584,0.6464
2026-06-08T08:00:35.157496+00:00Z,mexc,gate,ESPORTSUSDT,0.5337,0.09336,0.09387,-0.019534,-0.006971,0.012563,0.5211
2026-06-08T08:00:37.176305+00:00Z,bybit,mexc,PIPPINUSDT,1.0618,0.02072,0.02094,5e-05,5e-05,0.0,1.0618
2026-06-08T08:00:37.176305+00:00Z,gate,mexc,PIPPINUSDT,0.6731,0.0208,0.02094,5e-05,5e-05,0.0,0.6731
2026-06-08T08:00:39.203036+00:00Z,bybit,mexc,PIPPINUSDT,0.6731,0.0208,0.02094,5e-05,5e-05,0.0,0.6731
2026-06-08T08:00:41.219301+00:00Z,mexc,bybit,ESPORTSUSDT,0.8694,0.09336,0.09419,-0.019534,5e-05,0.019584,0.8499
2026-06-08T08:00:41.219301+00:00Z,mexc,gate,ESPORTSUSDT,0.6194,0.09336,0.09395,-0.019534,-0.006971,0.012563,0.6068
2026-06-08T08:00:43.234809+00:00Z,mexc,bybit,ESPORTSUSDT,0.6874,0.09336,0.09402,-0.019534,5e-05,0.019584,0.6678
2026-06-08T08:00:43.234809+00:00Z,bybit,mexc,PIPPINUSDT,0.5764,0.02082,0.02094,5e-05,5e-05,0.0,0.5764
2026-06-08T08:00:47.240338+00:00Z,bybit,mexc,ESPORTSUSDT,0.5304,0.09397,0.09445,5e-05,-0.019534,-0.019584,0.55
2026-06-08T08:02:29.338910+00:00Z,bybit,mexc,ALLOUSDT,0.7842,0.46435,0.46799,5e-05,-0.000244,-0.000294,0.7845
2026-06-08T08:02:29.338910+00:00Z,gate,mexc,ALLOUSDT,0.7059,0.46471,0.46799,-0.000201,-0.000244,-4.3e-05,0.7059
2026-06-08T08:02:57.382878+00:00Z,gate,mexc,ESPORTSUSDT,1.8515,0.09237,0.09406,0.002747,-0.0192,-0.021947,1.8735
2026-06-08T08:02:57.382878+00:00Z,bybit,mexc,ESPORTSUSDT,1.2026,0.09296,0.09406,5e-05,-0.0192,-0.01925,1.2218
2026-06-08T08:02:59.387097+00:00Z,gate,mexc,ESPORTSUSDT,1.7965,0.09242,0.09406,0.002747,-0.0192,-0.021947,1.8184
2026-06-08T08:02:59.387097+00:00Z,bybit,mexc,ESPORTSUSDT,0.942,0.0932,0.09406,5e-05,-0.0192,-0.01925,0.9612
2026-06-08T08:03:01.403087+00:00Z,gate,mexc,ESPORTSUSDT,1.5438,0.09265,0.09406,0.002747,-0.0192,-0.021947,1.5658
2026-06-08T08:03:01.403087+00:00Z,bybit,mexc,ESPORTSUSDT,1.4316,0.09275,0.09406,5e-05,-0.0192,-0.01925,1.4509
2026-06-08T08:03:01.403087+00:00Z,mexc,bybit,ALLOUSDT,0.5603,0.4674,0.47002,-0.000244,5e-05,0.000294,0.56
2026-06-08T08:03:03.408533+00:00Z,gate,mexc,ESPORTSUSDT,1.6096,0.09259,0.09406,0.002747,-0.0192,-0.021947,1.6315
2026-06-08T08:03:03.408533+00:00Z,bybit,mexc,ESPORTSUSDT,1.083,0.09307,0.09406,5e-05,-0.0192,-0.01925,1.1022
2026-06-08T08:03:05.426679+00:00Z,gate,mexc,ESPORTSUSDT,2.3167,0.09195,0.09406,0.002747,-0.0192,-0.021947,2.3386
2026-06-08T08:03:05.426679+00:00Z,bybit,mexc,ESPORTSUSDT,1.8048,0.09241,0.09406,5e-05,-0.0192,-0.01925,1.824
2026-06-08T08:03:07.431181+00:00Z,gate,mexc,ESPORTSUSDT,1.7854,0.09243,0.09406,0.002747,-0.0192,-0.021947,1.8074
2026-06-08T08:03:07.431181+00:00Z,bybit,mexc,ESPORTSUSDT,1.3443,0.09283,0.09406,5e-05,-0.0192,-0.01925,1.3635
2026-06-08T08:03:07.431181+00:00Z,mexc,gate,PIPPINUSDT,0.5241,0.02099,0.0211,5e-05,5e-05,0.0,0.5241
2026-06-08T08:03:09.451405+00:00Z,gate,mexc,ESPORTSUSDT,1.5219,0.09267,0.09406,0.002747,-0.0192,-0.021947,1.5438
2026-06-08T08:03:09.451405+00:00Z,bybit,mexc,ESPORTSUSDT,0.9745,0.09317,0.09406,5e-05,-0.0192,-0.01925,0.9937
2026-06-08T08:03:09.451405+00:00Z,gate,bybit,ESPORTSUSDT,0.553,0.09267,0.09318,0.002747,5e-05,-0.002697,0.5557
2026-06-08T08:03:09.451405+00:00Z,mexc,gate,PIPPINUSDT,0.5241,0.02099,0.0211,5e-05,5e-05,0.0,0.5241
2026-06-08T08:03:11.456148+00:00Z,gate,mexc,ESPORTSUSDT,2.966,0.09137,0.09406,0.002747,-0.0192,-0.021947,2.988
2026-06-08T08:03:11.456148+00:00Z,bybit,mexc,ESPORTSUSDT,2.3585,0.09191,0.09406,5e-05,-0.0192,-0.01925,2.3777
2026-06-08T08:03:11.456148+00:00Z,mexc,bybit,ALLOUSDT,0.6202,0.4674,0.4703,-0.000244,5e-05,0.000294,0.6199
2026-06-08T08:03:11.456148+00:00Z,gate,bybit,ESPORTSUSDT,0.5609,0.09137,0.09188,0.002747,5e-05,-0.002697,0.5636
2026-06-08T08:03:11.456148+00:00Z,mexc,gate,PIPPINUSDT,0.5241,0.02099,0.0211,5e-05,5e-05,0.0,0.5241
2026-06-08T08:03:13.475712+00:00Z,gate,mexc,ESPORTSUSDT,3.1805,0.09118,0.09406,0.002747,-0.0192,-0.021947,3.2025
2026-06-08T08:03:13.475712+00:00Z,bybit,mexc,ESPORTSUSDT,2.5593,0.09173,0.09406,5e-05,-0.0192,-0.01925,2.5786
2026-06-08T08:03:13.475712+00:00Z,mexc,bybit,ALLOUSDT,0.6501,0.4674,0.47044,-0.000244,5e-05,0.000294,0.6498
2026-06-08T08:03:13.475712+00:00Z,mexc,gate,ALLOUSDT,0.6014,0.4674,0.47021,-0.000244,-0.00046,-0.000216,0.6016
2026-06-08T08:03:13.475712+00:00Z,gate,bybit,ESPORTSUSDT,0.562,0.09118,0.09169,0.002747,5e-05,-0.002697,0.5647
2026-06-08T08:03:13.475712+00:00Z,mexc,gate,PIPPINUSDT,0.5241,0.02099,0.0211,5e-05,5e-05,0.0,0.5241
2026-06-08T08:03:15.543757+00:00Z,gate,mexc,ESPORTSUSDT,2.8422,0.09148,0.09406,0.002747,-0.0192,-0.021947,2.8642
2026-06-08T08:03:15.543757+00:00Z,bybit,mexc,ESPORTSUSDT,2.4253,0.09185,0.09406,5e-05,-0.0192,-0.01925,2.4446
2026-06-08T08:03:15.543757+00:00Z,mexc,gate,PIPPINUSDT,1.0005,0.02099,0.0212,5e-05,5e-05,0.0,1.0005
2026-06-08T08:03:15.543757+00:00Z,mexc,bybit,PIPPINUSDT,0.6671,0.02099,0.02113,5e-05,-7.3e-05,-0.000123,0.6672
2026-06-08T08:03:17.549716+00:00Z,gate,mexc,ESPORTSUSDT,2.5956,0.0917,0.09406,0.002747,-0.0192,-0.021947,2.6175
2026-06-08T08:03:17.549716+00:00Z,bybit,mexc,ESPORTSUSDT,1.7827,0.09243,0.09406,5e-05,-0.0192,-0.01925,1.802
2026-06-08T08:03:17.549716+00:00Z,mexc,gate,PIPPINUSDT,1.4769,0.02099,0.0213,5e-05,5e-05,0.0,1.4769
2026-06-08T08:03:17.549716+00:00Z,mexc,bybit,PIPPINUSDT,1.1435,0.02099,0.02123,5e-05,-7.3e-05,-0.000123,1.1436
2026-06-08T08:03:17.549716+00:00Z,gate,bybit,ESPORTSUSDT,0.777,0.0917,0.09241,0.002747,5e-05,-0.002697,0.7797
2026-06-08T08:03:19.567556+00:00Z,gate,mexc,ESPORTSUSDT,2.2389,0.09202,0.09406,0.002747,-0.0192,-0.021947,2.2608
2026-06-08T08:03:19.567556+00:00Z,mexc,bybit,PIPPINUSDT,2.1916,0.02099,0.02145,5e-05,-7.3e-05,-0.000123,2.1918
2026-06-08T08:03:19.567556+00:00Z,mexc,gate,PIPPINUSDT,1.9533,0.02099,0.0214,5e-05,5e-05,0.0,1.9533
2026-06-08T08:03:19.567556+00:00Z,bybit,mexc,ESPORTSUSDT,1.6728,0.09253,0.09406,5e-05,-0.0192,-0.01925,1.692
2026-06-08T08:03:19.567556+00:00Z,gate,bybit,ESPORTSUSDT,0.5787,0.09202,0.09255,0.002747,5e-05,-0.002697,0.5814
2026-06-08T08:03:21.585990+00:00Z,mexc,gate,PIPPINUSDT,2.4297,0.02099,0.0215,5e-05,5e-05,0.0,2.4297
2026-06-08T08:03:21.585990+00:00Z,mexc,bybit,PIPPINUSDT,2.3346,0.02099,0.02148,5e-05,-7.3e-05,-0.000123,2.3347
2026-06-08T08:03:21.585990+00:00Z,gate,mexc,ESPORTSUSDT,1.9177,0.09231,0.09406,0.002747,-0.0192,-0.021947,1.9397
2026-06-08T08:03:21.585990+00:00Z,bybit,mexc,ESPORTSUSDT,1.1699,0.09299,0.09406,5e-05,-0.0192,-0.01925,1.1892
2026-06-08T08:03:21.585990+00:00Z,gate,bybit,ESPORTSUSDT,0.7068,0.09231,0.09296,0.002747,5e-05,-0.002697,0.7095
2026-06-08T08:03:23.604263+00:00Z,mexc,gate,PIPPINUSDT,1.9533,0.02099,0.0214,5e-05,5e-05,0.0,1.9533
2026-06-08T08:03:23.604263+00:00Z,mexc,bybit,PIPPINUSDT,1.7629,0.02099,0.02136,5e-05,-7.3e-05,-0.000123,1.763
2026-06-08T08:03:23.604263+00:00Z,gate,mexc,ESPORTSUSDT,1.5986,0.0926,0.09406,0.002747,-0.0192,-0.021947,1.6206
2026-06-08T08:03:23.604263+00:00Z,bybit,mexc,ESPORTSUSDT,1.1156,0.09304,0.09406,5e-05,-0.0192,-0.01925,1.1348
2026-06-08T08:03:25.623848+00:00Z,gate,mexc,ESPORTSUSDT,1.2161,0.09295,0.09406,0.002747,-0.0192,-0.021947,1.2381
2026-06-08T08:03:25.623848+00:00Z,mexc,gate,PIPPINUSDT,1.0005,0.02099,0.0212,5e-05,5e-05,0.0,1.0005
2026-06-08T08:03:25.623848+00:00Z,gate,bybit,ESPORTSUSDT,0.6697,0.09295,0.09357,0.002747,5e-05,-0.002697,0.6724
2026-06-08T08:03:25.623848+00:00Z,bybit,mexc,ESPORTSUSDT,0.5644,0.09355,0.09406,5e-05,-0.0192,-0.01925,0.5837
2026-06-08T08:03:27.642154+00:00Z,gate,mexc,ESPORTSUSDT,1.1182,0.09304,0.09406,0.002747,-0.0192,-0.021947,1.1402
2026-06-08T08:03:27.642154+00:00Z,mexc,bybit,PIPPINUSDT,1.0482,0.02099,0.02121,5e-05,-7.3e-05,-0.000123,1.0484
2026-06-08T08:03:27.642154+00:00Z,mexc,gate,PIPPINUSDT,1.0005,0.02099,0.0212,5e-05,5e-05,0.0,1.0005
2026-06-08T08:03:27.642154+00:00Z,gate,bybit,ESPORTSUSDT,0.7336,0.09304,0.09372,0.002747,5e-05,-0.002697,0.7363
2026-06-08T08:03:27.642154+00:00Z,gate,mexc,ALLOUSDT,0.521,0.46429,0.46671,-0.00046,-0.000244,0.000216,0.5208
2026-06-08T08:03:27.642154+00:00Z,bybit,mexc,ALLOUSDT,0.5172,0.46431,0.46671,5e-05,-0.000244,-0.000294,0.5175
2026-06-08T08:03:29.669689+00:00Z,mexc,gate,PIPPINUSDT,1.0005,0.02099,0.0212,5e-05,5e-05,0.0,1.0005
2026-06-08T08:03:29.669689+00:00Z,gate,mexc,ESPORTSUSDT,0.9555,0.09319,0.09406,0.002747,-0.0192,-0.021947,0.9775
2026-06-08T08:03:29.669689+00:00Z,mexc,bybit,PIPPINUSDT,0.9053,0.02099,0.02118,5e-05,-7.3e-05,-0.000123,0.9054
2026-06-08T08:03:29.669689+00:00Z,gate,bybit,ESPORTSUSDT,0.7217,0.09319,0.09386,0.002747,5e-05,-0.002697,0.7244
2026-06-08T08:03:29.669689+00:00Z,gate,mexc,ALLOUSDT,0.5687,0.46407,0.46671,-0.00046,-0.000244,0.000216,0.5684
2026-06-08T08:03:29.669689+00:00Z,bybit,mexc,ALLOUSDT,0.5107,0.46434,0.46671,5e-05,-0.000244,-0.000294,0.511
2026-06-08T08:03:31.689865+00:00Z,mexc,gate,PIPPINUSDT,1.0005,0.02099,0.0212,5e-05,5e-05,0.0,1.0005
2026-06-08T08:03:31.689865+00:00Z,gate,mexc,ESPORTSUSDT,0.9339,0.09321,0.09406,0.002747,-0.0192,-0.021947,0.9558
2026-06-08T08:03:31.689865+00:00Z,mexc,bybit,PIPPINUSDT,0.6195,0.02099,0.02112,5e-05,-7.3e-05,-0.000123,0.6196
2026-06-08T08:03:31.689865+00:00Z,gate,bybit,ESPORTSUSDT,0.6035,0.09321,0.09377,0.002747,5e-05,-0.002697,0.6062
2026-06-08T08:03:33.720643+00:00Z,gate,mexc,ESPORTSUSDT,1.108,0.09305,0.09406,0.00337,-0.0192,-0.02257,1.1306
2026-06-08T08:03:33.720643+00:00Z,bybit,mexc,ESPORTSUSDT,0.5644,0.09355,0.09406,5e-05,-0.0192,-0.01925,0.5837
2026-06-08T08:03:33.720643+00:00Z,mexc,gate,PIPPINUSDT,0.5241,0.02099,0.0211,5e-05,5e-05,0.0,0.5241
2026-06-08T08:03:33.720643+00:00Z,gate,bybit,ESPORTSUSDT,0.5084,0.09305,0.09352,0.00337,5e-05,-0.00332,0.5117
2026-06-08T08:03:35.740062+00:00Z,gate,mexc,ESPORTSUSDT,0.643,0.09348,0.09406,0.00337,-0.0192,-0.02257,0.6656
2026-06-08T08:03:35.740062+00:00Z,gate,bybit,ESPORTSUSDT,0.5275,0.09348,0.09397,0.00337,5e-05,-0.00332,0.5308
2026-06-08T08:03:37.745001+00:00Z,gate,mexc,ESPORTSUSDT,0.7076,0.09342,0.09406,0.00337,-0.0192,-0.02257,0.7302
2026-06-08T08:03:39.760340+00:00Z,mexc,gate,PIPPINUSDT,0.5241,0.02099,0.0211,5e-05,5e-05,0.0,0.5241
2026-06-08T08:03:41.776360+00:00Z,mexc,bybit,PIPPINUSDT,0.5242,0.02099,0.0211,5e-05,-7.3e-05,-0.000123,0.5243
2026-06-08T08:03:41.776360+00:00Z,mexc,gate,PIPPINUSDT,0.5241,0.02099,0.0211,5e-05,5e-05,0.0,0.5241
2026-06-08T08:03:43.792159+00:00Z,mexc,gate,PIPPINUSDT,1.0005,0.02099,0.0212,5e-05,5e-05,0.0,1.0005
2026-06-08T08:03:43.792159+00:00Z,mexc,bybit,PIPPINUSDT,0.7624,0.02099,0.02115,5e-05,-7.3e-05,-0.000123,0.7625
2026-06-08T08:03:45.808867+00:00Z,mexc,gate,PIPPINUSDT,1.0005,0.02099,0.0212,5e-05,5e-05,0.0,1.0005
2026-06-08T08:03:45.808867+00:00Z,gate,mexc,ESPORTSUSDT,0.9128,0.09323,0.09406,0.00337,-0.0192,-0.02257,0.9354
2026-06-08T08:03:45.808867+00:00Z,mexc,bybit,PIPPINUSDT,0.7147,0.02099,0.02114,5e-05,-7.3e-05,-0.000123,0.7149
2026-06-08T08:03:47.812192+00:00Z,gate,mexc,ESPORTSUSDT,1.0212,0.09313,0.09406,0.00337,-0.0192,-0.02257,1.0437
2026-06-08T08:03:47.812192+00:00Z,mexc,gate,PIPPINUSDT,1.0005,0.02099,0.0212,5e-05,5e-05,0.0,1.0005
2026-06-08T08:03:47.812192+00:00Z,mexc,bybit,PIPPINUSDT,0.9053,0.02099,0.02118,5e-05,-7.3e-05,-0.000123,0.9054
2026-06-08T08:03:47.812192+00:00Z,bybit,mexc,ESPORTSUSDT,0.5967,0.09352,0.09406,5e-05,-0.0192,-0.01925,0.6159
2026-06-08T08:03:49.829196+00:00Z,gate,mexc,ESPORTSUSDT,1.032,0.09312,0.09406,0.00337,-0.0192,-0.02257,1.0546
2026-06-08T08:03:49.829196+00:00Z,mexc,gate,PIPPINUSDT,1.0005,0.02099,0.0212,5e-05,5e-05,0.0,1.0005
2026-06-08T08:03:49.829196+00:00Z,mexc,bybit,PIPPINUSDT,0.8577,0.02099,0.02117,5e-05,-7.3e-05,-0.000123,0.8578
2026-06-08T08:03:49.829196+00:00Z,bybit,mexc,ESPORTSUSDT,0.5752,0.09354,0.09406,5e-05,-0.0192,-0.01925,0.5944
2026-06-08T08:03:51.849886+00:00Z,gate,bybit,ESPORTSUSDT,0.6285,0.09277,0.09335,0.00337,5e-05,-0.00332,0.6318
2026-06-08T08:03:53.851874+00:00Z,bybit,mexc,ESPORTSUSDT,0.7089,0.0928,0.09344,5e-05,-0.0192,-0.01925,0.7282
2026-06-08T08:03:53.851874+00:00Z,gate,mexc,ESPORTSUSDT,0.5822,0.09292,0.09344,0.00337,-0.0192,-0.02257,0.6048
2026-06-08T08:03:55.871187+00:00Z,gate,mexc,ESPORTSUSDT,0.5989,0.09196,0.09249,0.00337,-0.0192,-0.02257,0.6215
2026-06-08T08:04:02.007226+00:00Z,gate,mexc,ESPORTSUSDT,0.8404,0.09047,0.09121,0.00337,-0.01903,-0.0224,0.8628
2026-06-08T08:04:14.030972+00:00Z,gate,bybit,ESPORTSUSDT,0.6098,0.09068,0.09123,0.00337,5e-05,-0.00332,0.6132
2026-06-08T08:05:02.079960+00:00Z,gate,mexc,ESPORTSUSDT,1.0102,0.08902,0.0899,0.002678,-0.01903,-0.021708,1.032
2026-06-08T08:05:02.079960+00:00Z,bybit,mexc,ESPORTSUSDT,0.6234,0.08936,0.0899,5e-05,-0.01903,-0.01908,0.6425
2026-06-08T08:05:04.097491+00:00Z,gate,mexc,ESPORTSUSDT,0.6035,0.08938,0.0899,0.002678,-0.01903,-0.021708,0.6252
2026-06-08T08:05:10.108447+00:00Z,mexc,gate,EVAAUSDT,0.6459,0.3561,0.3584,0.000105,0.0001,-5e-06,0.6459
2026-06-08T08:05:12.123956+00:00Z,gate,mexc,ESPORTSUSDT,1.0443,0.08899,0.0899,0.002678,-0.01903,-0.021708,1.066
2026-06-08T08:05:12.123956+00:00Z,mexc,gate,EVAAUSDT,0.7021,0.3561,0.3586,0.000105,0.0001,-5e-06,0.7021
2026-06-08T08:05:12.123956+00:00Z,bybit,mexc,ESPORTSUSDT,0.691,0.0893,0.0899,5e-05,-0.01903,-0.01908,0.7101
2026-06-08T08:05:14.142162+00:00Z,gate,mexc,ESPORTSUSDT,1.2833,0.08878,0.0899,0.002678,-0.01903,-0.021708,1.305
2026-06-08T08:05:14.142162+00:00Z,bybit,mexc,ESPORTSUSDT,0.849,0.08916,0.0899,5e-05,-0.01903,-0.01908,0.8681
2026-06-08T08:05:14.142162+00:00Z,mexc,gate,EVAAUSDT,0.6178,0.3561,0.3583,0.000105,0.0001,-5e-06,0.6178
2026-06-08T08:05:16.159253+00:00Z,gate,mexc,ESPORTSUSDT,1.9376,0.08821,0.0899,0.002678,-0.01903,-0.021708,1.9593
2026-06-08T08:05:16.159253+00:00Z,bybit,mexc,ESPORTSUSDT,1.5895,0.08851,0.0899,5e-05,-0.01903,-0.01908,1.6086
2026-06-08T08:05:16.159253+00:00Z,mexc,gate,EVAAUSDT,0.6178,0.3561,0.3583,0.000105,0.0001,-5e-06,0.6178
2026-06-08T08:05:18.187003+00:00Z,gate,mexc,ESPORTSUSDT,1.6955,0.08842,0.0899,0.002678,-0.01903,-0.021708,1.7172
2026-06-08T08:05:18.187003+00:00Z,bybit,mexc,ESPORTSUSDT,1.3149,0.08875,0.0899,5e-05,-0.01903,-0.01908,1.3339
2026-06-08T08:05:20.212644+00:00Z,gate,mexc,ESPORTSUSDT,1.0216,0.08901,0.0899,0.002678,-0.01903,-0.021708,1.0433
2026-06-08T08:05:20.212644+00:00Z,bybit,mexc,ESPORTSUSDT,0.7699,0.08923,0.0899,5e-05,-0.01903,-0.01908,0.789
2026-06-08T08:05:22.229758+00:00Z,gate,mexc,ESPORTSUSDT,1.2947,0.08877,0.0899,0.002678,-0.01903,-0.021708,1.3164
2026-06-08T08:05:22.229758+00:00Z,bybit,mexc,ESPORTSUSDT,0.883,0.08913,0.0899,5e-05,-0.01903,-0.01908,0.9021
2026-06-08T08:05:24.251398+00:00Z,gate,mexc,ESPORTSUSDT,1.0897,0.08895,0.0899,0.002678,-0.01903,-0.021708,1.1114
2026-06-08T08:05:24.251398+00:00Z,bybit,mexc,ESPORTSUSDT,0.5784,0.0894,0.0899,5e-05,-0.01903,-0.01908,0.5974
2026-06-08T08:05:26.267146+00:00Z,gate,mexc,ESPORTSUSDT,1.0897,0.08895,0.0899,0.002678,-0.01903,-0.021708,1.1114
2026-06-08T08:05:26.267146+00:00Z,mexc,gate,EVAAUSDT,0.7301,0.3561,0.3587,0.000105,0.0001,-5e-06,0.7301
2026-06-08T08:05:26.267146+00:00Z,mexc,bybit,EVAAUSDT,0.533,0.3561,0.358,0.000105,0.00068,0.000575,0.5324
2026-06-08T08:05:28.297807+00:00Z,bybit,mexc,PIPPINUSDT,1.1996,0.02084,0.02109,5e-05,5e-05,0.0,1.1996
2026-06-08T08:05:28.297807+00:00Z,mexc,gate,EVAAUSDT,0.8986,0.3561,0.3593,0.000105,0.0001,-5e-06,0.8986
2026-06-08T08:05:28.297807+00:00Z,mexc,bybit,EVAAUSDT,0.6453,0.3561,0.3584,0.000105,0.00068,0.000575,0.6447
2026-06-08T08:05:30.314373+00:00Z,bybit,mexc,PIPPINUSDT,1.1026,0.02086,0.02109,5e-05,5e-05,0.0,1.1026
2026-06-08T08:05:30.314373+00:00Z,gate,mexc,PIPPINUSDT,0.9091,0.0209,0.02109,5e-05,5e-05,0.0,0.9091
2026-06-08T08:05:30.314373+00:00Z,mexc,gate,EVAAUSDT,0.8425,0.3561,0.3591,0.000105,0.0001,-5e-06,0.8425
2026-06-08T08:05:30.314373+00:00Z,mexc,bybit,EVAAUSDT,0.6453,0.3561,0.3584,0.000105,0.00068,0.000575,0.6447
2026-06-08T08:05:30.314373+00:00Z,gate,mexc,ESPORTSUSDT,0.5585,0.08942,0.0899,0.002678,-0.01903,-0.021708,0.5802
2026-06-08T08:05:32.333275+00:00Z,bybit,mexc,PIPPINUSDT,1.2968,0.02082,0.02109,5e-05,5e-05,0.0,1.2968
2026-06-08T08:05:32.333275+00:00Z,gate,mexc,PIPPINUSDT,0.9091,0.0209,0.02109,5e-05,5e-05,0.0,0.9091
2026-06-08T08:05:32.333275+00:00Z,mexc,gate,EVAAUSDT,0.6459,0.3561,0.3584,0.000105,0.0001,-5e-06,0.6459
2026-06-08T08:05:32.333275+00:00Z,mexc,bybit,EVAAUSDT,0.6172,0.3561,0.3583,0.000105,0.00068,0.000575,0.6167
2026-06-08T08:05:32.333275+00:00Z,gate,bybit,ESPORTSUSDT,0.5492,0.08965,0.09014,0.002678,5e-05,-0.002628,0.5518
2026-06-08T08:05:34.358846+00:00Z,bybit,mexc,PIPPINUSDT,1.1996,0.02084,0.02109,5e-05,5e-05,0.0,1.1996
2026-06-08T08:05:34.358846+00:00Z,mexc,gate,EVAAUSDT,0.6459,0.3561,0.3584,0.000105,0.0001,-5e-06,0.6459
2026-06-08T08:05:34.358846+00:00Z,mexc,bybit,EVAAUSDT,0.5049,0.3561,0.3579,0.000105,0.00068,0.000575,0.5043
2026-06-08T08:05:36.377534+00:00Z,bybit,mexc,PIPPINUSDT,1.443,0.02079,0.02109,5e-05,5e-05,0.0,1.443
2026-06-08T08:05:36.377534+00:00Z,gate,mexc,PIPPINUSDT,0.9091,0.0209,0.02109,5e-05,5e-05,0.0,0.9091
2026-06-08T08:05:36.377534+00:00Z,mexc,gate,EVAAUSDT,0.5616,0.3561,0.3581,0.000105,0.0001,-5e-06,0.5616
2026-06-08T08:05:38.394010+00:00Z,bybit,mexc,PIPPINUSDT,1.1511,0.02085,0.02109,5e-05,5e-05,0.0,1.1511
2026-06-08T08:05:38.394010+00:00Z,gate,mexc,PIPPINUSDT,0.9091,0.0209,0.02109,5e-05,5e-05,0.0,0.9091
2026-06-08T08:05:38.394010+00:00Z,mexc,gate,EVAAUSDT,0.5616,0.3561,0.3581,0.000105,0.0001,-5e-06,0.5616
2026-06-08T08:05:40.422911+00:00Z,gate,mexc,PIPPINUSDT,0.9091,0.0209,0.02109,5e-05,5e-05,0.0,0.9091
2026-06-08T08:05:40.422911+00:00Z,bybit,mexc,PIPPINUSDT,0.8608,0.02091,0.02109,5e-05,5e-05,0.0,0.8608
2026-06-08T08:05:40.422911+00:00Z,mexc,gate,EVAAUSDT,0.5897,0.3561,0.3582,0.000105,0.0001,-5e-06,0.5897
2026-06-08T08:05:42.439530+00:00Z,bybit,mexc,PIPPINUSDT,1.9333,0.02069,0.02109,5e-05,5e-05,0.0,1.9333
2026-06-08T08:05:42.439530+00:00Z,gate,mexc,PIPPINUSDT,1.3942,0.0208,0.02109,5e-05,5e-05,0.0,1.3942
2026-06-08T08:05:42.439530+00:00Z,mexc,gate,EVAAUSDT,0.5897,0.3561,0.3582,0.000105,0.0001,-5e-06,0.5897
2026-06-08T08:05:44.474402+00:00Z,bybit,mexc,PIPPINUSDT,1.3942,0.0208,0.02109,5e-05,5e-05,0.0,1.3942
2026-06-08T08:05:44.474402+00:00Z,gate,mexc,PIPPINUSDT,0.9091,0.0209,0.02109,5e-05,5e-05,0.0,0.9091
2026-06-08T08:05:44.474402+00:00Z,mexc,bybit,EVAAUSDT,0.5891,0.3561,0.3582,0.000105,0.00068,0.000575,0.5886
2026-06-08T08:05:44.474402+00:00Z,mexc,gate,EVAAUSDT,0.5336,0.3561,0.358,0.000105,0.0001,-5e-06,0.5336
2026-06-08T08:05:46.493111+00:00Z,bybit,mexc,PIPPINUSDT,0.9574,0.02089,0.02109,5e-05,5e-05,0.0,0.9574
2026-06-08T08:05:46.493111+00:00Z,mexc,gate,EVAAUSDT,0.5897,0.3561,0.3582,0.000105,0.0001,-5e-06,0.5897
2026-06-08T08:05:46.493111+00:00Z,mexc,bybit,EVAAUSDT,0.5611,0.3561,0.3581,0.000105,0.00068,0.000575,0.5605
2026-06-08T08:05:48.511467+00:00Z,gate,mexc,PIPPINUSDT,0.9091,0.0209,0.02109,5e-05,5e-05,0.0,0.9091
2026-06-08T08:05:48.511467+00:00Z,bybit,mexc,PIPPINUSDT,0.8126,0.02092,0.02109,5e-05,5e-05,0.0,0.8126
2026-06-08T08:05:48.511467+00:00Z,mexc,gate,EVAAUSDT,0.5897,0.3561,0.3582,0.000105,0.0001,-5e-06,0.5897
2026-06-08T08:05:50.520551+00:00Z,bybit,mexc,PIPPINUSDT,1.3942,0.0208,0.02109,5e-05,5e-05,0.0,1.3942
2026-06-08T08:05:50.520551+00:00Z,gate,mexc,PIPPINUSDT,0.9091,0.0209,0.02109,5e-05,5e-05,0.0,0.9091
2026-06-08T08:05:50.520551+00:00Z,mexc,bybit,EVAAUSDT,0.6734,0.3561,0.3585,0.000105,0.00068,0.000575,0.6728
2026-06-08T08:05:50.520551+00:00Z,mexc,gate,EVAAUSDT,0.6459,0.3561,0.3584,0.000105,0.0001,-5e-06,0.6459
2026-06-08T08:05:52.540099+00:00Z,bybit,mexc,PIPPINUSDT,1.443,0.02079,0.02109,5e-05,5e-05,0.0,1.443
2026-06-08T08:05:52.540099+00:00Z,gate,mexc,PIPPINUSDT,0.9091,0.0209,0.02109,5e-05,5e-05,0.0,0.9091
2026-06-08T08:05:52.540099+00:00Z,mexc,gate,EVAAUSDT,0.6459,0.3561,0.3584,0.000105,0.0001,-5e-06,0.6459
2026-06-08T08:05:52.540099+00:00Z,mexc,bybit,EVAAUSDT,0.533,0.3561,0.358,0.000105,0.00068,0.000575,0.5324
2026-06-08T08:05:54.556856+00:00Z,bybit,mexc,PIPPINUSDT,1.3455,0.02081,0.02109,5e-05,5e-05,0.0,1.3455
2026-06-08T08:05:54.556856+00:00Z,gate,mexc,PIPPINUSDT,0.9091,0.0209,0.02109,5e-05,5e-05,0.0,0.9091
2026-06-08T08:05:54.556856+00:00Z,mexc,gate,EVAAUSDT,0.6459,0.3561,0.3584,0.000105,0.0001,-5e-06,0.6459
2026-06-08T08:05:54.556856+00:00Z,mexc,bybit,EVAAUSDT,0.533,0.3561,0.358,0.000105,0.00068,0.000575,0.5324
2026-06-08T08:05:54.556856+00:00Z,mexc,gate,LABUSDT,0.501,13.021,13.08623,0.000273,0.000229,-4.4e-05,0.501
2026-06-08T08:05:56.564272+00:00Z,gate,mexc,PIPPINUSDT,0.9091,0.0209,0.02109,5e-05,5e-05,0.0,0.9091
2026-06-08T08:05:56.564272+00:00Z,mexc,bybit,EVAAUSDT,0.5611,0.3561,0.3581,0.000105,0.00068,0.000575,0.5605
2026-06-08T08:05:56.564272+00:00Z,mexc,gate,EVAAUSDT,0.5336,0.3561,0.358,0.000105,0.0001,-5e-06,0.5336
2026-06-08T08:05:58.581058+00:00Z,bybit,mexc,PIPPINUSDT,1.443,0.02079,0.02109,5e-05,5e-05,0.0,1.443
2026-06-08T08:05:58.581058+00:00Z,gate,mexc,PIPPINUSDT,0.9091,0.0209,0.02109,5e-05,5e-05,0.0,0.9091
2026-06-08T08:05:58.581058+00:00Z,mexc,gate,EVAAUSDT,0.5055,0.3561,0.3579,0.000105,0.0001,-5e-06,0.5055
2026-06-08T08:05:58.581058+00:00Z,mexc,gate,LABUSDT,0.5032,13.021,13.08652,0.000273,0.000229,-4.4e-05,0.5033
2026-06-08T08:06:00.587765+00:00Z,bybit,mexc,PIPPINUSDT,1.2482,0.02083,0.02109,5e-05,5e-05,0.0,1.2482
2026-06-08T08:06:00.587765+00:00Z,gate,mexc,PIPPINUSDT,0.9091,0.0209,0.02109,5e-05,5e-05,0.0,0.9091
2026-06-08T08:06:00.587765+00:00Z,mexc,gate,LABUSDT,0.5465,13.021,13.09215,0.000273,0.000229,-4.4e-05,0.5465
2026-06-08T08:06:00.587765+00:00Z,mexc,gate,EVAAUSDT,0.5055,0.3561,0.3579,0.000105,0.0001,-5e-06,0.5055
2026-06-08T08:06:02.613793+00:00Z,bybit,mexc,PIPPINUSDT,1.2482,0.02083,0.02109,5e-05,5e-05,0.0,1.2482
2026-06-08T08:06:02.613793+00:00Z,gate,mexc,ESPORTSUSDT,1.1926,0.08886,0.0899,0.003212,-0.01903,-0.022242,1.2149
2026-06-08T08:06:02.613793+00:00Z,gate,mexc,PIPPINUSDT,0.9091,0.0209,0.02109,5e-05,5e-05,0.0,0.9091
2026-06-08T08:06:02.613793+00:00Z,bybit,mexc,ESPORTSUSDT,0.849,0.08916,0.0899,5e-05,-0.01903,-0.01908,0.8681
2026-06-08T08:06:02.613793+00:00Z,mexc,gate,LABUSDT,0.5336,13.021,13.09048,0.000273,0.000229,-4.4e-05,0.5337
2026-06-08T08:06:04.649205+00:00Z,gate,mexc,ESPORTSUSDT,2.1465,0.08803,0.0899,0.003212,-0.01903,-0.022242,2.1688
2026-06-08T08:06:04.649205+00:00Z,bybit,mexc,PIPPINUSDT,1.6876,0.02074,0.02109,5e-05,5e-05,0.0,1.6876
2026-06-08T08:06:04.649205+00:00Z,bybit,mexc,ESPORTSUSDT,1.6469,0.08846,0.0899,5e-05,-0.01903,-0.01908,1.666
2026-06-08T08:06:04.649205+00:00Z,gate,mexc,PIPPINUSDT,0.9091,0.0209,0.02109,5e-05,5e-05,0.0,0.9091
2026-06-08T08:06:04.649205+00:00Z,mexc,gate,LABUSDT,0.5133,13.021,13.08783,0.000273,0.000229,-4.4e-05,0.5133
2026-06-08T08:06:06.667768+00:00Z,bybit,mexc,PIPPINUSDT,1.7366,0.02073,0.02109,5e-05,5e-05,0.0,1.7366
2026-06-08T08:06:06.667768+00:00Z,gate,mexc,ESPORTSUSDT,1.4323,0.08865,0.0899,0.003212,-0.01903,-0.022242,1.4545
2026-06-08T08:06:06.667768+00:00Z,gate,mexc,PIPPINUSDT,1.3942,0.0208,0.02109,5e-05,5e-05,0.0,1.3942
2026-06-08T08:06:06.667768+00:00Z,bybit,mexc,ESPORTSUSDT,1.1212,0.08892,0.0899,5e-05,-0.01903,-0.01908,1.1403
2026-06-08T08:06:06.667768+00:00Z,mexc,gate,LABUSDT,0.5009,13.021,13.08621,0.000273,0.000229,-4.4e-05,0.5009
2026-06-08T08:06:08.687041+00:00Z,bybit,mexc,PIPPINUSDT,1.8349,0.02071,0.02109,5e-05,5e-05,0.0,1.8349
2026-06-08T08:06:08.687041+00:00Z,gate,mexc,PIPPINUSDT,1.3942,0.0208,0.02109,5e-05,5e-05,0.0,1.3942
2026-06-08T08:06:08.687041+00:00Z,gate,mexc,ESPORTSUSDT,1.0903,0.08895,0.0899,0.003212,-0.01903,-0.022242,1.1125
2026-06-08T08:06:08.687041+00:00Z,bybit,mexc,ESPORTSUSDT,0.8151,0.08919,0.0899,5e-05,-0.01903,-0.01908,0.8342
2026-06-08T08:06:08.687041+00:00Z,mexc,bybit,LABUSDT,0.5069,13.021,13.087,0.000273,0.000229,-4.4e-05,0.507
2026-06-08T08:06:10.710482+00:00Z,bybit,mexc,PIPPINUSDT,2.1308,0.02065,0.02109,5e-05,5e-05,0.0,2.1308
2026-06-08T08:06:10.710482+00:00Z,gate,mexc,PIPPINUSDT,1.8841,0.0207,0.02109,5e-05,5e-05,0.0,1.8841
2026-06-08T08:06:10.710482+00:00Z,gate,mexc,ESPORTSUSDT,0.6716,0.08932,0.0899,0.003212,-0.01903,-0.022242,0.6938
2026-06-08T08:06:12.749237+00:00Z,bybit,mexc,PIPPINUSDT,2.8279,0.02051,0.02109,5e-05,5e-05,0.0,2.8279
2026-06-08T08:06:12.749237+00:00Z,gate,mexc,PIPPINUSDT,2.3786,0.0206,0.02109,5e-05,5e-05,0.0,2.3786
2026-06-08T08:06:12.749237+00:00Z,mexc,bybit,LABUSDT,0.5684,13.021,13.095,0.000273,0.000229,-4.4e-05,0.5684
2026-06-08T08:06:14.777359+00:00Z,bybit,mexc,PIPPINUSDT,2.5778,0.02056,0.02109,5e-05,5e-05,0.0,2.5778
2026-06-08T08:06:14.777359+00:00Z,gate,mexc,PIPPINUSDT,1.8841,0.0207,0.02109,5e-05,5e-05,0.0,1.8841
2026-06-08T08:06:14.777359+00:00Z,mexc,bybit,LABUSDT,0.576,13.021,13.096,0.000273,0.000229,-4.4e-05,0.5761
2026-06-08T08:06:14.777359+00:00Z,mexc,gate,LABUSDT,0.574,13.021,13.09574,0.000273,0.000229,-4.4e-05,0.5741
2026-06-08T08:06:14.777359+00:00Z,gate,mexc,ESPORTSUSDT,0.5703,0.08941,0.0899,0.003212,-0.01903,-0.022242,0.5925
2026-06-08T08:06:16.796558+00:00Z,bybit,mexc,PIPPINUSDT,1.5407,0.02077,0.02109,5e-05,5e-05,0.0,1.5407
2026-06-08T08:06:16.796558+00:00Z,gate,mexc,PIPPINUSDT,1.3942,0.0208,0.02109,5e-05,5e-05,0.0,1.3942
2026-06-08T08:06:16.796558+00:00Z,gate,mexc,ESPORTSUSDT,0.9201,0.0891,0.0899,0.003212,-0.01903,-0.022242,0.9424
2026-06-08T08:06:16.796558+00:00Z,bybit,mexc,ESPORTSUSDT,0.5784,0.0894,0.0899,5e-05,-0.01903,-0.01908,0.5974
2026-06-08T08:06:16.796558+00:00Z,mexc,gate,LABUSDT,0.5737,13.021,13.0957,0.000273,0.000229,-4.4e-05,0.5738
2026-06-08T08:06:18.821579+00:00Z,bybit,mexc,PIPPINUSDT,2.2298,0.02063,0.02109,5e-05,5e-05,0.0,2.2298
2026-06-08T08:06:18.821579+00:00Z,gate,mexc,PIPPINUSDT,1.8841,0.0207,0.02109,5e-05,5e-05,0.0,1.8841
2026-06-08T08:06:18.821579+00:00Z,gate,mexc,ESPORTSUSDT,1.1585,0.08889,0.0899,0.003212,-0.01903,-0.022242,1.1807
2026-06-08T08:06:18.821579+00:00Z,bybit,mexc,ESPORTSUSDT,0.8943,0.08912,0.0899,5e-05,-0.01903,-0.01908,0.9134
2026-06-08T08:06:18.821579+00:00Z,mexc,bybit,LABUSDT,0.5914,13.021,13.098,0.000273,0.000229,-4.4e-05,0.5914
2026-06-08T08:06:18.821579+00:00Z,mexc,gate,LABUSDT,0.5535,13.021,13.09307,0.000273,0.000229,-4.4e-05,0.5536
2026-06-08T08:06:20.831742+00:00Z,bybit,mexc,PIPPINUSDT,2.2298,0.02063,0.02109,5e-05,5e-05,0.0,2.2298
2026-06-08T08:06:20.831742+00:00Z,gate,mexc,PIPPINUSDT,1.3942,0.0208,0.02109,5e-05,5e-05,0.0,1.3942
2026-06-08T08:06:20.831742+00:00Z,gate,mexc,ESPORTSUSDT,1.3523,0.08872,0.0899,0.003212,-0.01903,-0.022242,1.3745
2026-06-08T08:06:20.831742+00:00Z,bybit,mexc,ESPORTSUSDT,0.8943,0.08912,0.0899,5e-05,-0.01903,-0.01908,0.9134
2026-06-08T08:06:20.831742+00:00Z,mexc,bybit,LABUSDT,0.7604,13.021,13.12,0.000273,0.000229,-4.4e-05,0.7604
2026-06-08T08:06:20.831742+00:00Z,mexc,gate,LABUSDT,0.6497,13.021,13.10559,0.000273,0.000229,-4.4e-05,0.6497
2026-06-08T08:06:22.873103+00:00Z,bybit,mexc,PIPPINUSDT,1.9826,0.02068,0.02109,5e-05,5e-05,0.0,1.9826
2026-06-08T08:06:22.873103+00:00Z,gate,mexc,ESPORTSUSDT,1.7881,0.08834,0.0899,0.003212,-0.01903,-0.022242,1.8104
2026-06-08T08:06:22.873103+00:00Z,gate,mexc,PIPPINUSDT,1.3942,0.0208,0.02109,5e-05,5e-05,0.0,1.3942
2026-06-08T08:06:22.873103+00:00Z,bybit,mexc,ESPORTSUSDT,1.2692,0.08879,0.0899,5e-05,-0.01903,-0.01908,1.2883
2026-06-08T08:06:22.873103+00:00Z,mexc,bybit,LABUSDT,0.6682,13.021,13.108,0.000273,0.000229,-4.4e-05,0.6682
2026-06-08T08:06:22.873103+00:00Z,mexc,gate,LABUSDT,0.6023,13.021,13.09942,0.000273,0.000229,-4.4e-05,0.6023
2026-06-08T08:06:24.893285+00:00Z,gate,mexc,ESPORTSUSDT,1.9266,0.08822,0.0899,0.003212,-0.01903,-0.022242,1.9488
2026-06-08T08:06:24.893285+00:00Z,bybit,mexc,PIPPINUSDT,1.8349,0.02071,0.02109,5e-05,5e-05,0.0,1.8349
2026-06-08T08:06:24.893285+00:00Z,bybit,mexc,ESPORTSUSDT,1.6125,0.08849,0.0899,5e-05,-0.01903,-0.01908,1.6316
2026-06-08T08:06:24.893285+00:00Z,gate,mexc,PIPPINUSDT,1.3942,0.0208,0.02109,5e-05,5e-05,0.0,1.3942
2026-06-08T08:06:24.893285+00:00Z,mexc,gate,LABUSDT,0.6071,13.021,13.10005,0.000273,0.000229,-4.4e-05,0.6072
2026-06-08T08:06:24.893285+00:00Z,mexc,bybit,LABUSDT,0.5991,13.021,13.099,0.000273,0.000229,-4.4e-05,0.5991
2026-06-08T08:06:26.929580+00:00Z,bybit,mexc,PIPPINUSDT,1.7857,0.02072,0.02109,5e-05,5e-05,0.0,1.7857
2026-06-08T08:06:26.929580+00:00Z,gate,mexc,ESPORTSUSDT,1.5697,0.08853,0.0899,0.003212,-0.01903,-0.022242,1.592
2026-06-08T08:06:26.929580+00:00Z,gate,mexc,PIPPINUSDT,1.3942,0.0208,0.02109,5e-05,5e-05,0.0,1.3942
2026-06-08T08:06:26.929580+00:00Z,bybit,mexc,ESPORTSUSDT,1.0303,0.089,0.0899,5e-05,-0.01903,-0.01908,1.0494
2026-06-08T08:06:26.929580+00:00Z,mexc,gate,LABUSDT,0.6909,13.021,13.11095,0.000273,0.000229,-4.4e-05,0.6909
2026-06-08T08:06:26.929580+00:00Z,mexc,bybit,LABUSDT,0.5607,13.021,13.094,0.000273,0.000229,-4.4e-05,0.5607
2026-06-08T08:06:28.963738+00:00Z,gate,mexc,ESPORTSUSDT,1.501,0.08859,0.0899,0.003212,-0.01903,-0.022242,1.5232
2026-06-08T08:06:28.963738+00:00Z,gate,mexc,PIPPINUSDT,1.3942,0.0208,0.02109,5e-05,5e-05,0.0,1.3942
2026-06-08T08:06:28.963738+00:00Z,bybit,mexc,ESPORTSUSDT,1.2008,0.08885,0.0899,5e-05,-0.01903,-0.01908,1.2199
2026-06-08T08:06:28.963738+00:00Z,mexc,gate,LABUSDT,0.7245,13.021,13.11533,0.000273,0.000229,-4.4e-05,0.7245
2026-06-08T08:06:28.963738+00:00Z,mexc,bybit,LABUSDT,0.6144,13.021,13.101,0.000273,0.000229,-4.4e-05,0.6145
2026-06-08T08:06:28.963738+00:00Z,bybit,mexc,PIPPINUSDT,0.5243,0.02098,0.02109,5e-05,5e-05,0.0,0.5243
2026-06-08T08:06:30.983875+00:00Z,gate,mexc,ESPORTSUSDT,1.4781,0.08861,0.0899,0.003212,-0.01903,-0.022242,1.5003
2026-06-08T08:06:30.983875+00:00Z,bybit,mexc,ESPORTSUSDT,1.2008,0.08885,0.0899,5e-05,-0.01903,-0.01908,1.2199
2026-06-08T08:06:30.983875+00:00Z,bybit,mexc,PIPPINUSDT,1.1026,0.02086,0.02109,5e-05,5e-05,0.0,1.1026
2026-06-08T08:06:30.983875+00:00Z,gate,mexc,PIPPINUSDT,0.9091,0.0209,0.02109,5e-05,5e-05,0.0,0.9091
2026-06-08T08:06:30.983875+00:00Z,mexc,bybit,LABUSDT,0.7296,13.021,13.116,0.000273,0.000229,-4.4e-05,0.7297
2026-06-08T08:06:30.983875+00:00Z,mexc,gate,LABUSDT,0.7246,13.021,13.11535,0.000273,0.000229,-4.4e-05,0.7247
2026-06-08T08:06:32.992333+00:00Z,gate,mexc,ESPORTSUSDT,1.6731,0.08844,0.0899,0.003212,-0.01903,-0.022242,1.6953
2026-06-08T08:06:32.992333+00:00Z,bybit,mexc,ESPORTSUSDT,1.4062,0.08867,0.0899,5e-05,-0.01903,-0.01908,1.4253
2026-06-08T08:06:32.992333+00:00Z,bybit,mexc,PIPPINUSDT,1.1026,0.02086,0.02109,5e-05,5e-05,0.0,1.1026
2026-06-08T08:06:32.992333+00:00Z,gate,mexc,PIPPINUSDT,0.9091,0.0209,0.02109,5e-05,5e-05,0.0,0.9091
2026-06-08T08:06:32.992333+00:00Z,mexc,bybit,LABUSDT,0.7911,13.021,13.124,0.000273,0.000229,-4.4e-05,0.7911
2026-06-08T08:06:32.992333+00:00Z,mexc,gate,LABUSDT,0.7057,13.021,13.11288,0.000273,0.000229,-4.4e-05,0.7057
2026-06-08T08:06:35.020345+00:00Z,gate,mexc,ESPORTSUSDT,2.1236,0.08805,0.0899,0.003485,-0.01903,-0.022515,2.1461
2026-06-08T08:06:35.020345+00:00Z,bybit,mexc,ESPORTSUSDT,1.3834,0.08869,0.0899,5e-05,-0.01903,-0.01908,1.4025
2026-06-08T08:06:35.020345+00:00Z,gate,mexc,PIPPINUSDT,0.9091,0.0209,0.02109,5e-05,5e-05,0.0,0.9091
2026-06-08T08:06:35.020345+00:00Z,mexc,gate,LABUSDT,0.7257,13.021,13.11551,0.000273,0.0004,0.000127,0.7256
2026-06-08T08:06:35.020345+00:00Z,bybit,mexc,PIPPINUSDT,0.5722,0.02097,0.02109,5e-05,5e-05,0.0,0.5722
2026-06-08T08:06:37.049319+00:00Z,gate,mexc,ESPORTSUSDT,2.3095,0.08789,0.0899,0.003485,-0.01903,-0.022515,2.332
2026-06-08T08:06:37.049319+00:00Z,bybit,mexc,ESPORTSUSDT,2.0391,0.08812,0.0899,5e-05,-0.01903,-0.01908,2.0581
2026-06-08T08:06:37.049319+00:00Z,bybit,mexc,PIPPINUSDT,1.6876,0.02074,0.02109,5e-05,5e-05,0.0,1.6876
2026-06-08T08:06:37.049319+00:00Z,gate,mexc,PIPPINUSDT,0.9091,0.0209,0.02109,5e-05,5e-05,0.0,0.9091
2026-06-08T08:06:37.049319+00:00Z,mexc,bybit,LABUSDT,0.768,13.021,13.121,0.000273,0.000229,-4.4e-05,0.7681
2026-06-08T08:06:37.049319+00:00Z,mexc,gate,LABUSDT,0.7522,13.021,13.11896,0.000273,0.0004,0.000127,0.7521
2026-06-08T08:06:39.070073+00:00Z,gate,mexc,ESPORTSUSDT,2.93,0.08736,0.0899,0.003485,-0.01903,-0.022515,2.9525
2026-06-08T08:06:39.070073+00:00Z,bybit,mexc,ESPORTSUSDT,2.4225,0.08779,0.0899,5e-05,-0.01903,-0.01908,2.4416
2026-06-08T08:06:39.070073+00:00Z,bybit,mexc,PIPPINUSDT,1.5407,0.02077,0.02109,5e-05,5e-05,0.0,1.5407
2026-06-08T08:06:39.070073+00:00Z,mexc,bybit,LABUSDT,0.9524,13.021,13.145,0.000273,0.000229,-4.4e-05,0.9524
2026-06-08T08:06:39.070073+00:00Z,mexc,gate,LABUSDT,0.9371,13.021,13.14303,0.000273,0.0004,0.000127,0.9369
2026-06-08T08:06:39.070073+00:00Z,gate,mexc,PIPPINUSDT,0.9091,0.0209,0.02109,5e-05,5e-05,0.0,0.9091
2026-06-08T08:06:41.100844+00:00Z,gate,mexc,ESPORTSUSDT,2.613,0.08763,0.0899,0.003485,-0.01903,-0.022515,2.6355
2026-06-08T08:06:41.100844+00:00Z,bybit,mexc,ESPORTSUSDT,2.1782,0.088,0.0899,5e-05,-0.01903,-0.01908,2.1973
2026-06-08T08:06:41.100844+00:00Z,bybit,mexc,PIPPINUSDT,1.4918,0.02078,0.02109,5e-05,5e-05,0.0,1.4918
2026-06-08T08:06:41.100844+00:00Z,mexc,gate,LABUSDT,0.95,13.021,13.14472,0.000273,0.0004,0.000127,0.9499
2026-06-08T08:06:41.100844+00:00Z,gate,mexc,PIPPINUSDT,0.9091,0.0209,0.02109,5e-05,5e-05,0.0,0.9091
2026-06-08T08:06:41.100844+00:00Z,mexc,bybit,LABUSDT,0.9063,13.021,13.139,0.000273,0.000229,-4.4e-05,0.9063
2026-06-08T08:06:43.121105+00:00Z,gate,mexc,ESPORTSUSDT,2.356,0.08785,0.0899,0.003485,-0.01903,-0.022515,2.3786
2026-06-08T08:06:43.121105+00:00Z,bybit,mexc,ESPORTSUSDT,1.8657,0.08827,0.0899,5e-05,-0.01903,-0.01908,1.8848
2026-06-08T08:06:43.121105+00:00Z,mexc,gate,LABUSDT,0.9836,13.021,13.14909,0.000273,0.0004,0.000127,0.9835
2026-06-08T08:06:43.121105+00:00Z,mexc,bybit,LABUSDT,0.9447,13.021,13.144,0.000273,0.000229,-4.4e-05,0.9447
2026-06-08T08:06:43.121105+00:00Z,gate,mexc,PIPPINUSDT,0.9091,0.0209,0.02109,5e-05,5e-05,0.0,0.9091
2026-06-08T08:06:45.139162+00:00Z,gate,mexc,ESPORTSUSDT,2.6012,0.08764,0.0899,0.003485,-0.01903,-0.022515,2.6238
2026-06-08T08:06:45.139162+00:00Z,bybit,mexc,ESPORTSUSDT,2.1086,0.08806,0.0899,5e-05,-0.01903,-0.01908,2.1276
2026-06-08T08:06:45.139162+00:00Z,bybit,mexc,PIPPINUSDT,1.5896,0.02076,0.02109,5e-05,5e-05,0.0,1.5896
2026-06-08T08:06:45.139162+00:00Z,mexc,gate,LABUSDT,1.1472,13.021,13.17039,0.000273,0.0004,0.000127,1.147
2026-06-08T08:06:45.139162+00:00Z,mexc,gate,EVAAUSDT,1.0952,0.3561,0.36,0.000105,0.0001,-5e-06,1.0952
2026-06-08T08:06:45.139162+00:00Z,mexc,bybit,EVAAUSDT,1.0948,0.3561,0.36,0.000105,0.000461,0.000356,1.0945
2026-06-08T08:06:45.139162+00:00Z,mexc,bybit,LABUSDT,1.0675,13.021,13.16,0.000273,0.000229,-4.4e-05,1.0676
2026-06-08T08:06:45.139162+00:00Z,mexc,bybit,ALLOUSDT,1.0065,0.45998,0.46461,-0.000243,-0.000143,0.0001,1.0064
2026-06-08T08:06:45.139162+00:00Z,mexc,gate,ALLOUSDT,0.9137,0.45998,0.46418,-0.000243,-0.00087,-0.000627,0.9143
2026-06-08T08:06:45.139162+00:00Z,gate,mexc,PIPPINUSDT,0.9091,0.0209,0.02109,5e-05,5e-05,0.0,0.9091
2026-06-08T08:06:47.173620+00:00Z,gate,mexc,ESPORTSUSDT,2.3211,0.08788,0.0899,0.003485,-0.01903,-0.022515,2.3436
2026-06-08T08:06:47.173620+00:00Z,bybit,mexc,ESPORTSUSDT,1.6814,0.08843,0.0899,5e-05,-0.01903,-0.01908,1.7005
2026-06-08T08:06:47.173620+00:00Z,mexc,gate,LABUSDT,1.164,13.021,13.17258,0.000273,0.0004,0.000127,1.1639
2026-06-08T08:06:47.173620+00:00Z,mexc,bybit,LABUSDT,1.1367,13.021,13.169,0.000273,0.000229,-4.4e-05,1.1367
2026-06-08T08:06:47.173620+00:00Z,mexc,bybit,ALLOUSDT,1.0499,0.45998,0.46481,-0.000243,-0.000143,0.0001,1.0498
2026-06-08T08:06:47.173620+00:00Z,mexc,gate,EVAAUSDT,0.9829,0.3561,0.3596,0.000105,0.0001,-5e-06,0.9829
2026-06-08T08:06:47.173620+00:00Z,mexc,gate,ALLOUSDT,0.9811,0.45998,0.46449,-0.000243,-0.00087,-0.000627,0.9817
2026-06-08T08:06:47.173620+00:00Z,gate,mexc,PIPPINUSDT,0.9091,0.0209,0.02109,5e-05,5e-05,0.0,0.9091
2026-06-08T08:06:47.173620+00:00Z,mexc,bybit,EVAAUSDT,0.7579,0.3561,0.3588,0.000105,0.000461,0.000356,0.7575
2026-06-08T08:06:47.173620+00:00Z,gate,bybit,ESPORTSUSDT,0.5496,0.08788,0.08836,0.003485,5e-05,-0.003435,0.5531
2026-06-08T08:06:49.210166+00:00Z,gate,mexc,ESPORTSUSDT,2.9536,0.08734,0.0899,0.003485,-0.01903,-0.022515,2.9761
2026-06-08T08:06:49.210166+00:00Z,bybit,mexc,ESPORTSUSDT,2.3177,0.08788,0.0899,5e-05,-0.01903,-0.01908,2.3367
2026-06-08T08:06:49.210166+00:00Z,mexc,bybit,ALLOUSDT,1.3217,0.45998,0.46606,-0.000243,-0.000143,0.0001,1.3216
2026-06-08T08:06:49.210166+00:00Z,mexc,gate,LABUSDT,1.2801,13.021,13.1877,0.000273,0.0004,0.000127,1.28
2026-06-08T08:06:49.210166+00:00Z,bybit,mexc,PIPPINUSDT,1.2482,0.02083,0.02109,5e-05,5e-05,0.0,1.2482
2026-06-08T08:06:49.210166+00:00Z,mexc,bybit,LABUSDT,1.2365,13.021,13.182,0.000273,0.000229,-4.4e-05,1.2366
2026-06-08T08:06:49.210166+00:00Z,mexc,gate,ALLOUSDT,1.1833,0.45998,0.46542,-0.000243,-0.00087,-0.000627,1.1839
2026-06-08T08:06:49.210166+00:00Z,gate,mexc,PIPPINUSDT,0.9091,0.0209,0.02109,5e-05,5e-05,0.0,0.9091
2026-06-08T08:06:49.210166+00:00Z,mexc,gate,EVAAUSDT,0.8986,0.3561,0.3593,0.000105,0.0001,-5e-06,0.8986
2026-06-08T08:06:49.210166+00:00Z,mexc,bybit,EVAAUSDT,0.6736,0.3561,0.3585,0.000105,0.000461,0.000356,0.6733
2026-06-08T08:06:49.210166+00:00Z,gate,bybit,ESPORTSUSDT,0.6103,0.08734,0.08787,0.003485,5e-05,-0.003435,0.6137
2026-06-08T08:06:51.251235+00:00Z,gate,mexc,ESPORTSUSDT,2.7654,0.0875,0.0899,0.003485,-0.01903,-0.022515,2.7879
2026-06-08T08:06:51.251235+00:00Z,bybit,mexc,ESPORTSUSDT,2.2014,0.08798,0.0899,5e-05,-0.01903,-0.01908,2.2205
2026-06-08T08:06:51.251235+00:00Z,mexc,gate,LABUSDT,1.3407,13.021,13.19559,0.000273,0.0004,0.000127,1.3406
2026-06-08T08:06:51.251235+00:00Z,mexc,bybit,LABUSDT,1.3287,13.021,13.194,0.000273,0.000229,-4.4e-05,1.3287
2026-06-08T08:06:51.251235+00:00Z,mexc,bybit,ALLOUSDT,1.1499,0.45998,0.46527,-0.000243,-0.000143,0.0001,1.1498
2026-06-08T08:06:51.251235+00:00Z,mexc,gate,ALLOUSDT,1.0898,0.45998,0.46499,-0.000243,-0.00087,-0.000627,1.0904
2026-06-08T08:06:51.251235+00:00Z,bybit,mexc,PIPPINUSDT,1.0057,0.02088,0.02109,5e-05,5e-05,0.0,1.0057
2026-06-08T08:06:51.251235+00:00Z,mexc,gate,EVAAUSDT,0.9548,0.3561,0.3595,0.000105,0.0001,-5e-06,0.9548
2026-06-08T08:06:51.251235+00:00Z,mexc,bybit,EVAAUSDT,0.9544,0.3561,0.3595,0.000105,0.000461,0.000356,0.9541
2026-06-08T08:06:51.251235+00:00Z,gate,mexc,PIPPINUSDT,0.9091,0.0209,0.02109,5e-05,5e-05,0.0,0.9091
2026-06-08T08:06:53.273651+00:00Z,gate,mexc,ESPORTSUSDT,3.0243,0.08728,0.0899,0.003485,-0.01903,-0.022515,3.0469
2026-06-08T08:06:53.273651+00:00Z,bybit,mexc,ESPORTSUSDT,2.551,0.08768,0.0899,5e-05,-0.01903,-0.01908,2.5701
2026-06-08T08:06:53.273651+00:00Z,mexc,gate,LABUSDT,1.3511,13.021,13.19694,0.000273,0.0004,0.000127,1.3509
2026-06-08T08:06:53.273651+00:00Z,mexc,bybit,LABUSDT,1.3056,13.021,13.191,0.000273,0.000229,-4.4e-05,1.3057
2026-06-08T08:06:53.273651+00:00Z,mexc,bybit,ALLOUSDT,1.1478,0.45998,0.46526,-0.000243,-0.000143,0.0001,1.1477
2026-06-08T08:06:53.273651+00:00Z,bybit,mexc,PIPPINUSDT,1.0057,0.02088,0.02109,5e-05,5e-05,0.0,1.0057
2026-06-08T08:06:53.273651+00:00Z,mexc,gate,ALLOUSDT,0.9876,0.45998,0.46452,-0.000243,-0.00087,-0.000627,0.9883
2026-06-08T08:06:53.273651+00:00Z,mexc,gate,EVAAUSDT,0.9548,0.3561,0.3595,0.000105,0.0001,-5e-06,0.9548
2026-06-08T08:06:53.273651+00:00Z,gate,mexc,PIPPINUSDT,0.9091,0.0209,0.02109,5e-05,5e-05,0.0,0.9091
2026-06-08T08:06:53.273651+00:00Z,mexc,bybit,EVAAUSDT,0.814,0.3561,0.359,0.000105,0.000461,0.000356,0.8137
2026-06-08T08:06:55.313675+00:00Z,gate,mexc,ESPORTSUSDT,2.426,0.08779,0.0899,0.003485,-0.01903,-0.022515,2.4485
2026-06-08T08:06:55.313675+00:00Z,bybit,mexc,ESPORTSUSDT,1.8888,0.08825,0.0899,5e-05,-0.01903,-0.01908,1.9078
2026-06-08T08:06:55.313675+00:00Z,bybit,mexc,PIPPINUSDT,1.4918,0.02078,0.02109,5e-05,5e-05,0.0,1.4918
2026-06-08T08:06:55.313675+00:00Z,mexc,bybit,LABUSDT,1.3747,13.021,13.2,0.000273,0.000229,-4.4e-05,1.3748
2026-06-08T08:06:55.313675+00:00Z,mexc,gate,LABUSDT,1.3478,13.021,13.19651,0.000273,0.0004,0.000127,1.3476
2026-06-08T08:06:55.313675+00:00Z,mexc,bybit,ALLOUSDT,1.2,0.45998,0.4655,-0.000243,-0.000143,0.0001,1.1999
2026-06-08T08:06:55.313675+00:00Z,mexc,gate,ALLOUSDT,1.1355,0.45998,0.4652,-0.000243,-0.00087,-0.000627,1.1361
2026-06-08T08:06:55.313675+00:00Z,mexc,bybit,EVAAUSDT,0.9825,0.3561,0.3596,0.000105,0.000461,0.000356,0.9822
2026-06-08T08:06:55.313675+00:00Z,mexc,gate,EVAAUSDT,0.9548,0.3561,0.3595,0.000105,0.0001,-5e-06,0.9548
2026-06-08T08:06:55.313675+00:00Z,gate,mexc,PIPPINUSDT,0.9091,0.0209,0.02109,5e-05,5e-05,0.0,0.9091
2026-06-08T08:06:57.334862+00:00Z,gate,mexc,ESPORTSUSDT,2.8006,0.08747,0.0899,0.003485,-0.01903,-0.022515,2.8231
2026-06-08T08:06:57.334862+00:00Z,bybit,mexc,ESPORTSUSDT,2.2711,0.08792,0.0899,5e-05,-0.01903,-0.01908,2.2902
2026-06-08T08:06:57.334862+00:00Z,mexc,bybit,LABUSDT,1.4131,13.021,13.205,0.000273,0.000229,-4.4e-05,1.4132
2026-06-08T08:06:57.334862+00:00Z,mexc,gate,LABUSDT,1.3547,13.021,13.19741,0.000273,0.0004,0.000127,1.3546
2026-06-08T08:06:57.334862+00:00Z,bybit,mexc,PIPPINUSDT,1.1996,0.02084,0.02109,5e-05,5e-05,0.0,1.1996
2026-06-08T08:06:57.334862+00:00Z,mexc,bybit,ALLOUSDT,1.1608,0.45998,0.46532,-0.000243,-0.000143,0.0001,1.1607
2026-06-08T08:06:57.334862+00:00Z,mexc,bybit,EVAAUSDT,0.9825,0.3561,0.3596,0.000105,0.000461,0.000356,0.9822
2026-06-08T08:06:57.334862+00:00Z,mexc,gate,ALLOUSDT,0.9615,0.45998,0.4644,-0.000243,-0.00087,-0.000627,0.9622
2026-06-08T08:06:57.334862+00:00Z,mexc,gate,EVAAUSDT,0.9548,0.3561,0.3595,0.000105,0.0001,-5e-06,0.9548
2026-06-08T08:06:57.334862+00:00Z,gate,mexc,PIPPINUSDT,0.9091,0.0209,0.02109,5e-05,5e-05,0.0,0.9091
2026-06-08T08:06:59.370137+00:00Z,gate,mexc,ESPORTSUSDT,3.0716,0.08724,0.0899,0.003485,-0.01903,-0.022515,3.0941
2026-06-08T08:06:59.370137+00:00Z,bybit,mexc,ESPORTSUSDT,2.4109,0.0878,0.0899,5e-05,-0.01903,-0.01908,2.43
2026-06-08T08:06:59.370137+00:00Z,mexc,bybit,LABUSDT,1.4285,13.021,13.207,0.000273,0.000229,-4.4e-05,1.4285
2026-06-08T08:06:59.370137+00:00Z,gate,mexc,PIPPINUSDT,1.3942,0.0208,0.02109,5e-05,5e-05,0.0,1.3942
2026-06-08T08:06:59.370137+00:00Z,mexc,gate,LABUSDT,1.3492,13.021,13.19669,0.000273,0.0004,0.000127,1.349
2026-06-08T08:06:59.370137+00:00Z,bybit,mexc,PIPPINUSDT,1.3455,0.02081,0.02109,5e-05,5e-05,0.0,1.3455
2026-06-08T08:06:59.370137+00:00Z,mexc,bybit,ALLOUSDT,1.326,0.45998,0.46608,-0.000243,-0.000143,0.0001,1.3259
2026-06-08T08:06:59.370137+00:00Z,mexc,gate,ALLOUSDT,1.1724,0.45998,0.46537,-0.000243,-0.00087,-0.000627,1.173
2026-06-08T08:06:59.370137+00:00Z,mexc,gate,EVAAUSDT,0.9267,0.3561,0.3594,0.000105,0.0001,-5e-06,0.9267
2026-06-08T08:06:59.370137+00:00Z,mexc,bybit,EVAAUSDT,0.8702,0.3561,0.3592,0.000105,0.000461,0.000356,0.8698
2026-06-08T08:06:59.370137+00:00Z,gate,bybit,ESPORTSUSDT,0.6797,0.08724,0.08783,0.003485,5e-05,-0.003435,0.6832
2026-06-08T08:07:01.407394+00:00Z,gate,mexc,ESPORTSUSDT,2.93,0.08736,0.0899,0.003485,-0.01903,-0.022515,2.9525
2026-06-08T08:07:01.407394+00:00Z,bybit,mexc,ESPORTSUSDT,2.2828,0.08791,0.0899,5e-05,-0.01903,-0.01908,2.3018
2026-06-08T08:07:01.407394+00:00Z,bybit,mexc,PIPPINUSDT,1.9826,0.02068,0.02109,5e-05,5e-05,0.0,1.9826
2026-06-08T08:07:01.407394+00:00Z,gate,mexc,PIPPINUSDT,1.3942,0.0208,0.02109,5e-05,5e-05,0.0,1.3942
2026-06-08T08:07:01.407394+00:00Z,mexc,bybit,ALLOUSDT,1.2673,0.45998,0.46581,-0.000243,-0.000143,0.0001,1.2672
2026-06-08T08:07:01.407394+00:00Z,mexc,bybit,LABUSDT,1.2595,13.021,13.185,0.000273,0.000229,-4.4e-05,1.2596
2026-06-08T08:07:01.407394+00:00Z,mexc,gate,LABUSDT,1.2055,13.021,13.17798,0.000273,0.0004,0.000127,1.2053
2026-06-08T08:07:01.407394+00:00Z,mexc,gate,ALLOUSDT,1.1963,0.45998,0.46548,-0.000243,-0.00087,-0.000627,1.197
2026-06-08T08:07:01.407394+00:00Z,mexc,gate,EVAAUSDT,0.8705,0.3561,0.3592,0.000105,0.0001,-5e-06,0.8706
2026-06-08T08:07:01.407394+00:00Z,gate,bybit,ESPORTSUSDT,0.5414,0.08736,0.08783,0.003485,5e-05,-0.003435,0.5449
2026-06-08T08:07:03.416075+00:00Z,gate,mexc,ESPORTSUSDT,2.93,0.08736,0.0899,0.003485,-0.01903,-0.022515,2.9525
2026-06-08T08:07:03.416075+00:00Z,bybit,mexc,PIPPINUSDT,2.4284,0.02059,0.02109,5e-05,5e-05,0.0,2.4284
2026-06-08T08:07:03.416075+00:00Z,bybit,mexc,ESPORTSUSDT,2.2479,0.08794,0.0899,5e-05,-0.01903,-0.01908,2.267
2026-06-08T08:07:03.416075+00:00Z,gate,mexc,PIPPINUSDT,1.8841,0.0207,0.02109,5e-05,5e-05,0.0,1.8841
2026-06-08T08:07:03.416075+00:00Z,mexc,bybit,ALLOUSDT,1.3522,0.45998,0.4662,-0.000243,-0.000162,8.1e-05,1.3521
2026-06-08T08:07:03.416075+00:00Z,mexc,gate,ALLOUSDT,1.2485,0.45998,0.46572,-0.000243,-0.00087,-0.000627,1.2491
2026-06-08T08:07:03.416075+00:00Z,mexc,gate,LABUSDT,1.2001,13.021,13.17728,0.000273,0.0004,0.000127,1.2
2026-06-08T08:07:03.416075+00:00Z,mexc,bybit,LABUSDT,1.1367,13.021,13.169,0.000273,0.000247,-2.6e-05,1.1367
2026-06-08T08:07:03.416075+00:00Z,mexc,gate,EVAAUSDT,0.7582,0.3561,0.3588,0.000105,0.0001,-5e-06,0.7582
2026-06-08T08:07:03.416075+00:00Z,mexc,bybit,EVAAUSDT,0.5332,0.3561,0.358,0.000105,0.000461,0.000356,0.5328
2026-06-08T08:07:03.416075+00:00Z,gate,bybit,ESPORTSUSDT,0.5071,0.08736,0.0878,0.003485,5e-05,-0.003435,0.5105
2026-06-08T08:07:05.450002+00:00Z,gate,mexc,ESPORTSUSDT,3.2491,0.08709,0.0899,0.003485,-0.01903,-0.022515,3.2716
2026-06-08T08:07:05.450002+00:00Z,bybit,mexc,PIPPINUSDT,2.9283,0.02049,0.02109,5e-05,5e-05,0.0,2.9283
2026-06-08T08:07:05.450002+00:00Z,bybit,mexc,ESPORTSUSDT,2.6798,0.08757,0.0899,5e-05,-0.01903,-0.01908,2.6989
2026-06-08T08:07:05.450002+00:00Z,gate,mexc,PIPPINUSDT,2.3786,0.0206,0.02109,5e-05,5e-05,0.0,2.3786
2026-06-08T08:07:05.450002+00:00Z,mexc,bybit,ALLOUSDT,1.3587,0.45998,0.46623,-0.000243,-0.000162,8.1e-05,1.3586
2026-06-08T08:07:05.450002+00:00Z,mexc,gate,ALLOUSDT,1.2181,0.45998,0.46558,-0.000243,-0.00087,-0.000627,1.2187
2026-06-08T08:07:05.450002+00:00Z,mexc,bybit,LABUSDT,1.1827,13.021,13.175,0.000273,0.000247,-2.6e-05,1.1828
2026-06-08T08:07:05.450002+00:00Z,mexc,gate,LABUSDT,1.1326,13.021,13.16849,0.000273,0.0004,0.000127,1.1325
2026-06-08T08:07:05.450002+00:00Z,mexc,gate,EVAAUSDT,0.7582,0.3561,0.3588,0.000105,0.0001,-5e-06,0.7582
2026-06-08T08:07:05.450002+00:00Z,mexc,bybit,EVAAUSDT,0.5894,0.3561,0.3582,0.000105,0.000461,0.000356,0.589
2026-06-08T08:07:05.450002+00:00Z,gate,bybit,ESPORTSUSDT,0.5316,0.08709,0.08755,0.003485,5e-05,-0.003435,0.5351
2026-06-08T08:07:07.460275+00:00Z,bybit,mexc,PIPPINUSDT,3.3824,0.0204,0.02109,5e-05,5e-05,0.0,3.3824
2026-06-08T08:07:07.460275+00:00Z,gate,mexc,ESPORTSUSDT,3.0008,0.0873,0.0899,0.003485,-0.01903,-0.022515,3.0233
2026-06-08T08:07:07.460275+00:00Z,gate,mexc,PIPPINUSDT,2.878,0.0205,0.02109,5e-05,5e-05,0.0,2.878
2026-06-08T08:07:07.460275+00:00Z,bybit,mexc,ESPORTSUSDT,2.4109,0.0878,0.0899,5e-05,-0.01903,-0.01908,2.43
2026-06-08T08:07:07.460275+00:00Z,mexc,bybit,LABUSDT,1.2058,13.021,13.178,0.000273,0.000247,-2.6e-05,1.2058
2026-06-08T08:07:07.460275+00:00Z,mexc,gate,LABUSDT,1.1173,13.021,13.1665,0.000273,0.0004,0.000127,1.1172
2026-06-08T08:07:07.460275+00:00Z,mexc,bybit,ALLOUSDT,0.9913,0.45998,0.46454,-0.000243,-0.000162,8.1e-05,0.9912
2026-06-08T08:07:07.460275+00:00Z,mexc,gate,ALLOUSDT,0.8941,0.45998,0.46409,-0.000243,-0.00087,-0.000627,0.8948
2026-06-08T08:07:07.460275+00:00Z,gate,bybit,ESPORTSUSDT,0.5304,0.0873,0.08776,0.003485,5e-05,-0.003435,0.5338
2026-06-08T08:07:07.460275+00:00Z,mexc,gate,CUSDT,0.5255,0.09705,0.09756,5e-05,5e-05,0.0,0.5255
2026-06-08T08:07:07.460275+00:00Z,mexc,gate,EVAAUSDT,0.5055,0.3561,0.3579,0.000105,0.0001,-5e-06,0.5055
2026-06-08T08:07:09.484868+00:00Z,bybit,mexc,PIPPINUSDT,3.9428,0.02029,0.02109,5e-05,5e-05,0.0,3.9428
2026-06-08T08:07:09.484868+00:00Z,gate,mexc,PIPPINUSDT,3.3824,0.0204,0.02109,5e-05,5e-05,0.0,3.3824
2026-06-08T08:07:09.484868+00:00Z,gate,mexc,ESPORTSUSDT,2.4143,0.0878,0.0899,0.003485,-0.01903,-0.022515,2.4368
2026-06-08T08:07:09.484868+00:00Z,bybit,mexc,ESPORTSUSDT,1.9003,0.08824,0.0899,5e-05,-0.01903,-0.01908,1.9194
2026-06-08T08:07:09.484868+00:00Z,mexc,bybit,LABUSDT,1.2365,13.021,13.182,0.000273,0.000247,-2.6e-05,1.2365
2026-06-08T08:07:09.484868+00:00Z,mexc,gate,LABUSDT,1.2175,13.021,13.17955,0.000273,0.0004,0.000127,1.2174
2026-06-08T08:07:09.484868+00:00Z,mexc,bybit,ALLOUSDT,0.7695,0.45998,0.46352,-0.000243,-0.000162,8.1e-05,0.7694
2026-06-08T08:07:09.484868+00:00Z,mexc,gate,ALLOUSDT,0.6789,0.45998,0.4631,-0.000243,-0.00087,-0.000627,0.6795
2026-06-08T08:07:09.484868+00:00Z,mexc,gate,EVAAUSDT,0.5616,0.3561,0.3581,0.000105,0.0001,-5e-06,0.5616
2026-06-08T08:07:09.484868+00:00Z,mexc,gate,CUSDT,0.5358,0.09705,0.09757,5e-05,5e-05,0.0,0.5358
2026-06-08T08:07:11.498884+00:00Z,bybit,mexc,PIPPINUSDT,3.5346,0.02037,0.02109,5e-05,5e-05,0.0,3.5346
2026-06-08T08:07:11.498884+00:00Z,gate,mexc,PIPPINUSDT,2.878,0.0205,0.02109,5e-05,5e-05,0.0,2.878
2026-06-08T08:07:11.498884+00:00Z,gate,mexc,ESPORTSUSDT,2.3677,0.08784,0.0899,0.003485,-0.01903,-0.022515,2.3902
2026-06-08T08:07:11.498884+00:00Z,bybit,mexc,ESPORTSUSDT,1.8542,0.08828,0.0899,5e-05,-0.01903,-0.01908,1.8732
2026-06-08T08:07:11.498884+00:00Z,mexc,bybit,LABUSDT,1.2595,13.021,13.185,0.000273,0.000247,-2.6e-05,1.2596
2026-06-08T08:07:11.498884+00:00Z,mexc,gate,LABUSDT,1.2046,13.021,13.17787,0.000273,0.0004,0.000127,1.2045
2026-06-08T08:07:11.498884+00:00Z,mexc,bybit,ALLOUSDT,0.6152,0.45998,0.46281,-0.000243,-0.000162,8.1e-05,0.6151
2026-06-08T08:07:11.498884+00:00Z,mexc,gate,EVAAUSDT,0.5616,0.3561,0.3581,0.000105,0.0001,-5e-06,0.5616
2026-06-08T08:07:11.498884+00:00Z,mexc,gate,CUSDT,0.5358,0.09705,0.09757,5e-05,5e-05,0.0,0.5358
2026-06-08T08:07:11.498884+00:00Z,mexc,gate,ALLOUSDT,0.5354,0.45998,0.46244,-0.000243,-0.00087,-0.000627,0.5361
2026-06-08T08:07:11.498884+00:00Z,mexc,bybit,CUSDT,0.5049,0.09705,0.09754,5e-05,5e-05,0.0,0.5049
2026-06-08T08:07:13.555925+00:00Z,bybit,mexc,PIPPINUSDT,3.2305,0.02043,0.02109,5e-05,5e-05,0.0,3.2305
2026-06-08T08:07:13.555925+00:00Z,gate,mexc,PIPPINUSDT,2.878,0.0205,0.02109,5e-05,5e-05,0.0,2.878
2026-06-08T08:07:13.555925+00:00Z,gate,mexc,ESPORTSUSDT,2.6247,0.08762,0.0899,0.003485,-0.01903,-0.022515,2.6472
2026-06-08T08:07:13.555925+00:00Z,bybit,mexc,ESPORTSUSDT,2.0043,0.08815,0.0899,5e-05,-0.01903,-0.01908,2.0234
2026-06-08T08:07:13.555925+00:00Z,mexc,gate,LABUSDT,1.3327,13.021,13.19455,0.000273,0.0004,0.000127,1.3326
2026-06-08T08:07:13.555925+00:00Z,mexc,bybit,LABUSDT,1.2979,13.021,13.19,0.000273,0.000247,-2.6e-05,1.298
2026-06-08T08:07:13.555925+00:00Z,gate,bybit,ESPORTSUSDT,0.7567,0.08762,0.08828,0.003485,5e-05,-0.003435,0.7601
2026-06-08T08:07:13.555925+00:00Z,mexc,gate,EVAAUSDT,0.5616,0.3561,0.3581,0.000105,0.0001,-5e-06,0.5616
2026-06-08T08:07:13.555925+00:00Z,mexc,gate,CUSDT,0.5358,0.09705,0.09757,5e-05,5e-05,0.0,0.5358
2026-06-08T08:07:15.580115+00:00Z,gate,mexc,ESPORTSUSDT,3.8331,0.0866,0.0899,0.003485,-0.01903,-0.022515,3.8557
2026-06-08T08:07:15.580115+00:00Z,bybit,mexc,PIPPINUSDT,3.6873,0.02034,0.02109,5e-05,5e-05,0.0,3.6873
2026-06-08T08:07:15.580115+00:00Z,bybit,mexc,ESPORTSUSDT,3.2931,0.08705,0.0899,5e-05,-0.01903,-0.01908,3.3121
2026-06-08T08:07:15.580115+00:00Z,gate,mexc,PIPPINUSDT,2.878,0.0205,0.02109,5e-05,5e-05,0.0,2.878
2026-06-08T08:07:15.580115+00:00Z,mexc,bybit,LABUSDT,1.6051,13.021,13.23,0.000273,0.000247,-2.6e-05,1.6052
2026-06-08T08:07:15.580115+00:00Z,mexc,gate,LABUSDT,1.5267,13.021,13.21981,0.000273,0.0004,0.000127,1.5266
2026-06-08T08:07:15.580115+00:00Z,mexc,bybit,ALLOUSDT,0.6652,0.45998,0.46304,-0.000243,-0.000162,8.1e-05,0.6651
2026-06-08T08:07:15.580115+00:00Z,mexc,gate,ALLOUSDT,0.5876,0.45998,0.46268,-0.000243,-0.00087,-0.000627,0.5882
2026-06-08T08:07:15.580115+00:00Z,mexc,gate,EVAAUSDT,0.5616,0.3561,0.3581,0.000105,0.0001,-5e-06,0.5616
2026-06-08T08:07:15.580115+00:00Z,mexc,gate,CUSDT,0.5358,0.09705,0.09757,5e-05,5e-05,0.0,0.5358
2026-06-08T08:07:15.580115+00:00Z,gate,bybit,ESPORTSUSDT,0.5231,0.0866,0.08705,0.003485,5e-05,-0.003435,0.5265
2026-06-08T08:07:17.618833+00:00Z,bybit,mexc,PIPPINUSDT,3.4838,0.02038,0.02109,5e-05,5e-05,0.0,3.4838
2026-06-08T08:07:17.618833+00:00Z,gate,mexc,ESPORTSUSDT,3.178,0.08715,0.0899,0.003485,-0.01903,-0.022515,3.2005
2026-06-08T08:07:17.618833+00:00Z,gate,mexc,PIPPINUSDT,2.878,0.0205,0.02109,5e-05,5e-05,0.0,2.878
2026-06-08T08:07:17.618833+00:00Z,bybit,mexc,ESPORTSUSDT,2.551,0.08768,0.0899,5e-05,-0.01903,-0.01908,2.5701
2026-06-08T08:07:17.618833+00:00Z,mexc,gate,LABUSDT,1.3577,13.021,13.1978,0.000273,0.0004,0.000127,1.3576
2026-06-08T08:07:17.618833+00:00Z,mexc,bybit,LABUSDT,1.3133,13.021,13.192,0.000273,0.000247,-2.6e-05,1.3133
2026-06-08T08:07:17.618833+00:00Z,gate,bybit,ESPORTSUSDT,0.6231,0.08715,0.08769,0.003485,5e-05,-0.003435,0.6265
2026-06-08T08:07:17.618833+00:00Z,mexc,gate,EVAAUSDT,0.5616,0.3561,0.3581,0.000105,0.0001,-5e-06,0.5616
2026-06-08T08:07:17.618833+00:00Z,mexc,gate,CUSDT,0.5358,0.09705,0.09757,5e-05,5e-05,0.0,0.5358
2026-06-08T08:07:19.627575+00:00Z,gate,mexc,ESPORTSUSDT,3.4867,0.08689,0.0899,0.003485,-0.01903,-0.022515,3.5092
2026-06-08T08:07:19.627575+00:00Z,bybit,mexc,ESPORTSUSDT,2.9502,0.08734,0.0899,5e-05,-0.01903,-0.01908,2.9692
2026-06-08T08:07:19.627575+00:00Z,bybit,mexc,PIPPINUSDT,2.8279,0.02051,0.02109,5e-05,5e-05,0.0,2.8279
2026-06-08T08:07:19.627575+00:00Z,gate,mexc,PIPPINUSDT,2.3786,0.0206,0.02109,5e-05,5e-05,0.0,2.3786
2026-06-08T08:07:19.627575+00:00Z,mexc,bybit,LABUSDT,1.4362,13.021,13.208,0.000273,0.000247,-2.6e-05,1.4362
2026-06-08T08:07:19.627575+00:00Z,mexc,gate,LABUSDT,1.3418,13.021,13.19573,0.000273,0.0004,0.000127,1.3417
2026-06-08T08:07:19.627575+00:00Z,mexc,gate,EVAAUSDT,0.5616,0.3561,0.3581,0.000105,0.0001,-5e-06,0.5616
2026-06-08T08:07:19.627575+00:00Z,gate,bybit,ESPORTSUSDT,0.5559,0.08689,0.08737,0.003485,5e-05,-0.003435,0.5593
2026-06-08T08:07:19.627575+00:00Z,mexc,gate,CUSDT,0.5358,0.09705,0.09757,5e-05,5e-05,0.0,0.5358
2026-06-08T08:07:21.649464+00:00Z,gate,mexc,ESPORTSUSDT,3.4034,0.08696,0.0899,0.003485,-0.01903,-0.022515,3.4259
2026-06-08T08:07:21.649464+00:00Z,bybit,mexc,ESPORTSUSDT,2.8913,0.08739,0.0899,5e-05,-0.01903,-0.01908,2.9103
2026-06-08T08:07:21.649464+00:00Z,gate,mexc,PIPPINUSDT,2.3786,0.0206,0.02109,5e-05,5e-05,0.0,2.3786
2026-06-08T08:07:21.649464+00:00Z,bybit,mexc,PIPPINUSDT,1.9826,0.02068,0.02109,5e-05,5e-05,0.0,1.9826
2026-06-08T08:07:21.649464+00:00Z,mexc,bybit,LABUSDT,1.4362,13.021,13.208,0.000273,0.000247,-2.6e-05,1.4362
2026-06-08T08:07:21.649464+00:00Z,mexc,gate,LABUSDT,1.3301,13.021,13.19421,0.000273,0.0004,0.000127,1.33
2026-06-08T08:07:21.649464+00:00Z,mexc,gate,EVAAUSDT,0.5897,0.3561,0.3582,0.000105,0.0001,-5e-06,0.5897
2026-06-08T08:07:23.656120+00:00Z,gate,mexc,ESPORTSUSDT,2.8947,0.08739,0.0899,0.003485,-0.01903,-0.022515,2.9172
2026-06-08T08:07:23.656120+00:00Z,bybit,mexc,PIPPINUSDT,2.8279,0.02051,0.02109,5e-05,5e-05,0.0,2.8279
2026-06-08T08:07:23.656120+00:00Z,bybit,mexc,ESPORTSUSDT,2.4109,0.0878,0.0899,5e-05,-0.01903,-0.01908,2.43
2026-06-08T08:07:23.656120+00:00Z,gate,mexc,PIPPINUSDT,2.3786,0.0206,0.02109,5e-05,5e-05,0.0,2.3786
2026-06-08T08:07:23.656120+00:00Z,mexc,gate,LABUSDT,1.3685,13.021,13.19921,0.000273,0.0004,0.000127,1.3684
2026-06-08T08:07:23.656120+00:00Z,mexc,bybit,LABUSDT,1.3133,13.021,13.192,0.000273,0.000247,-2.6e-05,1.3133
2026-06-08T08:07:23.656120+00:00Z,mexc,gate,EVAAUSDT,0.5897,0.3561,0.3582,0.000105,0.0001,-5e-06,0.5897
2026-06-08T08:07:23.656120+00:00Z,mexc,gate,CUSDT,0.5358,0.09705,0.09757,5e-05,5e-05,0.0,0.5358
2026-06-08T08:07:25.664539+00:00Z,gate,mexc,PIPPINUSDT,2.878,0.0205,0.02109,5e-05,5e-05,0.0,2.878
2026-06-08T08:07:25.664539+00:00Z,gate,mexc,ESPORTSUSDT,2.8359,0.08744,0.0899,0.003485,-0.01903,-0.022515,2.8584
2026-06-08T08:07:25.664539+00:00Z,bybit,mexc,PIPPINUSDT,2.8279,0.02051,0.02109,5e-05,5e-05,0.0,2.8279
2026-06-08T08:07:25.664539+00:00Z,bybit,mexc,ESPORTSUSDT,2.341,0.08786,0.0899,5e-05,-0.01903,-0.01908,2.36
2026-06-08T08:07:25.664539+00:00Z,mexc,bybit,LABUSDT,1.4131,13.021,13.205,0.000273,0.000247,-2.6e-05,1.4132
2026-06-08T08:07:25.664539+00:00Z,mexc,gate,LABUSDT,1.3766,13.021,13.20027,0.000273,0.0004,0.000127,1.3765
2026-06-08T08:07:25.664539+00:00Z,mexc,gate,EVAAUSDT,0.5897,0.3561,0.3582,0.000105,0.0001,-5e-06,0.5897
2026-06-08T08:07:25.664539+00:00Z,gate,bybit,ESPORTSUSDT,0.5295,0.08744,0.0879,0.003485,5e-05,-0.003435,0.5329
2026-06-08T08:07:27.684485+00:00Z,bybit,mexc,PIPPINUSDT,3.2305,0.02043,0.02109,5e-05,5e-05,0.0,3.2305
2026-06-08T08:07:27.684485+00:00Z,gate,mexc,ESPORTSUSDT,2.6715,0.08758,0.0899,0.003485,-0.01903,-0.022515,2.694
2026-06-08T08:07:27.684485+00:00Z,gate,mexc,PIPPINUSDT,2.3786,0.0206,0.02109,5e-05,5e-05,0.0,2.3786
2026-06-08T08:07:27.684485+00:00Z,bybit,mexc,ESPORTSUSDT,2.0275,0.08813,0.0899,5e-05,-0.01903,-0.01908,2.0466
2026-06-08T08:07:27.684485+00:00Z,mexc,bybit,LABUSDT,1.4592,13.021,13.211,0.000273,0.000247,-2.6e-05,1.4592
2026-06-08T08:07:27.684485+00:00Z,mexc,gate,LABUSDT,1.3518,13.021,13.19704,0.000273,0.0004,0.000127,1.3517
2026-06-08T08:07:27.684485+00:00Z,gate,bybit,ESPORTSUSDT,0.6657,0.08758,0.08816,0.003485,5e-05,-0.003435,0.6691
2026-06-08T08:07:27.684485+00:00Z,mexc,gate,EVAAUSDT,0.5897,0.3561,0.3582,0.000105,0.0001,-5e-06,0.5897
2026-06-08T08:07:29.716849+00:00Z,bybit,mexc,PIPPINUSDT,3.0288,0.02047,0.02109,5e-05,5e-05,0.0,3.0288
2026-06-08T08:07:29.716849+00:00Z,gate,mexc,ESPORTSUSDT,2.6598,0.08759,0.0899,0.003485,-0.01903,-0.022515,2.6823
2026-06-08T08:07:29.716849+00:00Z,gate,mexc,PIPPINUSDT,2.3786,0.0206,0.02109,5e-05,5e-05,0.0,2.3786
2026-06-08T08:07:29.716849+00:00Z,bybit,mexc,ESPORTSUSDT,2.1202,0.08805,0.0899,5e-05,-0.01903,-0.01908,2.1392
2026-06-08T08:07:29.716849+00:00Z,mexc,gate,LABUSDT,1.3771,13.021,13.20033,0.000273,0.0004,0.000127,1.377
2026-06-08T08:07:29.716849+00:00Z,mexc,bybit,LABUSDT,1.3747,13.021,13.2,0.000273,0.000247,-2.6e-05,1.3748
2026-06-08T08:07:29.716849+00:00Z,mexc,gate,EVAAUSDT,0.5897,0.3561,0.3582,0.000105,0.0001,-5e-06,0.5897
2026-06-08T08:07:29.716849+00:00Z,gate,bybit,ESPORTSUSDT,0.5172,0.08759,0.08804,0.003485,5e-05,-0.003435,0.5206
2026-06-08T08:07:31.737096+00:00Z,bybit,mexc,PIPPINUSDT,3.18,0.02044,0.02109,5e-05,5e-05,0.0,3.18
2026-06-08T08:07:31.737096+00:00Z,gate,mexc,PIPPINUSDT,2.3786,0.0206,0.02109,5e-05,5e-05,0.0,2.3786
2026-06-08T08:07:31.737096+00:00Z,gate,mexc,ESPORTSUSDT,1.6848,0.08843,0.0899,0.003485,-0.01903,-0.022515,1.7074
2026-06-08T08:07:31.737096+00:00Z,mexc,bybit,LABUSDT,1.3978,13.021,13.203,0.000273,0.000247,-2.6e-05,1.3978
2026-06-08T08:07:31.737096+00:00Z,mexc,gate,LABUSDT,1.3782,13.021,13.20047,0.000273,0.0004,0.000127,1.3781
2026-06-08T08:07:31.737096+00:00Z,bybit,mexc,ESPORTSUSDT,0.9736,0.08905,0.0899,5e-05,-0.01903,-0.01908,0.9927
2026-06-08T08:07:31.737096+00:00Z,mexc,gate,EVAAUSDT,0.5897,0.3561,0.3582,0.000105,0.0001,-5e-06,0.5897
2026-06-08T08:07:31.737096+00:00Z,gate,bybit,ESPORTSUSDT,0.5349,0.08843,0.0889,0.003485,5e-05,-0.003435,0.5384
2026-06-08T08:07:33.784506+00:00Z,bybit,mexc,PIPPINUSDT,3.0288,0.02047,0.02109,5e-05,5e-05,0.0,3.0288
2026-06-08T08:07:33.784506+00:00Z,gate,mexc,PIPPINUSDT,2.878,0.0205,0.02109,5e-05,5e-05,0.0,2.878
2026-06-08T08:07:33.784506+00:00Z,mexc,bybit,LABUSDT,1.4054,13.021,13.204,0.000273,0.000247,-2.6e-05,1.4055
2026-06-08T08:07:33.784506+00:00Z,mexc,gate,LABUSDT,1.3708,13.021,13.19949,0.000273,0.000237,-3.6e-05,1.3709
2026-06-08T08:07:33.784506+00:00Z,gate,mexc,ESPORTSUSDT,0.9771,0.08905,0.0899,0.003512,-0.01903,-0.022542,0.9996
2026-06-08T08:07:33.784506+00:00Z,gate,bybit,ESPORTSUSDT,0.6885,0.08905,0.08966,0.003512,5e-05,-0.003462,0.6919
2026-06-08T08:07:33.784506+00:00Z,mexc,gate,EVAAUSDT,0.5897,0.3561,0.3582,0.000105,0.0001,-5e-06,0.5897
2026-06-08T08:07:35.828312+00:00Z,gate,mexc,PIPPINUSDT,2.878,0.0205,0.02109,5e-05,5e-05,0.0,2.878
2026-06-08T08:07:35.828312+00:00Z,bybit,mexc,PIPPINUSDT,2.8279,0.02051,0.02109,5e-05,5e-05,0.0,2.8279
2026-06-08T08:07:35.828312+00:00Z,mexc,bybit,LABUSDT,1.4515,13.021,13.21,0.000273,0.000247,-2.6e-05,1.4516
2026-06-08T08:07:35.828312+00:00Z,mexc,gate,LABUSDT,1.3707,13.021,13.19947,0.000273,0.000237,-3.6e-05,1.3707
2026-06-08T08:07:35.828312+00:00Z,gate,mexc,ESPORTSUSDT,1.1019,0.08894,0.0899,0.003512,-0.01903,-0.022542,1.1245
2026-06-08T08:07:35.828312+00:00Z,mexc,gate,EVAAUSDT,0.5897,0.3561,0.3582,0.000105,0.0001,-5e-06,0.5897
2026-06-08T08:07:37.836402+00:00Z,bybit,mexc,PIPPINUSDT,3.0288,0.02047,0.02109,5e-05,5e-05,0.0,3.0288
2026-06-08T08:07:37.836402+00:00Z,gate,mexc,PIPPINUSDT,2.3786,0.0206,0.02109,5e-05,5e-05,0.0,2.3786
2026-06-08T08:07:37.836402+00:00Z,gate,mexc,ESPORTSUSDT,1.5013,0.08859,0.0899,0.003512,-0.01903,-0.022542,1.5238
2026-06-08T08:07:37.836402+00:00Z,mexc,bybit,LABUSDT,1.4515,13.021,13.21,0.000273,0.000247,-2.6e-05,1.4516
2026-06-08T08:07:37.836402+00:00Z,mexc,gate,LABUSDT,1.3707,13.021,13.19947,0.000273,0.000237,-3.6e-05,1.3707
2026-06-08T08:07:37.836402+00:00Z,bybit,mexc,ESPORTSUSDT,0.6684,0.08932,0.0899,5e-05,-0.01903,-0.01908,0.6875
2026-06-08T08:07:37.836402+00:00Z,mexc,gate,EVAAUSDT,0.5897,0.3561,0.3582,0.000105,0.0001,-5e-06,0.5897
2026-06-08T08:07:39.856986+00:00Z,bybit,mexc,PIPPINUSDT,3.0288,0.02047,0.02109,5e-05,5e-05,0.0,3.0288
2026-06-08T08:07:39.856986+00:00Z,gate,mexc,PIPPINUSDT,2.3786,0.0206,0.02109,5e-05,5e-05,0.0,2.3786
2026-06-08T08:07:39.856986+00:00Z,gate,mexc,ESPORTSUSDT,1.57,0.08853,0.0899,0.003512,-0.01903,-0.022542,1.5926
2026-06-08T08:07:39.856986+00:00Z,mexc,bybit,LABUSDT,1.4285,13.021,13.207,0.000273,0.000247,-2.6e-05,1.4285
2026-06-08T08:07:39.856986+00:00Z,mexc,gate,LABUSDT,1.3466,13.021,13.19633,0.000273,0.000237,-3.6e-05,1.3466
2026-06-08T08:07:39.856986+00:00Z,bybit,mexc,ESPORTSUSDT,1.2692,0.08879,0.0899,5e-05,-0.01903,-0.01908,1.2883
2026-06-08T08:07:39.856986+00:00Z,mexc,gate,EVAAUSDT,0.5616,0.3561,0.3581,0.000105,0.0001,-5e-06,0.5616
2026-06-08T08:07:39.856986+00:00Z,mexc,bybit,EVAAUSDT,0.5329,0.3561,0.358,0.000105,0.000757,0.000652,0.5323
2026-06-08T08:07:41.876724+00:00Z,bybit,mexc,PIPPINUSDT,2.4781,0.02058,0.02109,5e-05,5e-05,0.0,2.4781
2026-06-08T08:07:41.876724+00:00Z,gate,mexc,PIPPINUSDT,2.3786,0.0206,0.02109,5e-05,5e-05,0.0,2.3786
2026-06-08T08:07:41.876724+00:00Z,gate,mexc,ESPORTSUSDT,1.6849,0.08843,0.0899,0.003512,-0.01903,-0.022542,1.7074
2026-06-08T08:07:41.876724+00:00Z,mexc,gate,LABUSDT,1.362,13.021,13.19834,0.000273,0.000237,-3.6e-05,1.362
2026-06-08T08:07:41.876724+00:00Z,mexc,bybit,LABUSDT,1.1751,13.021,13.174,0.000273,0.000247,-2.6e-05,1.1751
2026-06-08T08:07:41.876724+00:00Z,bybit,mexc,ESPORTSUSDT,1.0303,0.089,0.0899,5e-05,-0.01903,-0.01908,1.0494
2026-06-08T08:07:41.876724+00:00Z,mexc,gate,EVAAUSDT,0.5616,0.3561,0.3581,0.000105,0.0001,-5e-06,0.5616
2026-06-08T08:07:41.876724+00:00Z,mexc,bybit,EVAAUSDT,0.5329,0.3561,0.358,0.000105,0.000757,0.000652,0.5323
2026-06-08T08:07:43.919213+00:00Z,bybit,mexc,PIPPINUSDT,2.4781,0.02058,0.02109,5e-05,5e-05,0.0,2.4781
2026-06-08T08:07:43.919213+00:00Z,gate,mexc,PIPPINUSDT,2.3786,0.0206,0.02109,5e-05,5e-05,0.0,2.3786
2026-06-08T08:07:43.919213+00:00Z,gate,mexc,ESPORTSUSDT,1.8115,0.08832,0.0899,0.003512,-0.01903,-0.022542,1.834
2026-06-08T08:07:43.919213+00:00Z,mexc,bybit,LABUSDT,1.4285,13.021,13.207,0.000273,0.000247,-2.6e-05,1.4285
2026-06-08T08:07:43.919213+00:00Z,mexc,gate,LABUSDT,1.3466,13.021,13.19634,0.000273,0.000237,-3.6e-05,1.3467
2026-06-08T08:07:43.919213+00:00Z,bybit,mexc,ESPORTSUSDT,1.2122,0.08884,0.0899,5e-05,-0.01903,-0.01908,1.2313
2026-06-08T08:07:43.919213+00:00Z,mexc,gate,EVAAUSDT,0.5897,0.3561,0.3582,0.000105,0.0001,-5e-06,0.5897
2026-06-08T08:07:43.919213+00:00Z,mexc,bybit,EVAAUSDT,0.561,0.3561,0.3581,0.000105,0.000757,0.000652,0.5603
2026-06-08T08:07:45.986024+00:00Z,bybit,mexc,PIPPINUSDT,3.4331,0.02039,0.02109,5e-05,5e-05,0.0,3.4331
2026-06-08T08:07:45.986024+00:00Z,gate,mexc,PIPPINUSDT,2.878,0.0205,0.02109,5e-05,5e-05,0.0,2.878
2026-06-08T08:07:45.986024+00:00Z,gate,mexc,ESPORTSUSDT,2.5545,0.08768,0.0899,0.003512,-0.01903,-0.022542,2.577
2026-06-08T08:07:45.986024+00:00Z,bybit,mexc,ESPORTSUSDT,1.935,0.08821,0.0899,5e-05,-0.01903,-0.01908,1.954
2026-06-08T08:07:45.986024+00:00Z,mexc,gate,LABUSDT,1.3839,13.021,13.20119,0.000273,0.000237,-3.6e-05,1.3839
2026-06-08T08:07:45.986024+00:00Z,mexc,bybit,LABUSDT,1.321,13.021,13.193,0.000273,0.000247,-2.6e-05,1.321
2026-06-08T08:07:45.986024+00:00Z,gate,bybit,ESPORTSUSDT,0.5965,0.08768,0.0882,0.003512,5e-05,-0.003462,0.6
2026-06-08T08:07:48.018529+00:00Z,bybit,mexc,PIPPINUSDT,3.4331,0.02039,0.02109,5e-05,5e-05,0.0,3.4331
2026-06-08T08:07:48.018529+00:00Z,gate,mexc,PIPPINUSDT,2.878,0.0205,0.02109,5e-05,5e-05,0.0,2.878
2026-06-08T08:07:48.018529+00:00Z,gate,mexc,ESPORTSUSDT,2.8359,0.08744,0.0899,0.003512,-0.01903,-0.022542,2.8584
2026-06-08T08:07:48.018529+00:00Z,bybit,mexc,ESPORTSUSDT,2.0391,0.08812,0.0899,5e-05,-0.01903,-0.01908,2.0581
2026-06-08T08:07:48.018529+00:00Z,mexc,bybit,LABUSDT,1.4208,13.021,13.206,0.000273,0.000247,-2.6e-05,1.4208
2026-06-08T08:07:48.018529+00:00Z,mexc,gate,LABUSDT,1.3902,13.021,13.20201,0.000273,0.000237,-3.6e-05,1.3902
2026-06-08T08:07:48.018529+00:00Z,gate,bybit,ESPORTSUSDT,0.5067,0.08744,0.08788,0.003512,5e-05,-0.003462,0.5101
2026-06-08T08:07:50.038694+00:00Z,gate,mexc,ESPORTSUSDT,3.5463,0.08684,0.0899,0.003512,-0.01903,-0.022542,3.5688
2026-06-08T08:07:50.038694+00:00Z,bybit,mexc,PIPPINUSDT,3.3824,0.0204,0.02109,5e-05,5e-05,0.0,3.3824
2026-06-08T08:07:50.038694+00:00Z,bybit,mexc,ESPORTSUSDT,3.0445,0.08726,0.0899,5e-05,-0.01903,-0.01908,3.0636
2026-06-08T08:07:50.038694+00:00Z,gate,mexc,PIPPINUSDT,2.878,0.0205,0.02109,5e-05,5e-05,0.0,2.878
2026-06-08T08:07:50.038694+00:00Z,mexc,bybit,LABUSDT,1.4362,13.021,13.208,0.000273,0.000247,-2.6e-05,1.4362
2026-06-08T08:07:50.038694+00:00Z,mexc,gate,LABUSDT,1.4204,13.021,13.20594,0.000273,0.000237,-3.6e-05,1.4204
2026-06-08T08:07:50.038694+00:00Z,mexc,gate,EVAAUSDT,0.5897,0.3561,0.3582,0.000105,0.0001,-5e-06,0.5897
2026-06-08T08:07:50.038694+00:00Z,gate,bybit,ESPORTSUSDT,0.5101,0.08684,0.08728,0.003512,5e-05,-0.003462,0.5136
2026-06-08T08:07:52.071940+00:00Z,gate,mexc,ESPORTSUSDT,3.9412,0.08651,0.0899,0.003512,-0.01903,-0.022542,3.9637
2026-06-08T08:07:52.071940+00:00Z,bybit,mexc,ESPORTSUSDT,3.2338,0.0871,0.0899,5e-05,-0.01903,-0.01908,3.2529
2026-06-08T08:07:52.071940+00:00Z,bybit,mexc,PIPPINUSDT,3.18,0.02044,0.02109,5e-05,5e-05,0.0,3.18
2026-06-08T08:07:52.071940+00:00Z,gate,mexc,PIPPINUSDT,2.878,0.0205,0.02109,5e-05,5e-05,0.0,2.878
2026-06-08T08:07:52.071940+00:00Z,mexc,bybit,LABUSDT,1.4746,13.021,13.213,0.000273,0.000247,-2.6e-05,1.4746
2026-06-08T08:07:52.071940+00:00Z,mexc,gate,LABUSDT,1.3986,13.021,13.20311,0.000273,0.000237,-3.6e-05,1.3987
2026-06-08T08:07:52.071940+00:00Z,gate,bybit,ESPORTSUSDT,0.6855,0.08651,0.0871,0.003512,5e-05,-0.003462,0.6889
2026-06-08T08:07:54.103175+00:00Z,gate,mexc,ESPORTSUSDT,4.0013,0.08646,0.0899,0.003512,-0.01903,-0.022542,4.0238
2026-06-08T08:07:54.103175+00:00Z,bybit,mexc,ESPORTSUSDT,3.2338,0.0871,0.0899,5e-05,-0.01903,-0.01908,3.2529
2026-06-08T08:07:54.103175+00:00Z,bybit,mexc,PIPPINUSDT,2.7277,0.02053,0.02109,5e-05,5e-05,0.0,2.7277
2026-06-08T08:07:54.103175+00:00Z,gate,mexc,PIPPINUSDT,2.3786,0.0206,0.02109,5e-05,5e-05,0.0,2.3786
2026-06-08T08:07:54.103175+00:00Z,mexc,bybit,LABUSDT,1.4746,13.021,13.213,0.000273,0.000247,-2.6e-05,1.4746
2026-06-08T08:07:54.103175+00:00Z,mexc,gate,LABUSDT,1.3986,13.021,13.20311,0.000273,0.000237,-3.6e-05,1.3987
2026-06-08T08:07:54.103175+00:00Z,gate,bybit,ESPORTSUSDT,0.6396,0.08646,0.08701,0.003512,5e-05,-0.003462,0.6431
2026-06-08T08:07:56.122306+00:00Z,gate,mexc,ESPORTSUSDT,4.0374,0.08643,0.0899,0.003512,-0.01903,-0.022542,4.0599
2026-06-08T08:07:56.122306+00:00Z,bybit,mexc,PIPPINUSDT,3.5855,0.02036,0.02109,5e-05,5e-05,0.0,3.5855
2026-06-08T08:07:56.122306+00:00Z,bybit,mexc,ESPORTSUSDT,3.3881,0.08697,0.0899,5e-05,-0.01903,-0.01908,3.4071
2026-06-08T08:07:56.122306+00:00Z,gate,mexc,PIPPINUSDT,2.878,0.0205,0.02109,5e-05,5e-05,0.0,2.878
2026-06-08T08:07:56.122306+00:00Z,mexc,bybit,LABUSDT,1.3978,13.021,13.203,0.000273,0.000247,-2.6e-05,1.3978
2026-06-08T08:07:56.122306+00:00Z,mexc,gate,LABUSDT,1.3449,13.021,13.19612,0.000273,0.000237,-3.6e-05,1.345
2026-06-08T08:07:56.122306+00:00Z,gate,bybit,ESPORTSUSDT,0.582,0.08643,0.08693,0.003512,5e-05,-0.003462,0.5854
2026-06-08T08:07:58.160524+00:00Z,gate,mexc,ESPORTSUSDT,4.0374,0.08643,0.0899,0.003512,-0.01903,-0.022542,4.0599
2026-06-08T08:07:58.160524+00:00Z,bybit,mexc,PIPPINUSDT,3.4838,0.02038,0.02109,5e-05,5e-05,0.0,3.4838
2026-06-08T08:07:58.160524+00:00Z,bybit,mexc,ESPORTSUSDT,3.2219,0.08711,0.0899,5e-05,-0.01903,-0.01908,3.241
2026-06-08T08:07:58.160524+00:00Z,gate,mexc,PIPPINUSDT,2.878,0.0205,0.02109,5e-05,5e-05,0.0,2.878
2026-06-08T08:07:58.160524+00:00Z,mexc,bybit,LABUSDT,1.4822,13.021,13.214,0.000273,0.000247,-2.6e-05,1.4823
2026-06-08T08:07:58.160524+00:00Z,mexc,gate,LABUSDT,1.4151,13.021,13.20526,0.000273,0.000237,-3.6e-05,1.4152
2026-06-08T08:07:58.160524+00:00Z,gate,bybit,ESPORTSUSDT,0.5241,0.08643,0.08688,0.003512,5e-05,-0.003462,0.5276
2026-06-08T08:08:00.185383+00:00Z,gate,mexc,ESPORTSUSDT,4.1096,0.08637,0.0899,0.003512,-0.01903,-0.022542,4.1322
2026-06-08T08:08:00.185383+00:00Z,bybit,mexc,ESPORTSUSDT,3.71,0.0867,0.0899,5e-05,-0.01903,-0.01908,3.729
2026-06-08T08:08:00.185383+00:00Z,gate,mexc,PIPPINUSDT,3.3824,0.0204,0.02109,5e-05,5e-05,0.0,3.3824
2026-06-08T08:08:00.185383+00:00Z,bybit,mexc,PIPPINUSDT,3.3317,0.02041,0.02109,5e-05,5e-05,0.0,3.3317
2026-06-08T08:08:00.185383+00:00Z,mexc,bybit,LABUSDT,1.4669,13.021,13.212,0.000273,0.000247,-2.6e-05,1.4669
2026-06-08T08:08:00.185383+00:00Z,mexc,gate,LABUSDT,1.4151,13.021,13.20526,0.000273,0.000237,-3.6e-05,1.4152
2026-06-08T08:08:02.205634+00:00Z,gate,mexc,ESPORTSUSDT,4.5453,0.08601,0.0899,0.003512,-0.01903,-0.022542,4.5678
2026-06-08T08:08:02.205634+00:00Z,bybit,mexc,ESPORTSUSDT,4.1544,0.08633,0.0899,5e-05,-0.01903,-0.01908,4.1735
2026-06-08T08:08:02.205634+00:00Z,bybit,mexc,PIPPINUSDT,3.6364,0.02035,0.02109,5e-05,5e-05,0.0,3.6364
2026-06-08T08:08:02.205634+00:00Z,gate,mexc,PIPPINUSDT,3.3824,0.0204,0.02109,5e-05,5e-05,0.0,3.3824
2026-06-08T08:08:02.205634+00:00Z,mexc,gate,LABUSDT,1.4631,13.021,13.2115,0.000273,0.000237,-3.6e-05,1.4631
2026-06-08T08:08:02.205634+00:00Z,mexc,bybit,LABUSDT,1.4053,13.021,13.204,0.000273,0.000382,0.000109,1.4052
2026-06-08T08:08:04.224666+00:00Z,gate,mexc,ESPORTSUSDT,4.8744,0.08574,0.0899,0.003512,-0.01903,-0.022542,4.897
2026-06-08T08:08:04.224666+00:00Z,bybit,mexc,ESPORTSUSDT,4.5904,0.08597,0.0899,5e-05,-0.01903,-0.01908,4.6095
2026-06-08T08:08:04.224666+00:00Z,bybit,mexc,PIPPINUSDT,3.5855,0.02036,0.02109,5e-05,5e-05,0.0,3.5855
2026-06-08T08:08:04.224666+00:00Z,gate,mexc,PIPPINUSDT,2.878,0.0205,0.02109,5e-05,5e-05,0.0,2.878
2026-06-08T08:08:04.224666+00:00Z,mexc,bybit,LABUSDT,1.4437,13.021,13.209,0.000273,0.000382,0.000109,1.4436
2026-06-08T08:08:04.224666+00:00Z,mexc,gate,LABUSDT,1.3939,13.021,13.2025,0.000273,0.000237,-3.6e-05,1.394
2026-06-08T08:08:06.244375+00:00Z,gate,mexc,ESPORTSUSDT,4.9969,0.08564,0.0899,0.003512,-0.01903,-0.022542,5.0194
2026-06-08T08:08:06.244375+00:00Z,bybit,mexc,ESPORTSUSDT,4.6026,0.08596,0.0899,5e-05,-0.01903,-0.01908,4.6217
2026-06-08T08:08:06.244375+00:00Z,bybit,mexc,PIPPINUSDT,3.18,0.02044,0.02109,5e-05,5e-05,0.0,3.18
2026-06-08T08:08:06.244375+00:00Z,gate,mexc,PIPPINUSDT,2.878,0.0205,0.02109,5e-05,5e-05,0.0,2.878
2026-06-08T08:08:06.244375+00:00Z,mexc,bybit,LABUSDT,1.4207,13.021,13.206,0.000273,0.000382,0.000109,1.4206
2026-06-08T08:08:06.244375+00:00Z,mexc,gate,LABUSDT,1.29,13.021,13.18896,0.000273,0.000237,-3.6e-05,1.29
2026-06-08T08:08:08.265037+00:00Z,gate,mexc,ESPORTSUSDT,4.9111,0.08571,0.0899,0.003512,-0.01903,-0.022542,4.9337
2026-06-08T08:08:08.265037+00:00Z,bybit,mexc,ESPORTSUSDT,4.5297,0.08602,0.0899,5e-05,-0.01903,-0.01908,4.5487
2026-06-08T08:08:08.265037+00:00Z,bybit,mexc,PIPPINUSDT,3.4838,0.02038,0.02109,5e-05,5e-05,0.0,3.4838
2026-06-08T08:08:08.265037+00:00Z,gate,mexc,PIPPINUSDT,2.878,0.0205,0.02109,5e-05,5e-05,0.0,2.878
2026-06-08T08:08:08.265037+00:00Z,mexc,gate,LABUSDT,1.3929,13.021,13.20237,0.000273,0.000237,-3.6e-05,1.393
2026-06-08T08:08:08.265037+00:00Z,mexc,bybit,LABUSDT,1.3669,13.021,13.199,0.000273,0.000382,0.000109,1.3668
2026-06-08T08:08:10.285100+00:00Z,mexc,bybit,LABUSDT,1.6587,13.021,13.237,0.000273,0.000382,0.000109,1.6586
2026-06-08T08:08:10.285100+00:00Z,mexc,gate,LABUSDT,1.5997,13.021,13.22929,0.000273,0.000237,-3.6e-05,1.5997
2026-06-08T08:08:12.316925+00:00Z,gate,mexc,ESPORTSUSDT,0.5128,0.08567,0.08609,0.003512,-0.01903,-0.022542,0.5353
2026-06-08T08:08:24.338577+00:00Z,gate,bybit,ESPORTSUSDT,0.6347,0.08396,0.08449,0.003512,5e-05,-0.003462,0.6382
2026-06-08T08:08:30.349323+00:00Z,gate,bybit,ESPORTSUSDT,0.527,0.08404,0.08448,0.003512,5e-05,-0.003462,0.5305
2026-06-08T08:08:32.365904+00:00Z,gate,bybit,ESPORTSUSDT,0.5984,0.08404,0.08454,0.003512,5e-05,-0.003462,0.6019
2026-06-08T08:08:32.365904+00:00Z,gate,mexc,ESPORTSUSDT,0.5818,0.08404,0.08451,0.003512,-0.01903,-0.022542,0.6043
2026-06-08T08:08:34.381749+00:00Z,gate,bybit,ESPORTSUSDT,0.6318,0.08433,0.08486,0.003332,5e-05,-0.003282,0.635
2026-06-08T08:08:36.393165+00:00Z,gate,bybit,ESPORTSUSDT,0.5604,0.08437,0.08484,0.003332,5e-05,-0.003282,0.5636
2026-06-08T08:08:36.393165+00:00Z,gate,mexc,ESPORTSUSDT,0.5202,0.08437,0.08479,0.003332,-0.01903,-0.022362,0.5425
2026-06-08T08:08:40.420276+00:00Z,gate,bybit,ESPORTSUSDT,0.5372,0.08428,0.08473,0.003332,5e-05,-0.003282,0.5405
2026-06-08T08:08:44.435918+00:00Z,gate,bybit,ESPORTSUSDT,0.5958,0.08438,0.08488,0.003332,5e-05,-0.003282,0.5991
2026-06-08T08:08:44.435918+00:00Z,gate,mexc,ESPORTSUSDT,0.5083,0.08438,0.08479,0.003332,-0.01903,-0.022362,0.5306
2026-06-08T08:08:46.456384+00:00Z,gate,mexc,ESPORTSUSDT,0.5218,0.08409,0.08451,0.003332,-0.01903,-0.022362,0.5442
2026-06-08T08:08:46.456384+00:00Z,gate,bybit,ESPORTSUSDT,0.5027,0.08409,0.08451,0.003332,5e-05,-0.003282,0.506
2026-06-08T08:08:48.459202+00:00Z,gate,bybit,ESPORTSUSDT,0.5271,0.084,0.08444,0.003332,5e-05,-0.003282,0.5304
2026-06-08T08:08:50.477107+00:00Z,gate,mexc,ESPORTSUSDT,0.5936,0.08403,0.08451,0.003332,-0.01903,-0.022362,0.6159
2026-06-08T08:08:52.493779+00:00Z,gate,bybit,ESPORTSUSDT,0.551,0.08399,0.08445,0.003332,5e-05,-0.003282,0.5542
2026-06-08T08:08:56.511216+00:00Z,gate,bybit,ESPORTSUSDT,0.5045,0.0838,0.08422,0.003332,5e-05,-0.003282,0.5078
2026-06-08T08:08:58.525771+00:00Z,gate,bybit,ESPORTSUSDT,0.6122,0.08375,0.08426,0.003332,5e-05,-0.003282,0.6155
2026-06-08T08:08:58.525771+00:00Z,gate,mexc,ESPORTSUSDT,0.5358,0.08375,0.08418,0.003332,-0.01903,-0.022362,0.5582
2026-06-08T08:09:04.694068+00:00Z,gate,mexc,ESPORTSUSDT,0.6149,0.08429,0.08479,0.003332,-0.018366,-0.021698,0.6366
2026-06-08T08:09:08.711501+00:00Z,gate,mexc,ESPORTSUSDT,0.5211,0.0841,0.08452,0.003332,-0.018366,-0.021698,0.5428
2026-06-08T08:09:10.727273+00:00Z,gate,mexc,ESPORTSUSDT,0.7222,0.08422,0.08481,0.003332,-0.018366,-0.021698,0.7439
2026-06-08T08:09:12.730098+00:00Z,gate,mexc,ESPORTSUSDT,0.6049,0.08402,0.08451,0.003332,-0.018366,-0.021698,0.6266
2026-06-08T08:09:14.747797+00:00Z,gate,bybit,ESPORTSUSDT,0.6253,0.0836,0.08412,0.003332,5e-05,-0.003282,0.6286
2026-06-08T08:09:18.765302+00:00Z,gate,mexc,ESPORTSUSDT,0.5573,0.08401,0.08446,0.003332,-0.018366,-0.021698,0.579
2026-06-08T08:09:22.785414+00:00Z,mexc,bybit,ESPORTSUSDT,1.0202,0.08473,0.08561,-0.018366,5e-05,0.018416,1.0018
2026-06-08T08:09:22.785414+00:00Z,gate,bybit,ESPORTSUSDT,0.5435,0.08515,0.08561,0.003332,5e-05,-0.003282,0.5468
2026-06-08T08:09:24.816659+00:00Z,mexc,bybit,ESPORTSUSDT,1.5277,0.08473,0.08604,-0.018366,5e-05,0.018416,1.5093
2026-06-08T08:09:24.816659+00:00Z,mexc,gate,ESPORTSUSDT,0.8753,0.08473,0.08549,-0.018366,0.003332,0.021698,0.8536
2026-06-08T08:09:26.834467+00:00Z,mexc,bybit,ESPORTSUSDT,1.4569,0.08473,0.08598,-0.018366,5e-05,0.018416,1.4384
2026-06-08T08:09:26.834467+00:00Z,mexc,gate,ESPORTSUSDT,1.1467,0.08473,0.08572,-0.018366,0.003332,0.021698,1.125
2026-06-08T08:09:28.857140+00:00Z,mexc,bybit,ESPORTSUSDT,1.4569,0.08473,0.08598,-0.018366,5e-05,0.018416,1.4384
2026-06-08T08:09:28.857140+00:00Z,mexc,gate,ESPORTSUSDT,0.6746,0.08473,0.08532,-0.018366,0.003332,0.021698,0.6529
2026-06-08T08:09:30.897076+00:00Z,mexc,bybit,ESPORTSUSDT,0.9022,0.08473,0.08551,-0.018366,5e-05,0.018416,0.8837
2026-06-08T08:09:32.911802+00:00Z,mexc,bybit,ESPORTSUSDT,1.386,0.08473,0.08592,-0.018366,5e-05,0.018416,1.3676
2026-06-08T08:09:32.911802+00:00Z,mexc,gate,ESPORTSUSDT,1.2647,0.08473,0.08582,-0.018366,0.003332,0.021698,1.243
2026-06-08T08:09:34.930774+00:00Z,mexc,bybit,ESPORTSUSDT,1.7519,0.08473,0.08623,-0.018366,5e-05,0.018416,1.7335
2026-06-08T08:09:34.930774+00:00Z,mexc,gate,ESPORTSUSDT,1.2409,0.08473,0.0858,-0.018366,0.003524,0.02189,1.2191
2026-06-08T08:09:36.947882+00:00Z,mexc,bybit,ESPORTSUSDT,2.3066,0.08473,0.0867,-0.018366,5e-05,0.018416,2.2882
2026-06-08T08:09:36.947882+00:00Z,mexc,gate,ESPORTSUSDT,1.8901,0.08473,0.08635,-0.018366,0.003524,0.02189,1.8682
2026-06-08T08:09:38.965311+00:00Z,mexc,bybit,ESPORTSUSDT,2.0234,0.08473,0.08646,-0.018366,5e-05,0.018416,2.0049
2026-06-08T08:09:38.965311+00:00Z,mexc,gate,ESPORTSUSDT,1.5478,0.08473,0.08606,-0.018366,0.003524,0.02189,1.5259
2026-06-08T08:09:38.965311+00:00Z,mexc,gate,PIPPINUSDT,0.8281,0.02053,0.0207,5e-05,5e-05,0.0,0.8281
2026-06-08T08:09:38.965311+00:00Z,gate,mexc,ALLOUSDT,0.5173,0.4558,0.45816,-0.00068,-0.00024,0.00044,0.5169
2026-06-08T08:09:40.985809+00:00Z,mexc,bybit,ESPORTSUSDT,1.3034,0.08473,0.08585,-0.018366,5e-05,0.018416,1.285
2026-06-08T08:09:40.985809+00:00Z,mexc,gate,ESPORTSUSDT,1.1465,0.08473,0.08572,-0.018366,0.003524,0.02189,1.1246
2026-06-08T08:09:40.985809+00:00Z,mexc,gate,PIPPINUSDT,0.8281,0.02053,0.0207,5e-05,5e-05,0.0,0.8281
2026-06-08T08:09:43.004531+00:00Z,mexc,gate,PIPPINUSDT,0.8281,0.02053,0.0207,5e-05,5e-05,0.0,0.8281
2026-06-08T08:09:43.004531+00:00Z,mexc,bybit,ESPORTSUSDT,0.8195,0.08473,0.08544,-0.018366,5e-05,0.018416,0.8011
2026-06-08T08:09:43.004531+00:00Z,gate,mexc,ALLOUSDT,0.5526,0.45564,0.45816,-0.00068,-0.00024,0.00044,0.5522
2026-06-08T08:09:45.025038+00:00Z,gate,mexc,ALLOUSDT,0.9759,0.45373,0.45816,-0.00068,-0.00024,0.00044,0.9755
2026-06-08T08:09:45.025038+00:00Z,bybit,mexc,ALLOUSDT,0.9406,0.45389,0.45816,-0.000388,-0.00024,0.000148,0.9405
2026-06-08T08:09:45.025038+00:00Z,mexc,bybit,PIPPINUSDT,0.8284,0.02053,0.0207,5e-05,-0.000337,-0.000387,0.8288
2026-06-08T08:09:45.025038+00:00Z,mexc,gate,PIPPINUSDT,0.8281,0.02053,0.0207,5e-05,5e-05,0.0,0.8281
2026-06-08T08:09:47.047784+00:00Z,mexc,gate,PIPPINUSDT,1.3151,0.02053,0.0208,5e-05,5e-05,0.0,1.3151
2026-06-08T08:09:47.047784+00:00Z,mexc,bybit,PIPPINUSDT,0.9746,0.02053,0.02073,5e-05,-0.000337,-0.000387,0.975
2026-06-08T08:09:47.047784+00:00Z,gate,mexc,ALLOUSDT,0.8759,0.45418,0.45816,-0.00068,-0.00024,0.00044,0.8754
2026-06-08T08:09:47.047784+00:00Z,bybit,mexc,ALLOUSDT,0.7586,0.45471,0.45816,-0.000388,-0.00024,0.000148,0.7584
2026-06-08T08:09:47.047784+00:00Z,gate,mexc,ESPORTSUSDT,0.6174,0.08396,0.08446,0.003524,-0.018366,-0.02189,0.6393
2026-06-08T08:10:23.099225+00:00Z,gate,bybit,ESPORTSUSDT,0.6385,0.08346,0.08399,0.003524,5e-05,-0.003474,0.642
2026-06-08T08:10:25.103868+00:00Z,gate,bybit,ESPORTSUSDT,0.5449,0.08311,0.08356,0.003524,5e-05,-0.003474,0.5484
2026-06-08T08:10:27.119491+00:00Z,gate,mexc,ESPORTSUSDT,1.7131,0.08278,0.08418,0.003524,-0.018366,-0.02189,1.735
2026-06-08T08:10:27.119491+00:00Z,bybit,mexc,ESPORTSUSDT,1.2328,0.08317,0.08418,5e-05,-0.018366,-0.018416,1.2512
2026-06-08T08:10:31.127184+00:00Z,gate,bybit,ESPORTSUSDT,0.5442,0.08137,0.08181,0.003524,5e-05,-0.003474,0.5477
2026-06-08T08:10:33.133023+00:00Z,gate,bybit,ESPORTSUSDT,0.5326,0.08127,0.0817,0.003524,5e-05,-0.003474,0.536
2026-06-08T08:10:53.167448+00:00Z,gate,bybit,ESPORTSUSDT,0.5262,0.08424,0.08468,0.003922,5e-05,-0.003872,0.5301
2026-06-08T08:10:55.183995+00:00Z,gate,bybit,ESPORTSUSDT,0.5035,0.08406,0.08448,0.003922,5e-05,-0.003872,0.5074
2026-06-08T08:11:01.243125+00:00Z,gate,bybit,ESPORTSUSDT,0.5504,0.08416,0.08462,0.003922,5e-05,-0.003872,0.5543
2026-06-08T08:11:03.244954+00:00Z,gate,bybit,ESPORTSUSDT,0.5651,0.08375,0.08422,0.003922,5e-05,-0.003872,0.5689
2026-06-08T08:11:13.268013+00:00Z,gate,bybit,ESPORTSUSDT,0.5262,0.08424,0.08468,0.003922,5e-05,-0.003872,0.5301
2026-06-08T08:11:15.272868+00:00Z,gate,bybit,ESPORTSUSDT,0.5871,0.08402,0.08451,0.003922,5e-05,-0.003872,0.5909
2026-06-08T08:11:17.287822+00:00Z,gate,bybit,ESPORTSUSDT,0.6599,0.08384,0.08439,0.003922,5e-05,-0.003872,0.6638
2026-06-08T08:11:21.305007+00:00Z,gate,mexc,ESPORTSUSDT,0.6569,0.08349,0.08402,0.003922,-0.018203,-0.022125,0.6791
2026-06-08T08:11:21.305007+00:00Z,gate,bybit,ESPORTSUSDT,0.5309,0.08349,0.08393,0.003922,5e-05,-0.003872,0.5348
2026-06-08T08:11:31.339359+00:00Z,gate,bybit,ESPORTSUSDT,0.54,0.08394,0.08439,0.003922,5e-05,-0.003872,0.5438
2026-06-08T08:11:37.350320+00:00Z,gate,bybit,ESPORTSUSDT,0.5235,0.08471,0.08515,0.004125,5e-05,-0.004075,0.5276
2026-06-08T08:11:41.366068+00:00Z,gate,mexc,ESPORTSUSDT,0.538,0.08532,0.08576,0.004125,-0.018203,-0.022328,0.5604
2026-06-08T08:11:45.370572+00:00Z,gate,bybit,ESPORTSUSDT,0.5497,0.08431,0.08477,0.004125,5e-05,-0.004075,0.5538
2026-06-08T08:12:01.401166+00:00Z,mexc,bybit,ESPORTSUSDT,0.6605,0.08545,0.08603,-0.018203,5e-05,0.018253,0.6423
2026-06-08T08:12:03.416506+00:00Z,mexc,bybit,ESPORTSUSDT,0.5318,0.08545,0.08592,-0.018203,5e-05,0.018253,0.5135
2026-06-08T08:12:07.433322+00:00Z,gate,mexc,ESPORTSUSDT,1.7243,0.08402,0.08545,0.004125,-0.018203,-0.022328,1.7466
2026-06-08T08:12:07.433322+00:00Z,bybit,mexc,ESPORTSUSDT,1.4908,0.08421,0.08545,5e-05,-0.018203,-0.018253,1.509
2026-06-08T08:12:09.448882+00:00Z,gate,mexc,ESPORTSUSDT,2.1742,0.08365,0.08545,0.004125,-0.018203,-0.022328,2.1965
2026-06-08T08:12:09.448882+00:00Z,bybit,mexc,ESPORTSUSDT,1.6839,0.08405,0.08545,5e-05,-0.018203,-0.018253,1.7022
2026-06-08T08:12:09.448882+00:00Z,bybit,mexc,PIPPINUSDT,0.527,0.02087,0.02098,-1.9e-05,5e-05,6.9e-05,0.5269
2026-06-08T08:12:11.453048+00:00Z,gate,mexc,ESPORTSUSDT,2.5172,0.08337,0.08545,0.004125,-0.018203,-0.022328,2.5396
2026-06-08T08:12:11.453048+00:00Z,bybit,mexc,ESPORTSUSDT,2.1335,0.08368,0.08545,5e-05,-0.018203,-0.018253,2.1517
2026-06-08T08:12:11.453048+00:00Z,bybit,mexc,PIPPINUSDT,0.527,0.02087,0.02098,-1.9e-05,5e-05,6.9e-05,0.5269
2026-06-08T08:12:13.470560+00:00Z,gate,mexc,ESPORTSUSDT,3.0859,0.08291,0.08545,0.004125,-0.018203,-0.022328,3.1082
2026-06-08T08:12:13.470560+00:00Z,bybit,mexc,ESPORTSUSDT,2.7967,0.08314,0.08545,5e-05,-0.018203,-0.018253,2.815
2026-06-08T08:12:15.477463+00:00Z,gate,mexc,ESPORTSUSDT,2.6157,0.08329,0.08545,0.004125,-0.018203,-0.022328,2.638
2026-06-08T08:12:15.477463+00:00Z,bybit,mexc,ESPORTSUSDT,2.0847,0.08372,0.08545,5e-05,-0.018203,-0.018253,2.1029
2026-06-08T08:12:17.493308+00:00Z,gate,mexc,ESPORTSUSDT,2.9865,0.08299,0.08545,0.004125,-0.018203,-0.022328,3.0089
2026-06-08T08:12:17.493308+00:00Z,bybit,mexc,ESPORTSUSDT,2.8338,0.08311,0.08545,5e-05,-0.018203,-0.018253,2.8521
2026-06-08T08:12:19.498823+00:00Z,gate,mexc,ESPORTSUSDT,2.6034,0.0833,0.08545,0.004125,-0.018203,-0.022328,2.6257
2026-06-08T08:12:19.498823+00:00Z,bybit,mexc,ESPORTSUSDT,2.4149,0.08345,0.08545,5e-05,-0.018203,-0.018253,2.4332
2026-06-08T08:12:21.521917+00:00Z,gate,mexc,ESPORTSUSDT,2.0278,0.08377,0.08545,0.004125,-0.018203,-0.022328,2.0501
2026-06-08T08:12:21.521917+00:00Z,bybit,mexc,ESPORTSUSDT,1.5149,0.08419,0.08545,5e-05,-0.018203,-0.018253,1.5331
2026-06-08T08:12:23.544014+00:00Z,gate,mexc,ESPORTSUSDT,1.6638,0.08407,0.08545,0.004125,-0.018203,-0.022328,1.6861
2026-06-08T08:12:23.544014+00:00Z,bybit,mexc,ESPORTSUSDT,1.4185,0.08427,0.08545,5e-05,-0.018203,-0.018253,1.4368
2026-06-08T08:12:25.562273+00:00Z,gate,mexc,ESPORTSUSDT,1.6155,0.08411,0.08545,0.004125,-0.018203,-0.022328,1.6378
2026-06-08T08:12:25.562273+00:00Z,bybit,mexc,ESPORTSUSDT,1.1425,0.0845,0.08545,5e-05,-0.018203,-0.018253,1.1608
2026-06-08T08:12:27.588823+00:00Z,gate,mexc,ESPORTSUSDT,1.6155,0.08411,0.08545,0.004125,-0.018203,-0.022328,1.6378
2026-06-08T08:12:27.588823+00:00Z,bybit,mexc,ESPORTSUSDT,1.2743,0.08439,0.08545,5e-05,-0.018203,-0.018253,1.2926
2026-06-08T08:12:29.604671+00:00Z,gate,mexc,ESPORTSUSDT,1.3024,0.08437,0.08545,0.004125,-0.018203,-0.022328,1.3247
2026-06-08T08:12:29.604671+00:00Z,bybit,mexc,ESPORTSUSDT,1.1545,0.08449,0.08545,5e-05,-0.018203,-0.018253,1.1727
2026-06-08T08:12:31.622635+00:00Z,gate,mexc,ESPORTSUSDT,1.4346,0.08426,0.08545,0.004125,-0.018203,-0.022328,1.457
2026-06-08T08:12:31.622635+00:00Z,bybit,mexc,ESPORTSUSDT,1.1186,0.08452,0.08545,5e-05,-0.018203,-0.018253,1.1368
2026-06-08T08:12:33.626399+00:00Z,gate,mexc,ESPORTSUSDT,1.6646,0.08407,0.08545,0.004861,-0.018203,-0.023064,1.6876
2026-06-08T08:12:33.626399+00:00Z,bybit,mexc,ESPORTSUSDT,1.011,0.08461,0.08545,5e-05,-0.018203,-0.018253,1.0293
2026-06-08T08:12:35.642202+00:00Z,gate,mexc,ESPORTSUSDT,1.5438,0.08417,0.08545,0.004861,-0.018203,-0.023064,1.5669
2026-06-08T08:12:35.642202+00:00Z,bybit,mexc,ESPORTSUSDT,1.0708,0.08456,0.08545,5e-05,-0.018203,-0.018253,1.089
2026-06-08T08:12:37.674579+00:00Z,gate,mexc,ESPORTSUSDT,2.8015,0.08314,0.08545,0.004861,-0.018203,-0.023064,2.8246
2026-06-08T08:12:37.674579+00:00Z,bybit,mexc,ESPORTSUSDT,2.5255,0.08336,0.08545,5e-05,-0.018203,-0.018253,2.5437
2026-06-08T08:12:39.694195+00:00Z,gate,mexc,ESPORTSUSDT,2.4688,0.08341,0.08545,0.004861,-0.018203,-0.023064,2.4919
2026-06-08T08:12:39.694195+00:00Z,bybit,mexc,ESPORTSUSDT,2.1091,0.0837,0.08545,5e-05,-0.018203,-0.018253,2.1273
2026-06-08T08:12:41.711331+00:00Z,gate,mexc,ESPORTSUSDT,2.7521,0.08318,0.08545,0.004861,-0.018203,-0.023064,2.7751
2026-06-08T08:12:41.711331+00:00Z,bybit,mexc,ESPORTSUSDT,2.2312,0.0836,0.08545,5e-05,-0.018203,-0.018253,2.2494
2026-06-08T08:12:43.728876+00:00Z,gate,mexc,ESPORTSUSDT,2.3094,0.08354,0.08545,0.004861,-0.018203,-0.023064,2.3325
2026-06-08T08:12:43.728876+00:00Z,bybit,mexc,ESPORTSUSDT,1.8293,0.08393,0.08545,5e-05,-0.018203,-0.018253,1.8475
2026-06-08T08:12:45.748028+00:00Z,gate,mexc,ESPORTSUSDT,2.4443,0.08343,0.08545,0.004861,-0.018203,-0.023064,2.4673
2026-06-08T08:12:45.748028+00:00Z,bybit,mexc,ESPORTSUSDT,1.9507,0.08383,0.08545,5e-05,-0.018203,-0.018253,1.969
2026-06-08T08:12:45.748028+00:00Z,gate,bybit,ESPORTSUSDT,0.5082,0.08343,0.08385,0.004861,5e-05,-0.004811,0.513
2026-06-08T08:12:47.768512+00:00Z,gate,mexc,ESPORTSUSDT,2.6287,0.08328,0.08545,0.004861,-0.018203,-0.023064,2.6518
2026-06-08T08:12:47.768512+00:00Z,bybit,mexc,ESPORTSUSDT,2.0603,0.08374,0.08545,5e-05,-0.018203,-0.018253,2.0785
2026-06-08T08:12:49.784348+00:00Z,gate,mexc,ESPORTSUSDT,2.2238,0.08361,0.08545,0.004861,-0.018203,-0.023064,2.2468
2026-06-08T08:12:49.784348+00:00Z,bybit,mexc,ESPORTSUSDT,1.8778,0.08389,0.08545,5e-05,-0.018203,-0.018253,1.8961
2026-06-08T08:12:51.799769+00:00Z,gate,mexc,ESPORTSUSDT,2.3584,0.0835,0.08545,0.004861,-0.018203,-0.023064,2.3815
2026-06-08T08:12:51.799769+00:00Z,bybit,mexc,ESPORTSUSDT,1.9021,0.08387,0.08545,5e-05,-0.018203,-0.018253,1.9204
2026-06-08T08:12:51.799769+00:00Z,mexc,bybit,PIPPINUSDT,0.5236,0.02101,0.02112,5e-05,-1.9e-05,-6.9e-05,0.5237
2026-06-08T08:12:53.817104+00:00Z,gate,mexc,ESPORTSUSDT,2.1993,0.08363,0.08545,0.004861,-0.018203,-0.023064,2.2224
2026-06-08T08:12:53.817104+00:00Z,bybit,mexc,ESPORTSUSDT,1.9264,0.08385,0.08545,5e-05,-0.018203,-0.018253,1.9447
2026-06-08T08:12:55.835763+00:00Z,gate,mexc,ESPORTSUSDT,2.715,0.08321,0.08545,0.004861,-0.018203,-0.023064,2.7381
2026-06-08T08:12:55.835763+00:00Z,bybit,mexc,ESPORTSUSDT,2.4517,0.08342,0.08545,5e-05,-0.018203,-0.018253,2.47
2026-06-08T08:12:57.856724+00:00Z,gate,mexc,ESPORTSUSDT,2.4688,0.08341,0.08545,0.004861,-0.018203,-0.023064,2.4919
2026-06-08T08:12:57.856724+00:00Z,bybit,mexc,ESPORTSUSDT,2.1335,0.08368,0.08545,5e-05,-0.018203,-0.018253,2.1517
2026-06-08T08:12:57.856724+00:00Z,mexc,gate,PIPPINUSDT,0.9043,0.02101,0.0212,5e-05,5e-05,0.0,0.9043
2026-06-08T08:12:57.856724+00:00Z,mexc,bybit,PIPPINUSDT,0.5712,0.02101,0.02113,5e-05,-1.9e-05,-6.9e-05,0.5713
2026-06-08T08:12:59.873979+00:00Z,gate,mexc,ESPORTSUSDT,2.3829,0.08348,0.08545,0.004861,-0.018203,-0.023064,2.406
2026-06-08T08:12:59.873979+00:00Z,bybit,mexc,ESPORTSUSDT,2.0969,0.08371,0.08545,5e-05,-0.018203,-0.018253,2.1151
2026-06-08T08:12:59.873979+00:00Z,mexc,gate,PIPPINUSDT,0.9043,0.02101,0.0212,5e-05,5e-05,0.0,0.9043
2026-06-08T08:13:21.896746+00:00Z,gate,bybit,ESPORTSUSDT,0.5925,0.08338,0.08387,0.004861,5e-05,-0.004811,0.5973
2026-06-08T08:13:27.919681+00:00Z,gate,bybit,ESPORTSUSDT,0.5316,0.08353,0.08397,0.004861,5e-05,-0.004811,0.5364
2026-06-08T08:13:43.945035+00:00Z,gate,bybit,ESPORTSUSDT,0.5158,0.08418,0.08461,0.005026,5e-05,-0.004976,0.5208
2026-06-08T08:13:47.964142+00:00Z,gate,bybit,ESPORTSUSDT,0.5279,0.08415,0.08459,0.005026,5e-05,-0.004976,0.5328
2026-06-08T08:13:51.983144+00:00Z,gate,bybit,ESPORTSUSDT,0.6513,0.08355,0.08409,0.005026,5e-05,-0.004976,0.6563
2026-06-08T08:14:00.005789+00:00Z,gate,bybit,ESPORTSUSDT,0.5049,0.08401,0.08443,0.005026,5e-05,-0.004976,0.5099
2026-06-08T08:14:10.175134+00:00Z,gate,mexc,ESPORTSUSDT,1.401,0.08272,0.08386,0.005026,-0.017865,-0.022891,1.4239
2026-06-08T08:14:10.175134+00:00Z,bybit,mexc,ESPORTSUSDT,0.9203,0.08311,0.08386,5e-05,-0.017865,-0.017915,0.9382
2026-06-08T08:14:12.194073+00:00Z,gate,mexc,ESPORTSUSDT,1.3643,0.08275,0.08386,0.005026,-0.017865,-0.022891,1.3872
2026-06-08T08:14:12.194073+00:00Z,bybit,mexc,ESPORTSUSDT,0.8233,0.08319,0.08386,5e-05,-0.017865,-0.017915,0.8412
2026-06-08T08:14:14.216821+00:00Z,gate,mexc,ESPORTSUSDT,0.8283,0.08319,0.08386,0.005026,-0.017865,-0.022891,0.8512
2026-06-08T08:14:16.231569+00:00Z,gate,mexc,ESPORTSUSDT,0.8525,0.08317,0.08386,0.005026,-0.017865,-0.022891,0.8754
2026-06-08T08:14:16.231569+00:00Z,gate,bybit,ESPORTSUSDT,0.5941,0.08317,0.08366,0.005026,5e-05,-0.004976,0.5991
2026-06-08T08:14:18.240221+00:00Z,gate,mexc,ESPORTSUSDT,1.3276,0.08278,0.08386,0.005026,-0.017865,-0.022891,1.3504
2026-06-08T08:14:20.255123+00:00Z,gate,mexc,ESPORTSUSDT,1.5729,0.08258,0.08386,0.005026,-0.017865,-0.022891,1.5958
2026-06-08T08:14:20.255123+00:00Z,bybit,mexc,ESPORTSUSDT,1.115,0.08295,0.08386,5e-05,-0.017865,-0.017915,1.1329
2026-06-08T08:14:22.258265+00:00Z,gate,mexc,ESPORTSUSDT,1.401,0.08272,0.08386,0.005026,-0.017865,-0.022891,1.4239
2026-06-08T08:14:22.258265+00:00Z,bybit,mexc,ESPORTSUSDT,0.9689,0.08307,0.08386,5e-05,-0.017865,-0.017915,0.9868
2026-06-08T08:14:24.275030+00:00Z,gate,mexc,ESPORTSUSDT,0.5142,0.08345,0.08386,0.005026,-0.017865,-0.022891,0.5371
2026-06-08T08:14:26.276901+00:00Z,gate,mexc,ESPORTSUSDT,1.1321,0.08294,0.08386,0.005026,-0.017865,-0.022891,1.155
2026-06-08T08:14:26.276901+00:00Z,bybit,mexc,ESPORTSUSDT,0.6539,0.08333,0.08386,5e-05,-0.017865,-0.017915,0.6719
2026-06-08T08:14:28.296322+00:00Z,gate,mexc,ESPORTSUSDT,1.0712,0.08299,0.08386,0.005026,-0.017865,-0.022891,1.0941
2026-06-08T08:14:28.296322+00:00Z,bybit,mexc,ESPORTSUSDT,0.5574,0.08341,0.08386,5e-05,-0.017865,-0.017915,0.5753
2026-06-08T08:14:30.312912+00:00Z,gate,mexc,ESPORTSUSDT,1.1687,0.08291,0.08386,0.005026,-0.017865,-0.022891,1.1916
2026-06-08T08:14:30.312912+00:00Z,bybit,mexc,ESPORTSUSDT,0.7627,0.08324,0.08386,5e-05,-0.017865,-0.017915,0.7807
2026-06-08T08:14:32.352601+00:00Z,gate,mexc,ESPORTSUSDT,1.2542,0.08284,0.08386,0.005026,-0.017865,-0.022891,1.2771
2026-06-08T08:14:32.352601+00:00Z,bybit,mexc,ESPORTSUSDT,0.7023,0.08329,0.08386,5e-05,-0.017865,-0.017915,0.7202
2026-06-08T08:14:32.352601+00:00Z,gate,bybit,ESPORTSUSDT,0.5482,0.08284,0.08329,0.005026,5e-05,-0.004976,0.5532
2026-06-08T08:14:34.365180+00:00Z,gate,mexc,ESPORTSUSDT,0.9496,0.08309,0.08386,0.004991,-0.017865,-0.022856,0.9724
2026-06-08T08:14:36.381540+00:00Z,gate,bybit,ESPORTSUSDT,0.5578,0.0832,0.08366,0.004991,5e-05,-0.004941,0.5628
2026-06-08T08:14:40.397849+00:00Z,gate,bybit,ESPORTSUSDT,0.6189,0.08307,0.08358,0.004991,5e-05,-0.004941,0.6238
2026-06-08T08:14:40.397849+00:00Z,gate,mexc,ESPORTSUSDT,0.5886,0.08307,0.08354,0.004991,-0.017865,-0.022856,0.6115
2026-06-08T08:14:44.415511+00:00Z,gate,bybit,ESPORTSUSDT,0.5844,0.08284,0.08332,0.004991,5e-05,-0.004941,0.5893
2026-06-08T08:14:44.415511+00:00Z,gate,mexc,ESPORTSUSDT,0.5057,0.08284,0.08324,0.004991,-0.017865,-0.022856,0.5286
2026-06-08T08:14:46.433189+00:00Z,gate,bybit,ESPORTSUSDT,0.5228,0.08303,0.08346,0.004991,5e-05,-0.004941,0.5278
2026-06-08T08:14:48.450933+00:00Z,gate,mexc,ESPORTSUSDT,0.8337,0.08263,0.0833,0.004991,-0.017865,-0.022856,0.8566
2026-06-08T08:14:52.468782+00:00Z,gate,bybit,ESPORTSUSDT,0.5125,0.08275,0.08317,0.004991,5e-05,-0.004941,0.5174
2026-06-08T08:14:54.483250+00:00Z,gate,mexc,ESPORTSUSDT,0.5436,0.08257,0.083,0.004991,-0.017865,-0.022856,0.5665
2026-06-08T08:14:56.500294+00:00Z,gate,mexc,ESPORTSUSDT,0.6052,0.08243,0.08291,0.004991,-0.017865,-0.022856,0.628
2026-06-08T08:15:04.519675+00:00Z,gate,bybit,ESPORTSUSDT,0.6114,0.08245,0.08295,0.004991,5e-05,-0.004941,0.6163
2026-06-08T08:15:06.535165+00:00Z,gate,bybit,ESPORTSUSDT,0.7569,0.08245,0.08307,0.004991,5e-05,-0.004941,0.7619
2026-06-08T08:15:06.535165+00:00Z,gate,mexc,ESPORTSUSDT,0.5806,0.08245,0.08291,0.004991,-0.017688,-0.022679,0.6033
2026-06-08T08:15:10.539340+00:00Z,gate,mexc,ESPORTSUSDT,0.5912,0.08267,0.08314,0.004991,-0.017688,-0.022679,0.6139
2026-06-08T08:15:10.539340+00:00Z,gate,bybit,ESPORTSUSDT,0.5372,0.08267,0.08311,0.004991,5e-05,-0.004941,0.5421
2026-06-08T08:15:12.577798+00:00Z,gate,mexc,ESPORTSUSDT,0.5664,0.08277,0.08322,0.004991,-0.017688,-0.022679,0.589
2026-06-08T08:15:14.594091+00:00Z,gate,bybit,ESPORTSUSDT,0.583,0.08304,0.08352,0.004991,5e-05,-0.004941,0.5879
2026-06-08T08:15:16.635969+00:00Z,gate,bybit,ESPORTSUSDT,0.5448,0.08335,0.0838,0.004991,5e-05,-0.004941,0.5498
2026-06-08T08:15:18.638763+00:00Z,gate,bybit,ESPORTSUSDT,0.7254,0.08328,0.08388,0.004991,5e-05,-0.004941,0.7303
2026-06-08T08:15:20.653763+00:00Z,gate,bybit,ESPORTSUSDT,0.6259,0.08374,0.08426,0.004991,5e-05,-0.004941,0.6309
2026-06-08T08:15:20.653763+00:00Z,gate,mexc,ESPORTSUSDT,0.5839,0.08374,0.08421,0.004991,-0.017688,-0.022679,0.6066
2026-06-08T08:15:22.670257+00:00Z,gate,bybit,ESPORTSUSDT,0.6696,0.08426,0.08482,0.004991,5e-05,-0.004941,0.6745
2026-06-08T08:15:24.685133+00:00Z,gate,bybit,ESPORTSUSDT,0.5999,0.08404,0.08454,0.004991,5e-05,-0.004941,0.6048
2026-06-08T08:15:24.685133+00:00Z,gate,mexc,ESPORTSUSDT,0.5819,0.08404,0.08451,0.004991,-0.017688,-0.022679,0.6046
2026-06-08T08:15:26.703139+00:00Z,gate,mexc,ESPORTSUSDT,0.6682,0.08365,0.08419,0.004991,-0.017688,-0.022679,0.6909
2026-06-08T08:15:26.703139+00:00Z,gate,bybit,ESPORTSUSDT,0.6146,0.08365,0.08416,0.004991,5e-05,-0.004941,0.6196
2026-06-08T08:15:28.719846+00:00Z,gate,bybit,ESPORTSUSDT,0.709,0.0838,0.08439,0.004991,5e-05,-0.004941,0.7139
2026-06-08T08:15:30.734544+00:00Z,gate,bybit,ESPORTSUSDT,0.6725,0.08389,0.08445,0.004991,5e-05,-0.004941,0.6774
2026-06-08T08:15:32.749413+00:00Z,gate,mexc,ESPORTSUSDT,0.5112,0.08393,0.08434,0.004991,-0.017688,-0.022679,0.5339
2026-06-08T08:15:34.763813+00:00Z,gate,bybit,ESPORTSUSDT,0.6617,0.08373,0.08428,0.004848,5e-05,-0.004798,0.6665
2026-06-08T08:15:36.779842+00:00Z,gate,bybit,ESPORTSUSDT,0.6647,0.08335,0.0839,0.004848,5e-05,-0.004798,0.6695
2026-06-08T08:15:38.795219+00:00Z,gate,bybit,ESPORTSUSDT,0.6866,0.0836,0.08417,0.004848,5e-05,-0.004798,0.6914
2026-06-08T08:15:40.800345+00:00Z,gate,bybit,ESPORTSUSDT,0.686,0.08367,0.08424,0.004848,5e-05,-0.004798,0.6908
2026-06-08T08:15:42.815548+00:00Z,gate,bybit,ESPORTSUSDT,0.7611,0.0833,0.08393,0.004848,5e-05,-0.004798,0.7659
2026-06-08T08:15:44.830014+00:00Z,gate,bybit,ESPORTSUSDT,0.603,0.08358,0.08408,0.004848,5e-05,-0.004798,0.6078
2026-06-08T08:15:46.832074+00:00Z,gate,bybit,ESPORTSUSDT,0.602,0.08373,0.08423,0.004848,5e-05,-0.004798,0.6068
2026-06-08T08:15:48.834048+00:00Z,gate,bybit,ESPORTSUSDT,0.6252,0.08382,0.08434,0.004848,5e-05,-0.004798,0.63
2026-06-08T08:15:50.837600+00:00Z,gate,bybit,ESPORTSUSDT,0.7591,0.08219,0.08281,0.004848,5e-05,-0.004798,0.7639
2026-06-08T08:15:50.837600+00:00Z,gate,mexc,ESPORTSUSDT,0.643,0.08219,0.0827,0.004848,-0.017688,-0.022536,0.6656
2026-06-08T08:15:52.857825+00:00Z,gate,mexc,ESPORTSUSDT,0.7077,0.08173,0.08229,0.004848,-0.017688,-0.022536,0.7303
2026-06-08T08:15:52.857825+00:00Z,gate,bybit,ESPORTSUSDT,0.5799,0.08173,0.0822,0.004848,5e-05,-0.004798,0.5847
2026-06-08T08:15:54.861229+00:00Z,gate,bybit,ESPORTSUSDT,0.6455,0.08116,0.08168,0.004848,5e-05,-0.004798,0.6503
2026-06-08T08:16:00.878506+00:00Z,gate,bybit,ESPORTSUSDT,0.5171,0.08198,0.0824,0.004848,5e-05,-0.004798,0.5219
2026-06-08T08:16:02.894063+00:00Z,gate,mexc,ESPORTSUSDT,0.8896,0.08187,0.08258,0.004848,-0.017517,-0.022365,0.912
2026-06-08T08:16:04.909968+00:00Z,gate,bybit,ESPORTSUSDT,0.5455,0.08137,0.08181,0.004848,5e-05,-0.004798,0.5503
2026-06-08T08:16:06.925812+00:00Z,gate,mexc,ESPORTSUSDT,0.6858,0.0814,0.08194,0.004848,-0.017517,-0.022365,0.7081
2026-06-08T08:16:08.943260+00:00Z,gate,bybit,ESPORTSUSDT,0.548,0.081,0.08144,0.004848,5e-05,-0.004798,0.5528
2026-06-08T08:16:10.958161+00:00Z,gate,mexc,ESPORTSUSDT,3.0527,0.07887,0.08126,0.004848,-0.017517,-0.022365,3.075
2026-06-08T08:16:10.958161+00:00Z,bybit,mexc,ESPORTSUSDT,2.2443,0.07949,0.08126,5e-05,-0.017517,-0.017567,2.2618
2026-06-08T08:16:10.958161+00:00Z,gate,bybit,ESPORTSUSDT,0.7655,0.07887,0.07947,0.004848,5e-05,-0.004798,0.7703
2026-06-08T08:16:12.983079+00:00Z,gate,mexc,ESPORTSUSDT,0.7515,0.07817,0.07874,0.004848,-0.017517,-0.022365,0.7739
2026-06-08T08:16:12.983079+00:00Z,gate,bybit,ESPORTSUSDT,0.6444,0.07817,0.07867,0.004848,5e-05,-0.004798,0.6492
2026-06-08T08:16:21.005108+00:00Z,gate,bybit,ESPORTSUSDT,0.7045,0.07718,0.07772,0.004848,5e-05,-0.004798,0.7093
2026-06-08T08:16:23.020281+00:00Z,mexc,bybit,ESPORTSUSDT,0.6509,0.07779,0.07831,-0.017517,5e-05,0.017567,0.6333
2026-06-08T08:16:23.020281+00:00Z,gate,bybit,ESPORTSUSDT,0.6086,0.07784,0.07831,0.004848,5e-05,-0.004798,0.6134
2026-06-08T08:16:27.023590+00:00Z,gate,mexc,ESPORTSUSDT,0.6674,0.07752,0.07802,0.004848,-0.017517,-0.022365,0.6897
2026-06-08T08:19:31.492329+00:00Z,gate,mexc,ESPORTSUSDT,0.5327,0.07834,0.07874,0.004961,-0.017182,-0.022143,0.5549
2026-06-08T08:19:37.514481+00:00Z,gate,bybit,ESPORTSUSDT,0.5179,0.07789,0.07829,0.004411,5e-05,-0.004361,0.5223
2026-06-08T08:19:43.531246+00:00Z,gate,bybit,ESPORTSUSDT,0.5423,0.07808,0.0785,0.004411,5e-05,-0.004361,0.5466
2026-06-08T08:19:49.548495+00:00Z,gate,bybit,ESPORTSUSDT,0.5183,0.07783,0.07823,0.004411,5e-05,-0.004361,0.5227
2026-06-08T08:19:51.565261+00:00Z,gate,mexc,ESPORTSUSDT,0.6398,0.07764,0.07812,0.004411,-0.017182,-0.021593,0.6614
2026-06-08T08:19:51.565261+00:00Z,gate,bybit,ESPORTSUSDT,0.6226,0.07764,0.07812,0.004411,5e-05,-0.004361,0.627
2026-06-08T08:19:53.585332+00:00Z,gate,bybit,ESPORTSUSDT,0.7524,0.07754,0.07812,0.004411,5e-05,-0.004361,0.7567
2026-06-08T08:19:55.600575+00:00Z,gate,bybit,ESPORTSUSDT,0.6599,0.0778,0.07831,0.004411,5e-05,-0.004361,0.6642
2026-06-08T08:19:55.600575+00:00Z,gate,mexc,ESPORTSUSDT,0.6129,0.0778,0.07826,0.004411,-0.017182,-0.021593,0.6344
2026-06-08T08:19:57.605804+00:00Z,gate,bybit,ESPORTSUSDT,0.7627,0.0778,0.07839,0.004411,5e-05,-0.004361,0.7671
2026-06-08T08:19:59.620045+00:00Z,gate,bybit,ESPORTSUSDT,0.7116,0.07777,0.07832,0.004411,5e-05,-0.004361,0.7159
2026-06-08T08:19:59.620045+00:00Z,gate,mexc,ALLOUSDT,0.6485,0.4564,0.45936,-0.000221,-0.000208,1.3e-05,0.6485
2026-06-08T08:19:59.620045+00:00Z,bybit,mexc,ALLOUSDT,0.6179,0.45654,0.45936,5e-05,-0.000208,-0.000258,0.6182
2026-06-08T08:20:01.638903+00:00Z,gate,bybit,ESPORTSUSDT,0.7607,0.07801,0.0786,0.004411,5e-05,-0.004361,0.765
2026-06-08T08:20:03.654337+00:00Z,gate,bybit,ESPORTSUSDT,0.7381,0.07768,0.07825,0.004411,5e-05,-0.004361,0.7425
2026-06-08T08:20:07.672984+00:00Z,gate,mexc,ESPORTSUSDT,1.1231,0.07717,0.07802,0.004411,-0.017182,-0.021593,1.1447
2026-06-08T08:20:07.672984+00:00Z,gate,bybit,ESPORTSUSDT,0.8467,0.07717,0.07782,0.004411,5e-05,-0.004361,0.851
2026-06-08T08:20:09.689186+00:00Z,gate,mexc,ESPORTSUSDT,0.9139,0.07733,0.07802,0.004411,-0.017182,-0.021593,0.9355
2026-06-08T08:20:09.689186+00:00Z,gate,bybit,ESPORTSUSDT,0.7027,0.07733,0.07787,0.004411,5e-05,-0.004361,0.707
2026-06-08T08:20:11.712994+00:00Z,gate,mexc,ESPORTSUSDT,0.953,0.0773,0.07802,0.004411,-0.017182,-0.021593,0.9746
2026-06-08T08:20:11.712994+00:00Z,gate,bybit,ESPORTSUSDT,0.7547,0.0773,0.07788,0.004411,5e-05,-0.004361,0.759
2026-06-08T08:20:11.712994+00:00Z,mexc,bybit,ALLOUSDT,0.6937,0.45969,0.46288,-0.000208,5e-05,0.000258,0.6934
2026-06-08T08:20:11.712994+00:00Z,mexc,gate,ALLOUSDT,0.5852,0.45969,0.46238,-0.000208,-0.000221,-1.3e-05,0.5852
2026-06-08T08:20:13.735079+00:00Z,gate,mexc,ESPORTSUSDT,0.9269,0.07732,0.07802,0.004411,-0.017182,-0.021593,0.9485
2026-06-08T08:20:13.735079+00:00Z,gate,bybit,ESPORTSUSDT,0.664,0.07732,0.07783,0.004411,5e-05,-0.004361,0.6683
2026-06-08T08:20:15.750215+00:00Z,gate,mexc,ESPORTSUSDT,1.1624,0.07714,0.07802,0.004411,-0.017182,-0.021593,1.184
2026-06-08T08:20:15.750215+00:00Z,gate,bybit,ESPORTSUSDT,0.6525,0.07714,0.07764,0.004411,5e-05,-0.004361,0.6569
2026-06-08T08:20:17.766465+00:00Z,gate,mexc,ESPORTSUSDT,2.0886,0.07644,0.07802,0.004411,-0.017182,-0.021593,2.1102
2026-06-08T08:20:17.766465+00:00Z,bybit,mexc,ESPORTSUSDT,1.2499,0.07707,0.07802,5e-05,-0.017182,-0.017232,1.2671
2026-06-08T08:20:17.766465+00:00Z,gate,bybit,ESPORTSUSDT,0.8285,0.07644,0.07707,0.004411,5e-05,-0.004361,0.8329
2026-06-08T08:20:19.795628+00:00Z,gate,mexc,ESPORTSUSDT,1.6896,0.07674,0.07802,0.004411,-0.017182,-0.021593,1.7112
2026-06-08T08:20:19.795628+00:00Z,bybit,mexc,ESPORTSUSDT,0.8052,0.07741,0.07802,5e-05,-0.017182,-0.017232,0.8225
2026-06-08T08:20:19.795628+00:00Z,gate,bybit,ESPORTSUSDT,0.6298,0.07674,0.07722,0.004411,5e-05,-0.004361,0.6342
2026-06-08T08:20:21.812894+00:00Z,gate,mexc,ESPORTSUSDT,3.8544,0.07514,0.07802,0.004411,-0.017182,-0.021593,3.876
2026-06-08T08:20:21.812894+00:00Z,bybit,mexc,ESPORTSUSDT,3.2593,0.07557,0.07802,5e-05,-0.017182,-0.017232,3.2765
2026-06-08T08:20:23.834983+00:00Z,gate,mexc,ESPORTSUSDT,4.2011,0.07489,0.07802,0.004411,-0.017182,-0.021593,4.2226
2026-06-08T08:20:23.834983+00:00Z,bybit,mexc,ESPORTSUSDT,3.6845,0.07526,0.07802,5e-05,-0.017182,-0.017232,3.7018
2026-06-08T08:20:25.837591+00:00Z,gate,mexc,ESPORTSUSDT,4.0483,0.075,0.07802,0.004411,-0.017182,-0.021593,4.0699
2026-06-08T08:20:25.837591+00:00Z,bybit,mexc,ESPORTSUSDT,3.1774,0.07563,0.07802,5e-05,-0.017182,-0.017232,3.1946
2026-06-08T08:20:25.837591+00:00Z,gate,bybit,ESPORTSUSDT,0.6577,0.075,0.07549,0.004411,5e-05,-0.004361,0.6621
2026-06-08T08:20:27.859198+00:00Z,gate,bybit,ESPORTSUSDT,0.7501,0.07509,0.07565,0.004411,5e-05,-0.004361,0.7545
2026-06-08T08:20:29.861404+00:00Z,gate,bybit,ESPORTSUSDT,0.9824,0.07566,0.0764,0.004411,5e-05,-0.004361,0.9868
2026-06-08T08:20:31.903121+00:00Z,gate,bybit,ESPORTSUSDT,0.5543,0.07455,0.07496,0.004411,5e-05,-0.004361,0.5587
2026-06-08T08:20:31.903121+00:00Z,gate,mexc,ESPORTSUSDT,0.5045,0.07455,0.07491,0.004411,-0.017182,-0.021593,0.5261
2026-06-08T08:20:33.909604+00:00Z,gate,bybit,ESPORTSUSDT,0.7948,0.07465,0.07524,0.004505,5e-05,-0.004455,0.7993
2026-06-08T08:20:35.925340+00:00Z,gate,mexc,ESPORTSUSDT,0.5159,0.07486,0.07523,0.004505,-0.017182,-0.021687,0.5376
2026-06-08T08:20:35.925340+00:00Z,gate,bybit,ESPORTSUSDT,0.5121,0.07486,0.07524,0.004505,5e-05,-0.004455,0.5165
2026-06-08T08:20:39.929930+00:00Z,gate,bybit,ESPORTSUSDT,0.7491,0.0752,0.07576,0.004505,5e-05,-0.004455,0.7536
2026-06-08T08:20:39.929930+00:00Z,gate,mexc,ESPORTSUSDT,0.6999,0.0752,0.07571,0.004505,-0.017182,-0.021687,0.7216
2026-06-08T08:20:43.950682+00:00Z,gate,mexc,ESPORTSUSDT,0.6026,0.07574,0.07618,0.004505,-0.017182,-0.021687,0.6243
2026-06-08T08:20:43.950682+00:00Z,gate,bybit,ESPORTSUSDT,0.559,0.07574,0.07616,0.004505,5e-05,-0.004455,0.5634
2026-06-08T08:20:45.966593+00:00Z,gate,bybit,ESPORTSUSDT,0.6126,0.07564,0.0761,0.004505,5e-05,-0.004455,0.6171
2026-06-08T08:20:47.971120+00:00Z,gate,bybit,ESPORTSUSDT,0.614,0.07547,0.07593,0.004505,5e-05,-0.004455,0.6184
2026-06-08T08:20:49.974600+00:00Z,gate,bybit,ESPORTSUSDT,0.6673,0.07543,0.07593,0.004505,5e-05,-0.004455,0.6718
2026-06-08T08:20:51.989234+00:00Z,gate,mexc,ESPORTSUSDT,0.565,0.07546,0.07587,0.004505,-0.017182,-0.021687,0.5867
2026-06-08T08:20:54.005886+00:00Z,gate,bybit,ESPORTSUSDT,0.7083,0.0753,0.07583,0.004505,5e-05,-0.004455,0.7128
2026-06-08T08:20:56.008591+00:00Z,gate,bybit,ESPORTSUSDT,0.6568,0.07511,0.0756,0.004505,5e-05,-0.004455,0.6613
2026-06-08T08:20:56.008591+00:00Z,gate,mexc,ESPORTSUSDT,0.5942,0.07511,0.07554,0.004505,-0.017182,-0.021687,0.6159
2026-06-08T08:21:02.016823+00:00Z,gate,bybit,ESPORTSUSDT,0.6672,0.07394,0.07443,0.004505,5e-05,-0.004455,0.6716
2026-06-08T08:21:04.018950+00:00Z,gate,bybit,ESPORTSUSDT,0.7761,0.07387,0.07444,0.004505,5e-05,-0.004455,0.7805
2026-06-08T08:21:14.039773+00:00Z,gate,bybit,ESPORTSUSDT,0.6479,0.07304,0.07351,0.004505,5e-05,-0.004455,0.6524
2026-06-08T08:21:16.055078+00:00Z,gate,bybit,ESPORTSUSDT,0.5625,0.07347,0.07388,0.004505,5e-05,-0.004455,0.567
2026-06-08T08:21:18.056791+00:00Z,gate,bybit,ESPORTSUSDT,0.5171,0.07412,0.0745,0.004505,5e-05,-0.004455,0.5216
2026-06-08T08:21:20.071616+00:00Z,gate,bybit,ESPORTSUSDT,0.5277,0.07453,0.07492,0.004505,5e-05,-0.004455,0.5322
2026-06-08T08:21:22.073673+00:00Z,gate,bybit,ESPORTSUSDT,0.5146,0.07449,0.07487,0.004505,5e-05,-0.004455,0.519
2026-06-08T08:21:26.092603+00:00Z,gate,bybit,ESPORTSUSDT,0.5975,0.07419,0.07463,0.004505,5e-05,-0.004455,0.602
2026-06-08T08:21:28.095078+00:00Z,gate,bybit,ESPORTSUSDT,0.5403,0.07465,0.07505,0.004505,5e-05,-0.004455,0.5447
2026-06-08T08:21:32.119961+00:00Z,gate,mexc,ESPORTSUSDT,0.652,0.07455,0.07502,0.004505,-0.017032,-0.021537,0.6735
2026-06-08T08:21:36.122513+00:00Z,gate,bybit,ESPORTSUSDT,0.5519,0.07483,0.07524,0.004073,5e-05,-0.004023,0.556
2026-06-08T08:21:38.137878+00:00Z,gate,bybit,ESPORTSUSDT,0.8463,0.0748,0.07543,0.004073,5e-05,-0.004023,0.8503
2026-06-08T08:21:40.152927+00:00Z,gate,bybit,ESPORTSUSDT,0.6301,0.07507,0.07554,0.004073,5e-05,-0.004023,0.6341
2026-06-08T08:21:42.155194+00:00Z,gate,bybit,ESPORTSUSDT,0.71,0.07507,0.0756,0.004073,5e-05,-0.004023,0.7141
2026-06-08T08:21:44.170668+00:00Z,gate,mexc,ESPORTSUSDT,0.6073,0.07506,0.0755,0.004073,-0.017032,-0.021105,0.6284
2026-06-08T08:21:44.170668+00:00Z,gate,bybit,ESPORTSUSDT,0.5902,0.07506,0.0755,0.004073,5e-05,-0.004023,0.5942
2026-06-08T08:21:46.189774+00:00Z,gate,bybit,ESPORTSUSDT,0.6579,0.07494,0.07543,0.004073,5e-05,-0.004023,0.6619
2026-06-08T08:21:50.193186+00:00Z,gate,mexc,ESPORTSUSDT,0.7981,0.07465,0.07523,0.004073,-0.017032,-0.021105,0.8192
2026-06-08T08:21:50.193186+00:00Z,gate,bybit,ESPORTSUSDT,0.7006,0.07465,0.07517,0.004073,5e-05,-0.004023,0.7046
2026-06-08T08:21:52.196040+00:00Z,gate,bybit,ESPORTSUSDT,0.8486,0.07459,0.07522,0.004073,5e-05,-0.004023,0.8527
2026-06-08T08:21:54.212493+00:00Z,gate,bybit,ESPORTSUSDT,0.7395,0.07478,0.07533,0.004073,5e-05,-0.004023,0.7435
2026-06-08T08:21:56.216137+00:00Z,gate,bybit,ESPORTSUSDT,0.685,0.07489,0.0754,0.004073,5e-05,-0.004023,0.689
2026-06-08T08:21:58.241862+00:00Z,gate,mexc,ESPORTSUSDT,0.7037,0.07471,0.07522,0.004073,-0.017032,-0.021105,0.7248
2026-06-08T08:21:58.241862+00:00Z,gate,bybit,ESPORTSUSDT,0.6197,0.07471,0.07517,0.004073,5e-05,-0.004023,0.6238
2026-06-08T08:22:00.245853+00:00Z,gate,bybit,ESPORTSUSDT,0.8099,0.07445,0.07505,0.004073,5e-05,-0.004023,0.814
2026-06-08T08:22:02.295419+00:00Z,gate,bybit,ESPORTSUSDT,0.6876,0.07461,0.07512,0.004073,5e-05,-0.004023,0.6916
2026-06-08T08:22:04.326945+00:00Z,gate,bybit,ESPORTSUSDT,0.8989,0.07487,0.07554,0.004073,5e-05,-0.004023,0.9029
2026-06-08T08:22:06.342203+00:00Z,gate,bybit,ESPORTSUSDT,0.6744,0.07458,0.07508,0.004073,5e-05,-0.004023,0.6785
2026-06-08T08:22:08.345639+00:00Z,gate,bybit,ESPORTSUSDT,0.6996,0.07476,0.07528,0.004073,5e-05,-0.004023,0.7036
2026-06-08T08:22:10.362600+00:00Z,gate,bybit,ESPORTSUSDT,0.9551,0.07465,0.07536,0.004073,5e-05,-0.004023,0.9592
2026-06-08T08:22:12.377019+00:00Z,gate,bybit,ESPORTSUSDT,0.672,0.07485,0.07535,0.004073,5e-05,-0.004023,0.676
2026-06-08T08:22:12.377019+00:00Z,gate,mexc,ESPORTSUSDT,0.5286,0.07485,0.07523,0.004073,-0.016872,-0.020945,0.5496
2026-06-08T08:22:14.394861+00:00Z,gate,bybit,ESPORTSUSDT,0.8331,0.07478,0.0754,0.004073,5e-05,-0.004023,0.8371
2026-06-08T08:22:14.394861+00:00Z,gate,mexc,ESPORTSUSDT,0.6227,0.07478,0.07523,0.004073,-0.016872,-0.020945,0.6437
2026-06-08T08:22:16.418076+00:00Z,gate,bybit,ESPORTSUSDT,0.7109,0.07498,0.07551,0.004073,5e-05,-0.004023,0.7149
2026-06-08T08:22:18.432705+00:00Z,gate,bybit,ESPORTSUSDT,0.7786,0.07488,0.07546,0.004073,5e-05,-0.004023,0.7826
2026-06-08T08:22:20.450692+00:00Z,gate,bybit,ESPORTSUSDT,0.8575,0.07499,0.07563,0.004073,5e-05,-0.004023,0.8615
2026-06-08T08:22:20.450692+00:00Z,gate,mexc,ESPORTSUSDT,0.541,0.07499,0.07538,0.004073,-0.016872,-0.020945,0.562
2026-06-08T08:22:24.465548+00:00Z,gate,bybit,ESPORTSUSDT,0.7886,0.0752,0.07579,0.004073,5e-05,-0.004023,0.7926
2026-06-08T08:22:26.480051+00:00Z,gate,bybit,ESPORTSUSDT,0.84,0.07536,0.07599,0.004073,5e-05,-0.004023,0.844
2026-06-08T08:22:30.496208+00:00Z,gate,bybit,ESPORTSUSDT,0.6429,0.07513,0.07561,0.004073,5e-05,-0.004023,0.6469
2026-06-08T08:22:32.511340+00:00Z,gate,bybit,ESPORTSUSDT,0.6699,0.07509,0.07559,0.004073,5e-05,-0.004023,0.6739
2026-06-08T08:22:34.513433+00:00Z,gate,mexc,ESPORTSUSDT,1.3482,0.07457,0.07556,0.003697,-0.016872,-0.020569,1.3687
2026-06-08T08:22:34.513433+00:00Z,gate,bybit,ESPORTSUSDT,0.6607,0.07457,0.07506,0.003697,5e-05,-0.003647,0.6644
2026-06-08T08:22:34.513433+00:00Z,bybit,mexc,ESPORTSUSDT,0.6428,0.07509,0.07556,5e-05,-0.016872,-0.016922,0.6598
2026-06-08T08:22:36.530465+00:00Z,gate,bybit,ESPORTSUSDT,0.7852,0.07421,0.07479,0.003697,5e-05,-0.003647,0.7889
2026-06-08T08:22:38.532722+00:00Z,gate,bybit,ESPORTSUSDT,0.8272,0.07407,0.07468,0.003697,5e-05,-0.003647,0.8308
2026-06-08T08:22:40.548149+00:00Z,gate,bybit,ESPORTSUSDT,0.543,0.07416,0.07456,0.003697,5e-05,-0.003647,0.5467
2026-06-08T08:22:42.551727+00:00Z,gate,bybit,ESPORTSUSDT,0.7153,0.07447,0.075,0.003697,5e-05,-0.003647,0.719
2026-06-08T08:22:42.551727+00:00Z,mexc,bybit,ESPORTSUSDT,0.6407,0.07451,0.075,-0.016872,5e-05,0.016922,0.6238
2026-06-08T08:22:44.569705+00:00Z,mexc,bybit,ESPORTSUSDT,0.9494,0.07451,0.07523,-0.016872,5e-05,0.016922,0.9325
2026-06-08T08:22:44.569705+00:00Z,gate,bybit,ESPORTSUSDT,0.7132,0.0747,0.07523,0.003697,5e-05,-0.003647,0.7168
2026-06-08T08:22:46.575266+00:00Z,mexc,bybit,ESPORTSUSDT,1.3118,0.07451,0.0755,-0.016872,5e-05,0.016922,1.2948
2026-06-08T08:22:46.575266+00:00Z,gate,bybit,ESPORTSUSDT,0.6167,0.07504,0.0755,0.003697,5e-05,-0.003647,0.6203
2026-06-08T08:22:48.601159+00:00Z,mexc,bybit,ESPORTSUSDT,1.446,0.07451,0.0756,-0.016872,5e-05,0.016922,1.429
2026-06-08T08:22:48.601159+00:00Z,gate,bybit,ESPORTSUSDT,0.6828,0.07509,0.0756,0.003697,5e-05,-0.003647,0.6865
2026-06-08T08:22:50.618859+00:00Z,mexc,bybit,ESPORTSUSDT,1.2178,0.07451,0.07543,-0.016872,5e-05,0.016922,1.2009
2026-06-08T08:22:50.618859+00:00Z,gate,bybit,ESPORTSUSDT,0.7247,0.07489,0.07543,0.003697,5e-05,-0.003647,0.7284
2026-06-08T08:22:52.635166+00:00Z,mexc,bybit,ESPORTSUSDT,1.1239,0.07451,0.07536,-0.016872,5e-05,0.016922,1.1069
2026-06-08T08:22:52.635166+00:00Z,mexc,gate,ESPORTSUSDT,0.5968,0.07451,0.07497,-0.016872,0.003697,0.020569,0.5762
2026-06-08T08:22:54.651831+00:00Z,mexc,bybit,ESPORTSUSDT,1.8352,0.07451,0.07589,-0.016872,5e-05,0.016922,1.8183
2026-06-08T08:22:54.651831+00:00Z,mexc,gate,ESPORTSUSDT,0.9592,0.07451,0.07524,-0.016872,0.003697,0.020569,0.9386
2026-06-08T08:22:54.651831+00:00Z,gate,bybit,ESPORTSUSDT,0.5868,0.07545,0.07589,0.003697,5e-05,-0.003647,0.5905
2026-06-08T08:22:56.669218+00:00Z,mexc,bybit,ESPORTSUSDT,2.211,0.07451,0.07617,-0.016872,5e-05,0.016922,2.194
2026-06-08T08:22:56.669218+00:00Z,mexc,gate,ESPORTSUSDT,1.2142,0.07451,0.07543,-0.016872,0.003697,0.020569,1.1936
2026-06-08T08:22:56.669218+00:00Z,gate,bybit,ESPORTSUSDT,0.731,0.07562,0.07617,0.003697,5e-05,-0.003647,0.7346
2026-06-08T08:22:58.692630+00:00Z,mexc,bybit,ESPORTSUSDT,1.5802,0.07451,0.0757,-0.016872,5e-05,0.016922,1.5633
2026-06-08T08:22:58.692630+00:00Z,mexc,gate,ESPORTSUSDT,1.1739,0.07451,0.0754,-0.016872,0.003697,0.020569,1.1533
2026-06-08T08:23:00.710859+00:00Z,mexc,bybit,ESPORTSUSDT,2.1707,0.07451,0.07614,-0.016872,5e-05,0.016922,2.1538
2026-06-08T08:23:00.710859+00:00Z,mexc,gate,ESPORTSUSDT,1.1202,0.07451,0.07536,-0.016872,0.003697,0.020569,1.0996
2026-06-08T08:23:00.710859+00:00Z,gate,bybit,ESPORTSUSDT,0.7313,0.07559,0.07614,0.003697,5e-05,-0.003647,0.7349
2026-06-08T08:23:02.728342+00:00Z,mexc,bybit,ESPORTSUSDT,2.8149,0.07451,0.07662,-0.016872,5e-05,0.016922,2.798
2026-06-08T08:23:02.728342+00:00Z,mexc,gate,ESPORTSUSDT,1.7913,0.07451,0.07586,-0.016872,0.003697,0.020569,1.7707
2026-06-08T08:23:02.728342+00:00Z,gate,bybit,ESPORTSUSDT,0.8327,0.07599,0.07662,0.003697,5e-05,-0.003647,0.8364
2026-06-08T08:23:04.752759+00:00Z,mexc,bybit,ESPORTSUSDT,2.2915,0.07451,0.07623,-0.016872,5e-05,0.016922,2.2746
2026-06-08T08:23:04.752759+00:00Z,mexc,gate,ESPORTSUSDT,1.7376,0.07451,0.07582,-0.016872,0.003697,0.020569,1.717
2026-06-08T08:23:06.782263+00:00Z,mexc,bybit,ESPORTSUSDT,2.3854,0.07451,0.0763,-0.016872,5e-05,0.016922,2.3685
2026-06-08T08:23:06.782263+00:00Z,mexc,gate,ESPORTSUSDT,1.59,0.07451,0.07571,-0.016872,0.003697,0.020569,1.5694
2026-06-08T08:23:08.797462+00:00Z,mexc,bybit,ESPORTSUSDT,2.1841,0.07451,0.07615,-0.016872,5e-05,0.016922,2.1672
2026-06-08T08:23:08.797462+00:00Z,mexc,gate,ESPORTSUSDT,1.5497,0.07451,0.07568,-0.016872,0.003697,0.020569,1.5291
2026-06-08T08:23:10.800173+00:00Z,mexc,bybit,ESPORTSUSDT,2.0633,0.07451,0.07606,-0.016872,5e-05,0.016922,2.0464
2026-06-08T08:23:10.800173+00:00Z,mexc,gate,ESPORTSUSDT,1.6302,0.07451,0.07574,-0.016872,0.003697,0.020569,1.6096
2026-06-08T08:23:12.818250+00:00Z,mexc,bybit,ESPORTSUSDT,2.4794,0.07451,0.07637,-0.016872,5e-05,0.016922,2.4625
2026-06-08T08:23:12.818250+00:00Z,mexc,gate,ESPORTSUSDT,1.7107,0.07451,0.0758,-0.016872,0.003697,0.020569,1.6902
2026-06-08T08:23:12.818250+00:00Z,bybit,gate,PIPPINUSDT,0.5531,0.02168,0.0218,5e-05,0.000432,0.000382,0.5527
2026-06-08T08:23:12.818250+00:00Z,gate,bybit,ESPORTSUSDT,0.5434,0.07596,0.07637,0.003697,5e-05,-0.003647,0.5471
2026-06-08T08:23:14.838924+00:00Z,mexc,bybit,ESPORTSUSDT,2.5868,0.07451,0.07645,-0.016872,5e-05,0.016922,2.5698
2026-06-08T08:23:14.838924+00:00Z,mexc,gate,ESPORTSUSDT,1.6839,0.07451,0.07578,-0.016872,0.003697,0.020569,1.6633
2026-06-08T08:23:14.838924+00:00Z,gate,bybit,ESPORTSUSDT,0.7416,0.07589,0.07645,0.003697,5e-05,-0.003647,0.7452
2026-06-08T08:23:16.856671+00:00Z,mexc,bybit,ESPORTSUSDT,2.3318,0.07451,0.07626,-0.016872,5e-05,0.016922,2.3148
2026-06-08T08:23:16.856671+00:00Z,mexc,gate,ESPORTSUSDT,1.4155,0.07451,0.07558,-0.016872,0.003697,0.020569,1.3949
2026-06-08T08:23:16.856671+00:00Z,gate,bybit,ESPORTSUSDT,0.6105,0.0758,0.07626,0.003697,5e-05,-0.003647,0.6142
2026-06-08T08:23:18.875006+00:00Z,mexc,bybit,ESPORTSUSDT,2.2915,0.07451,0.07623,-0.016872,5e-05,0.016922,2.2746
2026-06-08T08:23:18.875006+00:00Z,mexc,gate,ESPORTSUSDT,1.2678,0.07451,0.07547,-0.016872,0.003697,0.020569,1.2473
2026-06-08T08:23:18.875006+00:00Z,gate,bybit,ESPORTSUSDT,0.797,0.07563,0.07623,0.003697,5e-05,-0.003647,0.8006
2026-06-08T08:23:20.895985+00:00Z,mexc,bybit,ESPORTSUSDT,2.1573,0.07451,0.07613,-0.016872,5e-05,0.016922,2.1404
2026-06-08T08:23:20.895985+00:00Z,mexc,gate,ESPORTSUSDT,1.1873,0.07451,0.07541,-0.016872,0.003697,0.020569,1.1668
2026-06-08T08:23:20.895985+00:00Z,gate,bybit,ESPORTSUSDT,0.585,0.07569,0.07613,0.003697,5e-05,-0.003647,0.5886
2026-06-08T08:23:22.916314+00:00Z,mexc,bybit,ESPORTSUSDT,1.6473,0.07451,0.07575,-0.016872,5e-05,0.016922,1.6304
2026-06-08T08:23:22.916314+00:00Z,gate,bybit,ESPORTSUSDT,0.735,0.0752,0.07575,0.003697,5e-05,-0.003647,0.7387
2026-06-08T08:23:22.916314+00:00Z,mexc,gate,ESPORTSUSDT,0.6505,0.07451,0.07501,-0.016872,0.003697,0.020569,0.6299
2026-06-08T08:23:24.922070+00:00Z,mexc,bybit,ESPORTSUSDT,0.8018,0.07451,0.07512,-0.016872,5e-05,0.016922,0.7848
2026-06-08T08:23:24.922070+00:00Z,gate,bybit,ESPORTSUSDT,0.6333,0.07465,0.07512,0.003697,5e-05,-0.003647,0.6369
2026-06-08T08:23:26.938671+00:00Z,gate,bybit,ESPORTSUSDT,0.7736,0.07403,0.0746,0.003697,5e-05,-0.003647,0.7773
2026-06-08T08:23:26.938671+00:00Z,mexc,bybit,ALLOUSDT,0.5124,0.46032,0.46268,-0.0002,5e-05,0.00025,0.5122
2026-06-08T08:23:28.941768+00:00Z,mexc,bybit,ALLOUSDT,0.6993,0.46032,0.46354,-0.0002,5e-05,0.00025,0.699
2026-06-08T08:23:28.941768+00:00Z,mexc,gate,ALLOUSDT,0.678,0.46032,0.46344,-0.0002,-0.000428,-0.000228,0.6782
2026-06-08T08:23:30.963513+00:00Z,gate,bybit,ESPORTSUSDT,0.7448,0.07421,0.07476,0.003697,5e-05,-0.003647,0.7484
2026-06-08T08:23:30.963513+00:00Z,mexc,bybit,ALLOUSDT,0.6623,0.46032,0.46337,-0.0002,5e-05,0.00025,0.6621
2026-06-08T08:23:30.963513+00:00Z,mexc,gate,ALLOUSDT,0.6063,0.46032,0.46311,-0.0002,-0.000428,-0.000228,0.6066
2026-06-08T08:23:32.969494+00:00Z,gate,bybit,ESPORTSUSDT,0.7363,0.0737,0.07424,0.003697,5e-05,-0.003647,0.74
2026-06-08T08:23:32.969494+00:00Z,mexc,gate,ALLOUSDT,0.7236,0.46032,0.46365,-0.0002,-0.000428,-0.000228,0.7239
2026-06-08T08:23:32.969494+00:00Z,mexc,bybit,ALLOUSDT,0.6775,0.46032,0.46344,-0.0002,5e-05,0.00025,0.6773
2026-06-08T08:23:32.969494+00:00Z,gate,mexc,ESPORTSUSDT,0.6719,0.0737,0.07418,0.003697,-0.016872,-0.020569,0.6924
2026-06-08T08:23:34.975381+00:00Z,gate,mexc,ESPORTSUSDT,0.8085,0.0736,0.07418,0.00358,-0.016872,-0.020452,0.8289
2026-06-08T08:23:34.975381+00:00Z,mexc,bybit,ALLOUSDT,0.7579,0.46032,0.46381,-0.0002,5e-05,0.00025,0.7577
2026-06-08T08:23:34.975381+00:00Z,mexc,gate,ALLOUSDT,0.704,0.46032,0.46356,-0.0002,-0.000382,-0.000182,0.7042
2026-06-08T08:23:34.975381+00:00Z,gate,bybit,ESPORTSUSDT,0.6285,0.0736,0.07406,0.00358,5e-05,-0.00353,0.6321
2026-06-08T08:23:36.993600+00:00Z,mexc,bybit,ALLOUSDT,0.8253,0.46032,0.46412,-0.0002,5e-05,0.00025,0.825
2026-06-08T08:23:36.993600+00:00Z,mexc,gate,ALLOUSDT,0.7584,0.46032,0.46381,-0.0002,-0.000382,-0.000182,0.7585
2026-06-08T08:23:36.993600+00:00Z,gate,bybit,ESPORTSUSDT,0.6103,0.07416,0.07461,0.00358,5e-05,-0.00353,0.6139
2026-06-08T08:23:39.021783+00:00Z,mexc,gate,ALLOUSDT,0.7888,0.46032,0.46395,-0.0002,-0.000382,-0.000182,0.7889
2026-06-08T08:23:39.021783+00:00Z,mexc,bybit,ALLOUSDT,0.784,0.46032,0.46393,-0.0002,5e-05,0.00025,0.7837
2026-06-08T08:23:39.021783+00:00Z,gate,bybit,ESPORTSUSDT,0.6771,0.07423,0.07473,0.00358,5e-05,-0.00353,0.6806
2026-06-08T08:23:41.047053+00:00Z,mexc,bybit,ALLOUSDT,0.8883,0.46032,0.46441,-0.0002,5e-05,0.00025,0.888
2026-06-08T08:23:41.047053+00:00Z,mexc,gate,ALLOUSDT,0.8257,0.46032,0.46412,-0.0002,-0.000382,-0.000182,0.8259
2026-06-08T08:23:43.063813+00:00Z,mexc,bybit,ESPORTSUSDT,0.936,0.07451,0.07522,-0.016872,5e-05,0.016922,0.919
2026-06-08T08:23:43.063813+00:00Z,mexc,gate,ALLOUSDT,0.8148,0.46032,0.46407,-0.0002,-0.000382,-0.000182,0.815
2026-06-08T08:23:43.063813+00:00Z,mexc,bybit,ALLOUSDT,0.7666,0.46032,0.46385,-0.0002,5e-05,0.00025,0.7664
2026-06-08T08:23:45.086257+00:00Z,mexc,bybit,ESPORTSUSDT,0.8554,0.07451,0.07516,-0.016872,5e-05,0.016922,0.8385
2026-06-08T08:23:45.086257+00:00Z,mexc,bybit,ALLOUSDT,0.8144,0.46032,0.46407,-0.0002,5e-05,0.00025,0.8142
2026-06-08T08:23:45.086257+00:00Z,mexc,gate,ALLOUSDT,0.7627,0.46032,0.46383,-0.0002,-0.000382,-0.000182,0.7629
2026-06-08T08:23:45.086257+00:00Z,gate,bybit,ESPORTSUSDT,0.6193,0.0747,0.07516,0.00358,5e-05,-0.00353,0.6229
2026-06-08T08:23:47.104936+00:00Z,mexc,bybit,ESPORTSUSDT,0.9494,0.07451,0.07523,-0.016872,5e-05,0.016922,0.9325
2026-06-08T08:23:47.104936+00:00Z,mexc,bybit,ALLOUSDT,0.91,0.46032,0.46451,-0.0002,5e-05,0.00025,0.9097
2026-06-08T08:23:47.104936+00:00Z,mexc,gate,ALLOUSDT,0.8648,0.46032,0.4643,-0.0002,-0.000382,-0.000182,0.865
2026-06-08T08:23:47.104936+00:00Z,gate,bybit,ESPORTSUSDT,0.5515,0.07482,0.07523,0.00358,5e-05,-0.00353,0.555
2026-06-08T08:23:49.123027+00:00Z,mexc,bybit,ALLOUSDT,0.8731,0.46032,0.46434,-0.0002,5e-05,0.00025,0.8728
2026-06-08T08:23:49.123027+00:00Z,mexc,gate,ALLOUSDT,0.8279,0.46032,0.46413,-0.0002,-0.000382,-0.000182,0.828
2026-06-08T08:23:49.123027+00:00Z,mexc,bybit,ESPORTSUSDT,0.7347,0.07451,0.07507,-0.016872,5e-05,0.016922,0.7177
2026-06-08T08:23:51.139328+00:00Z,mexc,bybit,ALLOUSDT,0.7579,0.46032,0.46381,-0.0002,5e-05,0.00025,0.7577
2026-06-08T08:23:51.139328+00:00Z,mexc,bybit,ESPORTSUSDT,0.7347,0.07451,0.07507,-0.016872,5e-05,0.016922,0.7177
2026-06-08T08:23:51.139328+00:00Z,mexc,gate,ALLOUSDT,0.7258,0.46032,0.46366,-0.0002,-0.000382,-0.000182,0.7259
2026-06-08T08:23:51.139328+00:00Z,gate,bybit,ESPORTSUSDT,0.5258,0.07468,0.07507,0.00358,5e-05,-0.00353,0.5293
2026-06-08T08:23:53.158437+00:00Z,mexc,bybit,ESPORTSUSDT,0.5333,0.07451,0.07492,-0.016872,5e-05,0.016922,0.5164
2026-06-08T08:23:55.173497+00:00Z,mexc,bybit,ALLOUSDT,0.5689,0.46032,0.46294,-0.0002,5e-05,0.00025,0.5687
2026-06-08T08:23:55.173497+00:00Z,bybit,gate,PIPPINUSDT,0.5113,0.02149,0.0216,5e-05,0.000663,0.000613,0.5106
2026-06-08T08:23:57.196458+00:00Z,gate,bybit,ESPORTSUSDT,0.6399,0.07386,0.07433,0.00358,5e-05,-0.00353,0.6434
2026-06-08T08:23:59.216173+00:00Z,gate,bybit,ESPORTSUSDT,0.5863,0.07379,0.07422,0.00358,5e-05,-0.00353,0.5898
2026-06-08T08:23:59.216173+00:00Z,gate,mexc,ESPORTSUSDT,0.549,0.07379,0.07418,0.00358,-0.016872,-0.020452,0.5694
2026-06-08T08:24:01.231485+00:00Z,gate,bybit,ESPORTSUSDT,0.5849,0.07396,0.07439,0.00358,5e-05,-0.00353,0.5885
2026-06-08T08:24:01.231485+00:00Z,mexc,gate,JCTUSDT,0.5104,0.004899,0.004924,0.000153,9.2e-05,-6.1e-05,0.5104
2026-06-08T08:24:03.248798+00:00Z,gate,mexc,ESPORTSUSDT,0.6308,0.07373,0.07418,0.00358,-0.016872,-0.020452,0.6512
2026-06-08T08:24:03.248798+00:00Z,gate,bybit,ESPORTSUSDT,0.5189,0.07373,0.07411,0.00358,5e-05,-0.00353,0.5225
2026-06-08T08:24:03.248798+00:00Z,mexc,gate,JCTUSDT,0.5104,0.004899,0.004924,0.000153,9.2e-05,-6.1e-05,0.5104
2026-06-08T08:24:05.273254+00:00Z,gate,bybit,ESPORTSUSDT,0.5175,0.07394,0.07432,0.00358,5e-05,-0.00353,0.521
2026-06-08T08:24:07.276207+00:00Z,gate,bybit,ESPORTSUSDT,0.8559,0.07391,0.07454,0.00358,5e-05,-0.00353,0.8594
2026-06-08T08:24:09.416408+00:00Z,gate,mexc,ESPORTSUSDT,0.7537,0.07364,0.07418,0.00358,-0.016872,-0.020452,0.7742
2026-06-08T08:24:09.416408+00:00Z,gate,bybit,ESPORTSUSDT,0.7504,0.07364,0.07419,0.00358,5e-05,-0.00353,0.7539
2026-06-08T08:24:11.432393+00:00Z,gate,bybit,ESPORTSUSDT,0.7471,0.07397,0.07452,0.00358,5e-05,-0.00353,0.7506
2026-06-08T08:24:13.448035+00:00Z,mexc,bybit,LABUSDT,0.5794,13.116,13.192,0.000308,0.000379,7.1e-05,0.5793
2026-06-08T08:24:13.448035+00:00Z,gate,bybit,ESPORTSUSDT,0.5702,0.07412,0.07454,0.00358,5e-05,-0.00353,0.5737
2026-06-08T08:24:13.448035+00:00Z,mexc,gate,LABUSDT,0.525,13.116,13.18482,0.000308,6e-05,-0.000248,0.5252
2026-06-08T08:24:15.452544+00:00Z,mexc,gate,JCTUSDT,0.8166,0.004899,0.004939,0.000153,9.2e-05,-6.1e-05,0.8166
2026-06-08T08:24:15.452544+00:00Z,mexc,bybit,JCTUSDT,0.7043,0.004899,0.004934,0.000153,5e-05,-0.000103,0.7044
2026-06-08T08:24:15.452544+00:00Z,gate,bybit,ESPORTSUSDT,0.5703,0.0741,0.07452,0.00358,5e-05,-0.00353,0.5739
2026-06-08T08:24:17.500676+00:00Z,mexc,gate,JCTUSDT,0.7961,0.004899,0.004938,0.000153,9.2e-05,-6.1e-05,0.7962
2026-06-08T08:24:17.500676+00:00Z,mexc,bybit,JCTUSDT,0.5472,0.004899,0.004926,0.000153,5e-05,-0.000103,0.5473
2026-06-08T08:24:19.509070+00:00Z,mexc,gate,JCTUSDT,0.837,0.004899,0.00494,0.000153,9.2e-05,-6.1e-05,0.837
2026-06-08T08:24:21.523964+00:00Z,mexc,gate,JCTUSDT,0.837,0.004899,0.00494,0.000153,9.2e-05,-6.1e-05,0.837
2026-06-08T08:24:23.526360+00:00Z,mexc,gate,JCTUSDT,0.6124,0.004899,0.004929,0.000153,9.2e-05,-6.1e-05,0.6125
2026-06-08T08:24:23.526360+00:00Z,mexc,gate,LABUSDT,0.5298,13.116,13.18545,0.000308,6e-05,-0.000248,0.53
2026-06-08T08:24:25.550029+00:00Z,mexc,gate,LABUSDT,0.7194,13.116,13.21033,0.000308,6e-05,-0.000248,0.7197
2026-06-08T08:24:25.550029+00:00Z,mexc,bybit,LABUSDT,0.5336,13.116,13.186,0.000308,0.000379,7.1e-05,0.5336
2026-06-08T08:24:25.550029+00:00Z,mexc,gate,JCTUSDT,0.5104,0.004899,0.004924,0.000153,9.2e-05,-6.1e-05,0.5104
2026-06-08T08:24:27.569695+00:00Z,gate,mexc,ESPORTSUSDT,0.9182,0.07352,0.07418,0.00358,-0.016872,-0.020452,0.9386
2026-06-08T08:24:27.569695+00:00Z,mexc,bybit,LABUSDT,0.8538,13.116,13.228,0.000308,0.000379,7.1e-05,0.8538
2026-06-08T08:24:27.569695+00:00Z,mexc,gate,LABUSDT,0.8338,13.116,13.22533,0.000308,6e-05,-0.000248,0.8341
2026-06-08T08:24:27.569695+00:00Z,gate,bybit,ESPORTSUSDT,0.7108,0.07352,0.07404,0.00358,5e-05,-0.00353,0.7144
2026-06-08T08:24:27.569695+00:00Z,mexc,gate,JCTUSDT,0.5308,0.004899,0.004925,0.000153,9.2e-05,-6.1e-05,0.5308
2026-06-08T08:24:29.576568+00:00Z,mexc,gate,LABUSDT,0.855,13.116,13.22811,0.000308,6e-05,-0.000248,0.8553
2026-06-08T08:24:29.576568+00:00Z,mexc,bybit,LABUSDT,0.831,13.116,13.225,0.000308,0.000379,7.1e-05,0.8309
2026-06-08T08:24:29.576568+00:00Z,mexc,gate,JCTUSDT,0.7349,0.004899,0.004935,0.000153,9.2e-05,-6.1e-05,0.735
2026-06-08T08:24:29.576568+00:00Z,gate,mexc,ESPORTSUSDT,0.6171,0.07374,0.07418,0.00358,-0.016872,-0.020452,0.6376
2026-06-08T08:24:29.576568+00:00Z,gate,bybit,ESPORTSUSDT,0.6002,0.07374,0.07418,0.00358,5e-05,-0.00353,0.6038
2026-06-08T08:24:31.595476+00:00Z,mexc,bybit,LABUSDT,0.9453,13.116,13.24,0.000308,0.000379,7.1e-05,0.9453
2026-06-08T08:24:31.595476+00:00Z,mexc,gate,LABUSDT,0.9083,13.116,13.2351,0.000308,6e-05,-0.000248,0.9085
2026-06-08T08:24:31.595476+00:00Z,mexc,gate,JCTUSDT,0.7349,0.004899,0.004935,0.000153,9.2e-05,-6.1e-05,0.735
2026-06-08T08:24:31.595476+00:00Z,gate,bybit,ESPORTSUSDT,0.6804,0.07387,0.07437,0.00358,5e-05,-0.00353,0.6839
2026-06-08T08:24:33.613386+00:00Z,mexc,gate,LABUSDT,0.8978,13.116,13.23372,0.000308,5e-05,-0.000258,0.898
2026-06-08T08:24:33.613386+00:00Z,mexc,bybit,LABUSDT,0.8767,13.116,13.231,0.000308,0.000379,7.1e-05,0.8767
2026-06-08T08:24:33.613386+00:00Z,mexc,gate,JCTUSDT,0.7348,0.004899,0.004935,0.000153,0.000167,1.4e-05,0.7348
2026-06-08T08:24:35.632593+00:00Z,mexc,bybit,LABUSDT,0.8234,13.116,13.224,0.000308,0.000379,7.1e-05,0.8233
2026-06-08T08:24:35.632593+00:00Z,mexc,gate,LABUSDT,0.7708,13.116,13.21706,0.000308,5e-05,-0.000258,0.771
2026-06-08T08:24:35.632593+00:00Z,gate,bybit,ESPORTSUSDT,0.5995,0.0738,0.07424,0.003312,5e-05,-0.003262,0.6027
2026-06-08T08:24:35.632593+00:00Z,mexc,bybit,ALLOUSDT,0.5472,0.46032,0.46284,-0.0002,5e-05,0.00025,0.5469
2026-06-08T08:24:35.632593+00:00Z,gate,mexc,ESPORTSUSDT,0.5351,0.0738,0.07418,0.003312,-0.016872,-0.020184,0.5553
2026-06-08T08:24:35.632593+00:00Z,mexc,gate,ALLOUSDT,0.502,0.46032,0.46263,-0.0002,-0.000398,-0.000198,0.5022
2026-06-08T08:24:37.658751+00:00Z,mexc,gate,JCTUSDT,0.5307,0.004899,0.004925,0.000153,0.000167,1.4e-05,0.5307
2026-06-08T08:24:41.674179+00:00Z,gate,bybit,ESPORTSUSDT,0.5297,0.07408,0.07447,0.003312,5e-05,-0.003262,0.533
2026-06-08T08:24:43.690104+00:00Z,gate,bybit,ESPORTSUSDT,0.5155,0.07418,0.07456,0.003312,5e-05,-0.003262,0.5188
2026-06-08T08:24:45.706056+00:00Z,gate,bybit,ESPORTSUSDT,0.5713,0.07394,0.07436,0.003312,5e-05,-0.003262,0.5746
2026-06-08T08:24:47.723328+00:00Z,gate,bybit,ESPORTSUSDT,0.6106,0.07409,0.07454,0.003312,5e-05,-0.003262,0.6139
2026-06-08T08:24:49.726377+00:00Z,gate,bybit,ESPORTSUSDT,0.5305,0.07397,0.07436,0.003312,5e-05,-0.003262,0.5338
2026-06-08T08:24:51.741575+00:00Z,gate,bybit,ESPORTSUSDT,0.5452,0.07381,0.07421,0.003312,5e-05,-0.003262,0.5485
2026-06-08T08:24:53.760626+00:00Z,gate,bybit,ESPORTSUSDT,0.6542,0.07374,0.07422,0.003312,5e-05,-0.003262,0.6575
2026-06-08T08:24:55.776621+00:00Z,gate,bybit,ESPORTSUSDT,0.6941,0.07382,0.07433,0.003312,5e-05,-0.003262,0.6974
2026-06-08T08:24:57.778615+00:00Z,gate,bybit,ESPORTSUSDT,0.6668,0.07385,0.07434,0.003312,5e-05,-0.003262,0.67
2026-06-08T08:24:59.782753+00:00Z,gate,bybit,ESPORTSUSDT,0.6934,0.0739,0.07441,0.003312,5e-05,-0.003262,0.6966
2026-06-08T08:25:01.785839+00:00Z,gate,bybit,ESPORTSUSDT,0.7615,0.07386,0.07442,0.003312,5e-05,-0.003262,0.7647
2026-06-08T08:25:01.785839+00:00Z,gate,mexc,ESPORTSUSDT,0.5614,0.07386,0.07426,0.003312,-0.016532,-0.019844,0.5813
2026-06-08T08:25:05.804507+00:00Z,gate,bybit,ESPORTSUSDT,0.5885,0.07348,0.07391,0.003312,5e-05,-0.003262,0.5917
2026-06-08T08:25:07.821730+00:00Z,gate,bybit,ESPORTSUSDT,0.749,0.07375,0.0743,0.003312,5e-05,-0.003262,0.7523
2026-06-08T08:25:09.836272+00:00Z,gate,bybit,ESPORTSUSDT,0.6416,0.07363,0.0741,0.003312,5e-05,-0.003262,0.6449
2026-06-08T08:25:13.855061+00:00Z,gate,bybit,ESPORTSUSDT,0.6503,0.07418,0.07466,0.003312,5e-05,-0.003262,0.6536
2026-06-08T08:25:17.871824+00:00Z,gate,bybit,ESPORTSUSDT,0.7175,0.0742,0.07473,0.003312,5e-05,-0.003262,0.7208
2026-06-08T08:25:17.871824+00:00Z,gate,mexc,ESPORTSUSDT,0.532,0.0742,0.07458,0.003312,-0.016532,-0.019844,0.5518
2026-06-08T08:25:19.875812+00:00Z,gate,bybit,ESPORTSUSDT,0.5693,0.0742,0.07462,0.003312,5e-05,-0.003262,0.5726
2026-06-08T08:25:21.890878+00:00Z,gate,bybit,ESPORTSUSDT,0.6771,0.0742,0.0747,0.003312,5e-05,-0.003262,0.6804
2026-06-08T08:25:21.890878+00:00Z,gate,mexc,ESPORTSUSDT,0.532,0.0742,0.07458,0.003312,-0.016532,-0.019844,0.5518
2026-06-08T08:25:23.906637+00:00Z,gate,bybit,ESPORTSUSDT,0.6488,0.07436,0.07484,0.003312,5e-05,-0.003262,0.652
2026-06-08T08:25:25.909676+00:00Z,gate,bybit,ESPORTSUSDT,0.5407,0.07443,0.07483,0.003312,5e-05,-0.003262,0.5439
2026-06-08T08:25:27.924441+00:00Z,gate,bybit,ESPORTSUSDT,0.5284,0.07426,0.07465,0.003312,5e-05,-0.003262,0.5317
2026-06-08T08:25:31.929708+00:00Z,gate,bybit,ESPORTSUSDT,0.5272,0.07443,0.07482,0.003312,5e-05,-0.003262,0.5305
2026-06-08T08:25:33.946274+00:00Z,gate,bybit,ESPORTSUSDT,0.5658,0.07465,0.07507,0.003241,5e-05,-0.003191,0.569
2026-06-08T08:25:35.950353+00:00Z,gate,bybit,ESPORTSUSDT,0.539,0.07466,0.07506,0.003241,5e-05,-0.003191,0.5421
2026-06-08T08:25:37.952242+00:00Z,gate,bybit,ESPORTSUSDT,0.5922,0.0747,0.07514,0.003241,5e-05,-0.003191,0.5954
2026-06-08T08:25:39.968237+00:00Z,gate,bybit,ESPORTSUSDT,0.6733,0.07461,0.07511,0.003241,5e-05,-0.003191,0.6765
2026-06-08T08:25:41.983244+00:00Z,gate,bybit,ESPORTSUSDT,0.7548,0.07451,0.07507,0.003241,5e-05,-0.003191,0.758
2026-06-08T08:25:41.983244+00:00Z,gate,mexc,ESPORTSUSDT,0.5566,0.07451,0.07491,0.003241,-0.016532,-0.019773,0.5764
2026-06-08T08:25:43.996791+00:00Z,gate,bybit,ESPORTSUSDT,0.6862,0.07467,0.07518,0.003241,5e-05,-0.003191,0.6894
2026-06-08T08:25:46.011585+00:00Z,gate,bybit,ESPORTSUSDT,0.6998,0.07465,0.07517,0.003241,5e-05,-0.003191,0.703
2026-06-08T08:25:48.028550+00:00Z,gate,bybit,ESPORTSUSDT,0.6052,0.07475,0.0752,0.003241,5e-05,-0.003191,0.6084
2026-06-08T08:25:52.032679+00:00Z,gate,bybit,ESPORTSUSDT,0.6268,0.07537,0.07584,0.003241,5e-05,-0.003191,0.63
2026-06-08T08:25:54.047747+00:00Z,gate,bybit,ESPORTSUSDT,0.7213,0.0752,0.07574,0.003241,5e-05,-0.003191,0.7245
2026-06-08T08:25:54.047747+00:00Z,gate,mexc,ESPORTSUSDT,0.6714,0.0752,0.07569,0.003241,-0.016532,-0.019773,0.6911
2026-06-08T08:25:56.070306+00:00Z,gate,bybit,ESPORTSUSDT,0.6533,0.07537,0.07586,0.003241,5e-05,-0.003191,0.6565
2026-06-08T08:26:00.086551+00:00Z,gate,bybit,ESPORTSUSDT,0.5367,0.07498,0.07538,0.003241,5e-05,-0.003191,0.5399
2026-06-08T08:26:02.090637+00:00Z,gate,bybit,ESPORTSUSDT,0.794,0.07461,0.0752,0.003241,5e-05,-0.003191,0.7972
2026-06-08T08:26:04.105987+00:00Z,gate,mexc,ESPORTSUSDT,0.608,0.07478,0.07522,0.003241,-0.016365,-0.019606,0.6276
2026-06-08T08:26:04.105987+00:00Z,gate,bybit,ESPORTSUSDT,0.5381,0.07478,0.07518,0.003241,5e-05,-0.003191,0.5413
2026-06-08T08:26:06.114971+00:00Z,gate,bybit,ESPORTSUSDT,0.5794,0.07462,0.07505,0.003241,5e-05,-0.003191,0.5826
2026-06-08T08:26:08.130602+00:00Z,gate,bybit,ESPORTSUSDT,0.669,0.0751,0.0756,0.003241,5e-05,-0.003191,0.6722
2026-06-08T08:26:10.145835+00:00Z,gate,bybit,ESPORTSUSDT,0.7871,0.07526,0.07585,0.003241,5e-05,-0.003191,0.7903
2026-06-08T08:26:12.160550+00:00Z,gate,bybit,ESPORTSUSDT,0.5713,0.07569,0.07612,0.003241,5e-05,-0.003191,0.5745
2026-06-08T08:26:14.175135+00:00Z,gate,bybit,ESPORTSUSDT,0.5857,0.07553,0.07597,0.003241,5e-05,-0.003191,0.5889
2026-06-08T08:26:16.190584+00:00Z,gate,bybit,ESPORTSUSDT,0.6254,0.07554,0.07601,0.003241,5e-05,-0.003191,0.6286
2026-06-08T08:26:18.193505+00:00Z,gate,bybit,ESPORTSUSDT,0.7042,0.0756,0.07613,0.003241,5e-05,-0.003191,0.7074
2026-06-08T08:26:20.207697+00:00Z,gate,bybit,ESPORTSUSDT,0.6764,0.07576,0.07627,0.003241,5e-05,-0.003191,0.6796
2026-06-08T08:26:22.209659+00:00Z,gate,bybit,ESPORTSUSDT,0.7009,0.07596,0.07649,0.003241,5e-05,-0.003191,0.7041
2026-06-08T08:26:24.225511+00:00Z,gate,bybit,ESPORTSUSDT,0.7139,0.07598,0.07652,0.003241,5e-05,-0.003191,0.7171
2026-06-08T08:26:26.227799+00:00Z,gate,bybit,ESPORTSUSDT,0.7657,0.07606,0.07664,0.003241,5e-05,-0.003191,0.7689
2026-06-08T08:26:30.251038+00:00Z,gate,mexc,ESPORTSUSDT,0.6594,0.07503,0.07551,0.003241,-0.016365,-0.019606,0.679
2026-06-08T08:26:30.251038+00:00Z,gate,bybit,ESPORTSUSDT,0.5896,0.07503,0.07547,0.003241,5e-05,-0.003191,0.5928
2026-06-08T08:26:32.267611+00:00Z,gate,bybit,ESPORTSUSDT,0.8209,0.0746,0.07521,0.003241,5e-05,-0.003191,0.8241
2026-06-08T08:26:32.267611+00:00Z,mexc,bybit,ESPORTSUSDT,0.5586,0.07478,0.07521,-0.016365,5e-05,0.016415,0.5422
2026-06-08T08:26:34.283804+00:00Z,gate,bybit,ESPORTSUSDT,0.8308,0.0749,0.07552,0.003114,5e-05,-0.003064,0.8339
2026-06-08T08:26:36.298273+00:00Z,gate,bybit,ESPORTSUSDT,0.6162,0.07503,0.07549,0.003114,5e-05,-0.003064,0.6192
2026-06-08T08:26:42.321831+00:00Z,gate,bybit,ESPORTSUSDT,0.5207,0.07534,0.07573,0.003114,5e-05,-0.003064,0.5238
2026-06-08T08:26:44.337190+00:00Z,gate,bybit,ESPORTSUSDT,0.68,0.07534,0.07585,0.003114,5e-05,-0.003064,0.6831
2026-06-08T08:26:46.360218+00:00Z,gate,bybit,ESPORTSUSDT,0.6667,0.07534,0.07584,0.003114,5e-05,-0.003064,0.6698
2026-06-08T08:26:48.377690+00:00Z,gate,bybit,ESPORTSUSDT,0.5712,0.07568,0.07611,0.003114,5e-05,-0.003064,0.5743
2026-06-08T08:27:00.400044+00:00Z,mexc,bybit,ALLOUSDT,0.5344,0.46575,0.46824,-0.000185,5e-05,0.000235,0.5342
2026-06-08T08:27:02.416387+00:00Z,mexc,gate,ALLOUSDT,1.0479,0.46575,0.47063,-0.000185,-0.000282,-9.7e-05,1.048
2026-06-08T08:27:02.416387+00:00Z,mexc,bybit,ESPORTSUSDT,1.0476,0.07613,0.07694,-0.016365,5e-05,0.016415,1.0311
2026-06-08T08:27:02.416387+00:00Z,mexc,bybit,ALLOUSDT,1.0347,0.46575,0.47057,-0.000185,5e-05,0.000235,1.0344
2026-06-08T08:27:04.421120+00:00Z,mexc,bybit,ESPORTSUSDT,1.5467,0.07613,0.07732,-0.016365,5e-05,0.016415,1.5303
2026-06-08T08:27:04.421120+00:00Z,mexc,gate,ESPORTSUSDT,0.8081,0.07613,0.07676,-0.016365,0.003114,0.019479,0.7886
2026-06-08T08:27:04.421120+00:00Z,mexc,bybit,ALLOUSDT,0.7212,0.46575,0.46911,-0.000185,5e-05,0.000235,0.7209
2026-06-08T08:27:04.421120+00:00Z,mexc,gate,ALLOUSDT,0.5991,0.46575,0.46854,-0.000185,-0.000282,-9.7e-05,0.5992
2026-06-08T08:27:04.421120+00:00Z,gate,bybit,ESPORTSUSDT,0.5623,0.07689,0.07732,0.003114,5e-05,-0.003064,0.5654
2026-06-08T08:27:06.439799+00:00Z,mexc,bybit,ESPORTSUSDT,1.6518,0.07613,0.0774,-0.016365,5e-05,0.016415,1.6354
2026-06-08T08:27:06.439799+00:00Z,mexc,bybit,ALLOUSDT,0.9767,0.46575,0.4703,-0.000185,5e-05,0.000235,0.9764
2026-06-08T08:27:06.439799+00:00Z,mexc,gate,ALLOUSDT,0.947,0.46575,0.47016,-0.000185,-0.000282,-9.7e-05,0.9471
2026-06-08T08:27:06.439799+00:00Z,mexc,gate,ESPORTSUSDT,0.8475,0.07613,0.07679,-0.016365,0.003114,0.019479,0.828
2026-06-08T08:27:06.439799+00:00Z,gate,bybit,ESPORTSUSDT,0.5748,0.07696,0.0774,0.003114,5e-05,-0.003064,0.5779
2026-06-08T08:27:08.458513+00:00Z,mexc,bybit,ESPORTSUSDT,1.6255,0.07613,0.07738,-0.016365,5e-05,0.016415,1.6091
2026-06-08T08:27:08.458513+00:00Z,mexc,gate,ESPORTSUSDT,1.1364,0.07613,0.07701,-0.016365,0.003114,0.019479,1.117
2026-06-08T08:27:08.458513+00:00Z,mexc,bybit,ALLOUSDT,0.981,0.46575,0.47032,-0.000185,5e-05,0.000235,0.9807
2026-06-08T08:27:08.458513+00:00Z,mexc,gate,ALLOUSDT,0.9577,0.46575,0.47021,-0.000185,-0.000282,-9.7e-05,0.9578
2026-06-08T08:27:10.484330+00:00Z,mexc,bybit,ESPORTSUSDT,1.8488,0.07613,0.07755,-0.016365,5e-05,0.016415,1.8324
2026-06-08T08:27:10.484330+00:00Z,mexc,gate,ESPORTSUSDT,1.097,0.07613,0.07698,-0.016365,0.003114,0.019479,1.0776
2026-06-08T08:27:10.484330+00:00Z,mexc,bybit,ALLOUSDT,0.8178,0.46575,0.46956,-0.000185,5e-05,0.000235,0.8176
2026-06-08T08:27:10.484330+00:00Z,mexc,gate,ALLOUSDT,0.7473,0.46575,0.46923,-0.000185,-0.000282,-9.7e-05,0.7474
2026-06-08T08:27:10.484330+00:00Z,gate,bybit,ESPORTSUSDT,0.5346,0.07714,0.07755,0.003114,5e-05,-0.003064,0.5376
2026-06-08T08:27:12.503322+00:00Z,mexc,bybit,ESPORTSUSDT,1.3234,0.07613,0.07715,-0.016365,5e-05,0.016415,1.307
2026-06-08T08:27:12.503322+00:00Z,mexc,gate,ALLOUSDT,0.8396,0.46575,0.46966,-0.000185,-0.000282,-9.7e-05,0.8397
2026-06-08T08:27:12.503322+00:00Z,mexc,bybit,ALLOUSDT,0.8092,0.46575,0.46952,-0.000185,5e-05,0.000235,0.809
2026-06-08T08:27:12.503322+00:00Z,mexc,gate,ESPORTSUSDT,0.7292,0.07613,0.0767,-0.016365,0.003114,0.019479,0.7098
2026-06-08T08:27:14.521295+00:00Z,mexc,bybit,ESPORTSUSDT,1.3759,0.07613,0.07719,-0.016365,5e-05,0.016415,1.3595
2026-06-08T08:27:14.521295+00:00Z,mexc,bybit,ALLOUSDT,0.8371,0.46575,0.46965,-0.000185,5e-05,0.000235,0.8369
2026-06-08T08:27:14.521295+00:00Z,mexc,gate,ALLOUSDT,0.7494,0.46575,0.46924,-0.000185,-0.000282,-9.7e-05,0.7495
2026-06-08T08:27:14.521295+00:00Z,mexc,gate,ESPORTSUSDT,0.6898,0.07613,0.07667,-0.016365,0.003114,0.019479,0.6704
2026-06-08T08:27:14.521295+00:00Z,gate,bybit,ESPORTSUSDT,0.5895,0.07674,0.07719,0.003114,5e-05,-0.003064,0.5925
2026-06-08T08:27:16.564811+00:00Z,mexc,bybit,ESPORTSUSDT,1.2052,0.07613,0.07706,-0.016365,5e-05,0.016415,1.1888
2026-06-08T08:27:16.564811+00:00Z,mexc,bybit,ALLOUSDT,0.5773,0.46575,0.46844,-0.000185,5e-05,0.000235,0.5771
2026-06-08T08:27:16.564811+00:00Z,gate,bybit,ESPORTSUSDT,0.5248,0.07666,0.07706,0.003114,5e-05,-0.003064,0.5279
2026-06-08T08:27:16.564811+00:00Z,mexc,gate,ALLOUSDT,0.5218,0.46575,0.46818,-0.000185,-0.000282,-9.7e-05,0.5219
2026-06-08T08:27:16.564811+00:00Z,mexc,gate,ESPORTSUSDT,0.5191,0.07613,0.07654,-0.016365,0.003114,0.019479,0.4996
2026-06-08T08:27:18.583216+00:00Z,mexc,bybit,ESPORTSUSDT,1.2315,0.07613,0.07708,-0.016365,5e-05,0.016415,1.215
2026-06-08T08:27:18.583216+00:00Z,mexc,gate,ESPORTSUSDT,0.5191,0.07613,0.07654,-0.016365,0.003114,0.019479,0.4996
2026-06-08T08:27:20.598809+00:00Z,mexc,bybit,ESPORTSUSDT,1.3103,0.07613,0.07714,-0.016365,5e-05,0.016415,1.2938
2026-06-08T08:27:20.598809+00:00Z,mexc,gate,ESPORTSUSDT,0.6242,0.07613,0.07662,-0.016365,0.003114,0.019479,0.6047
2026-06-08T08:27:28.639376+00:00Z,gate,bybit,ESPORTSUSDT,0.6103,0.0774,0.07787,0.003114,5e-05,-0.003064,0.6134
2026-06-08T08:27:36.664530+00:00Z,gate,bybit,ESPORTSUSDT,0.6114,0.07726,0.07773,0.003159,5e-05,-0.003109,0.6146
2026-06-08T08:27:40.674422+00:00Z,gate,bybit,ESPORTSUSDT,0.5087,0.07714,0.07753,0.003159,5e-05,-0.003109,0.5118
2026-06-08T08:27:44.679380+00:00Z,gate,bybit,ESPORTSUSDT,0.695,0.0766,0.07713,0.003159,5e-05,-0.003109,0.6981
2026-06-08T08:27:46.707885+00:00Z,gate,bybit,ESPORTSUSDT,0.6024,0.07676,0.07722,0.003159,5e-05,-0.003109,0.6055
2026-06-08T08:27:48.722788+00:00Z,gate,bybit,ESPORTSUSDT,0.5111,0.07677,0.07716,0.003159,5e-05,-0.003109,0.5142
2026-06-08T08:27:52.727156+00:00Z,gate,bybit,ESPORTSUSDT,0.6262,0.07704,0.07752,0.003159,5e-05,-0.003109,0.6293
2026-06-08T08:27:54.742303+00:00Z,gate,bybit,ESPORTSUSDT,0.5595,0.07728,0.07771,0.003159,5e-05,-0.003109,0.5626
2026-06-08T08:28:00.760299+00:00Z,mexc,bybit,ESPORTSUSDT,0.6521,0.07778,0.0783,-0.016365,5e-05,0.016415,0.6357
2026-06-08T08:28:00.760299+00:00Z,gate,bybit,ESPORTSUSDT,0.5941,0.07784,0.0783,0.003159,5e-05,-0.003109,0.5972
2026-06-08T08:28:02.776780+00:00Z,gate,bybit,ESPORTSUSDT,0.6865,0.07756,0.07809,0.003159,5e-05,-0.003109,0.6896
2026-06-08T08:28:04.779512+00:00Z,gate,bybit,ESPORTSUSDT,0.6613,0.07748,0.07799,0.003159,5e-05,-0.003109,0.6645
2026-06-08T08:28:06.797125+00:00Z,gate,bybit,ESPORTSUSDT,0.5838,0.07749,0.07794,0.003159,5e-05,-0.003109,0.5869
2026-06-08T08:28:14.817424+00:00Z,gate,bybit,ESPORTSUSDT,0.5293,0.07792,0.07833,0.003159,5e-05,-0.003109,0.5324
2026-06-08T08:28:16.819832+00:00Z,gate,bybit,ESPORTSUSDT,0.6324,0.07786,0.07835,0.003159,5e-05,-0.003109,0.6356
2026-06-08T08:28:18.837475+00:00Z,gate,bybit,ESPORTSUSDT,0.645,0.07789,0.07839,0.003159,5e-05,-0.003109,0.6481
2026-06-08T08:28:22.840887+00:00Z,gate,bybit,ESPORTSUSDT,0.5544,0.078,0.07843,0.003159,5e-05,-0.003109,0.5575
2026-06-08T08:28:26.844649+00:00Z,gate,bybit,ESPORTSUSDT,0.5932,0.07796,0.07842,0.003159,5e-05,-0.003109,0.5963
2026-06-08T08:28:28.846709+00:00Z,gate,bybit,ESPORTSUSDT,0.6705,0.07792,0.07844,0.003159,5e-05,-0.003109,0.6736
2026-06-08T08:28:30.861821+00:00Z,gate,bybit,ESPORTSUSDT,0.6578,0.0779,0.07841,0.003159,5e-05,-0.003109,0.6609
2026-06-08T08:28:32.880986+00:00Z,gate,bybit,ESPORTSUSDT,0.6468,0.07768,0.07818,0.003159,5e-05,-0.003109,0.6499
2026-06-08T08:28:36.884232+00:00Z,gate,bybit,ESPORTSUSDT,0.517,0.07787,0.07827,0.003332,5e-05,-0.003282,0.5202
2026-06-08T08:28:38.899942+00:00Z,gate,bybit,ESPORTSUSDT,0.5806,0.07795,0.0784,0.003332,5e-05,-0.003282,0.5839
2026-06-08T08:28:46.920757+00:00Z,gate,bybit,ESPORTSUSDT,0.5459,0.0774,0.07782,0.003332,5e-05,-0.003282,0.5492
2026-06-08T08:28:48.935666+00:00Z,gate,bybit,ESPORTSUSDT,0.572,0.07737,0.07781,0.003332,5e-05,-0.003282,0.5753
2026-06-08T08:28:50.950421+00:00Z,gate,bybit,ESPORTSUSDT,0.5714,0.07745,0.07789,0.003332,5e-05,-0.003282,0.5747
2026-06-08T08:28:52.966295+00:00Z,gate,bybit,ESPORTSUSDT,0.5973,0.07744,0.0779,0.003332,5e-05,-0.003282,0.6006
2026-06-08T08:28:54.974458+00:00Z,gate,bybit,ESPORTSUSDT,0.6489,0.07745,0.07795,0.003332,5e-05,-0.003282,0.6521
2026-06-08T08:28:56.991147+00:00Z,gate,bybit,ESPORTSUSDT,0.7649,0.07747,0.07806,0.003332,5e-05,-0.003282,0.7681
2026-06-08T08:28:58.995820+00:00Z,gate,bybit,ESPORTSUSDT,0.6224,0.07753,0.07801,0.003332,5e-05,-0.003282,0.6257
2026-06-08T08:28:58.995820+00:00Z,bybit,mexc,PIPPINUSDT,0.5304,0.02074,0.02085,5e-05,5e-05,0.0,0.5304
2026-06-08T08:29:01.023026+00:00Z,gate,bybit,ESPORTSUSDT,0.7252,0.07757,0.07813,0.003332,5e-05,-0.003282,0.7285
2026-06-08T08:29:01.023026+00:00Z,bybit,mexc,PIPPINUSDT,0.6274,0.02072,0.02085,5e-05,5e-05,0.0,0.6274
2026-06-08T08:29:03.028425+00:00Z,gate,bybit,ESPORTSUSDT,0.7287,0.0772,0.07776,0.003332,5e-05,-0.003282,0.732
2026-06-08T08:29:05.030388+00:00Z,gate,bybit,ESPORTSUSDT,0.6753,0.07738,0.0779,0.003332,5e-05,-0.003282,0.6786
2026-06-08T08:29:07.037858+00:00Z,gate,bybit,ESPORTSUSDT,0.6863,0.0776,0.07813,0.003332,5e-05,-0.003282,0.6896
2026-06-08T08:29:09.054952+00:00Z,gate,bybit,ESPORTSUSDT,0.6994,0.07757,0.07811,0.003332,5e-05,-0.003282,0.7027
2026-06-08T08:29:11.218975+00:00Z,gate,bybit,ESPORTSUSDT,0.7239,0.07771,0.07827,0.003332,5e-05,-0.003282,0.7272
2026-06-08T08:29:11.218975+00:00Z,gate,mexc,ESPORTSUSDT,0.5343,0.07771,0.07811,0.003332,-0.016194,-0.019526,0.5538
2026-06-08T08:29:13.234391+00:00Z,gate,bybit,ESPORTSUSDT,0.851,0.07786,0.07852,0.003332,5e-05,-0.003282,0.8542
2026-06-08T08:29:15.236750+00:00Z,gate,bybit,ESPORTSUSDT,0.7086,0.07798,0.07853,0.003332,5e-05,-0.003282,0.7119
2026-06-08T08:29:15.236750+00:00Z,gate,mexc,ESPORTSUSDT,0.5838,0.07798,0.07842,0.003332,-0.016194,-0.019526,0.6033
2026-06-08T08:29:17.253033+00:00Z,gate,bybit,ESPORTSUSDT,0.7867,0.07786,0.07847,0.003332,5e-05,-0.003282,0.79
2026-06-08T08:29:19.267913+00:00Z,gate,bybit,ESPORTSUSDT,0.7866,0.07787,0.07848,0.003332,5e-05,-0.003282,0.7899
2026-06-08T08:29:21.283375+00:00Z,gate,bybit,ESPORTSUSDT,0.723,0.07781,0.07837,0.003332,5e-05,-0.003282,0.7263
2026-06-08T08:29:23.297888+00:00Z,gate,bybit,ESPORTSUSDT,0.7887,0.07767,0.07828,0.003332,5e-05,-0.003282,0.7919
2026-06-08T08:29:23.297888+00:00Z,gate,mexc,ESPORTSUSDT,0.586,0.07767,0.07811,0.003332,-0.016194,-0.019526,0.6056
2026-06-08T08:29:25.314597+00:00Z,gate,bybit,ESPORTSUSDT,0.6464,0.07775,0.07825,0.003332,5e-05,-0.003282,0.6497
2026-06-08T08:29:29.317552+00:00Z,gate,bybit,ESPORTSUSDT,0.658,0.0779,0.07841,0.003332,5e-05,-0.003282,0.6612
2026-06-08T08:29:29.317552+00:00Z,gate,mexc,ESPORTSUSDT,0.5073,0.0779,0.07828,0.003332,-0.016194,-0.019526,0.5269
2026-06-08T08:29:31.336930+00:00Z,gate,bybit,ESPORTSUSDT,0.7695,0.07831,0.07891,0.003332,5e-05,-0.003282,0.7727
2026-06-08T08:29:33.353049+00:00Z,gate,bybit,ESPORTSUSDT,0.7419,0.07852,0.0791,0.003332,5e-05,-0.003282,0.7452
2026-06-08T08:29:35.354947+00:00Z,gate,bybit,ESPORTSUSDT,0.6353,0.07912,0.07962,0.003383,5e-05,-0.003333,0.6386
2026-06-08T08:29:37.357755+00:00Z,gate,bybit,ESPORTSUSDT,1.024,0.07936,0.08017,0.003383,5e-05,-0.003333,1.0273
2026-06-08T08:29:39.373589+00:00Z,gate,bybit,ESPORTSUSDT,1.0758,0.07926,0.08011,0.003383,5e-05,-0.003333,1.0791
2026-06-08T08:29:41.388191+00:00Z,gate,bybit,ESPORTSUSDT,1.0373,0.07931,0.08013,0.003383,5e-05,-0.003333,1.0406
2026-06-08T08:29:41.388191+00:00Z,mexc,bybit,ESPORTSUSDT,0.5738,0.07966,0.08013,-0.016194,5e-05,0.016244,0.5575
2026-06-08T08:29:43.404793+00:00Z,gate,bybit,ESPORTSUSDT,0.6844,0.07929,0.07983,0.003383,5e-05,-0.003333,0.6877
2026-06-08T08:29:45.407697+00:00Z,gate,bybit,ESPORTSUSDT,1.0666,0.079,0.07984,0.003383,5e-05,-0.003333,1.07
2026-06-08T08:29:45.407697+00:00Z,gate,mexc,ESPORTSUSDT,0.5006,0.079,0.07938,0.003383,-0.016194,-0.019577,0.5202
2026-06-08T08:29:47.416642+00:00Z,gate,bybit,ESPORTSUSDT,0.6222,0.07918,0.07967,0.003383,5e-05,-0.003333,0.6255
2026-06-08T08:29:49.419797+00:00Z,gate,bybit,ESPORTSUSDT,0.9884,0.07918,0.07996,0.003383,5e-05,-0.003333,0.9918
2026-06-08T08:29:51.436290+00:00Z,gate,bybit,ESPORTSUSDT,0.9389,0.0791,0.07984,0.003383,5e-05,-0.003333,0.9422
2026-06-08T08:29:51.436290+00:00Z,gate,mexc,ESPORTSUSDT,0.5758,0.0791,0.07954,0.003383,-0.016194,-0.019577,0.5954
2026-06-08T08:29:53.438927+00:00Z,gate,mexc,ESPORTSUSDT,0.6649,0.07903,0.07954,0.003383,-0.016194,-0.019577,0.6845
2026-06-08T08:29:53.438927+00:00Z,gate,bybit,ESPORTSUSDT,0.6234,0.07903,0.07952,0.003383,5e-05,-0.003333,0.6267
2026-06-08T08:29:55.441609+00:00Z,gate,bybit,ESPORTSUSDT,0.8993,0.07924,0.07995,0.003383,5e-05,-0.003333,0.9027
2026-06-08T08:29:57.443417+00:00Z,gate,bybit,ESPORTSUSDT,0.6472,0.07921,0.07972,0.003383,5e-05,-0.003333,0.6505
2026-06-08T08:29:59.446977+00:00Z,gate,bybit,ESPORTSUSDT,1.1638,0.07928,0.0802,0.003383,5e-05,-0.003333,1.1671
2026-06-08T08:29:59.446977+00:00Z,mexc,bybit,ESPORTSUSDT,0.5985,0.07971,0.0802,-0.016194,5e-05,0.016244,0.5822
2026-06-08T08:29:59.446977+00:00Z,gate,mexc,ESPORTSUSDT,0.5115,0.07928,0.07967,0.003383,-0.016194,-0.019577,0.5311
2026-06-08T08:30:01.463430+00:00Z,gate,bybit,ESPORTSUSDT,1.0357,0.07943,0.08025,0.003383,5e-05,-0.003333,1.039
2026-06-08T08:30:03.477728+00:00Z,gate,bybit,ESPORTSUSDT,1.1249,0.07935,0.08024,0.003383,5e-05,-0.003333,1.1283
2026-06-08T08:30:05.494141+00:00Z,gate,bybit,ESPORTSUSDT,1.1133,0.07928,0.08016,0.003383,5e-05,-0.003333,1.1167
2026-06-08T08:30:05.494141+00:00Z,mexc,bybit,ESPORTSUSDT,0.5486,0.07971,0.08016,-0.015867,5e-05,0.015917,0.5327
2026-06-08T08:30:07.510909+00:00Z,gate,bybit,ESPORTSUSDT,1.116,0.07909,0.07997,0.003383,5e-05,-0.003333,1.1193
2026-06-08T08:30:09.526251+00:00Z,gate,bybit,ESPORTSUSDT,1.2432,0.07904,0.08002,0.003383,5e-05,-0.003333,1.2465
2026-06-08T08:30:11.536313+00:00Z,gate,bybit,ESPORTSUSDT,1.1414,0.07908,0.07998,0.003383,5e-05,-0.003333,1.1448
2026-06-08T08:30:13.552468+00:00Z,gate,bybit,ESPORTSUSDT,0.9529,0.07898,0.07973,0.003383,5e-05,-0.003333,0.9563
2026-06-08T08:30:13.552468+00:00Z,gate,mexc,ESPORTSUSDT,0.5257,0.07898,0.07938,0.003383,-0.015867,-0.01925,0.545
2026-06-08T08:30:15.571739+00:00Z,gate,bybit,ESPORTSUSDT,1.1394,0.07922,0.08012,0.003383,5e-05,-0.003333,1.1427
2026-06-08T08:30:17.588202+00:00Z,gate,bybit,ESPORTSUSDT,1.0762,0.07923,0.08008,0.003383,5e-05,-0.003333,1.0795
2026-06-08T08:30:19.604154+00:00Z,gate,bybit,ESPORTSUSDT,0.914,0.07906,0.07978,0.003383,5e-05,-0.003333,0.9174
2026-06-08T08:30:21.621654+00:00Z,bybit,mexc,PIPPINUSDT,0.7299,0.02055,0.0207,5e-05,5e-05,0.0,0.7299
2026-06-08T08:30:21.621654+00:00Z,gate,bybit,ESPORTSUSDT,0.6742,0.079,0.07953,0.003383,5e-05,-0.003333,0.6776
2026-06-08T08:30:21.621654+00:00Z,mexc,bybit,ALLOUSDT,0.5251,0.47022,0.47269,-0.000164,5e-05,0.000214,0.5249
2026-06-08T08:30:21.621654+00:00Z,gate,mexc,ESPORTSUSDT,0.5003,0.079,0.07938,0.003383,-0.015867,-0.01925,0.5195
2026-06-08T08:30:23.639485+00:00Z,gate,bybit,ESPORTSUSDT,0.9668,0.07888,0.07964,0.003383,5e-05,-0.003333,0.9702
2026-06-08T08:30:23.639485+00:00Z,bybit,mexc,PIPPINUSDT,0.6809,0.02056,0.0207,5e-05,5e-05,0.0,0.6809
2026-06-08T08:30:23.639485+00:00Z,gate,mexc,ESPORTSUSDT,0.6531,0.07888,0.07938,0.003383,-0.015867,-0.01925,0.6724
2026-06-08T08:30:25.657658+00:00Z,gate,mexc,ESPORTSUSDT,1.063,0.07856,0.07938,0.003383,-0.015867,-0.01925,1.0823
2026-06-08T08:30:25.657658+00:00Z,gate,bybit,ESPORTSUSDT,0.818,0.07856,0.0792,0.003383,5e-05,-0.003333,0.8213
2026-06-08T08:30:25.657658+00:00Z,mexc,bybit,ALLOUSDT,0.5315,0.47022,0.47272,-0.000164,5e-05,0.000214,0.5312
2026-06-08T08:30:27.660819+00:00Z,gate,mexc,ESPORTSUSDT,1.063,0.07856,0.07938,0.003383,-0.015867,-0.01925,1.0823
2026-06-08T08:30:27.660819+00:00Z,gate,bybit,ESPORTSUSDT,0.7544,0.07856,0.07915,0.003383,5e-05,-0.003333,0.7577
2026-06-08T08:30:29.664934+00:00Z,gate,mexc,ESPORTSUSDT,1.0888,0.07854,0.07938,0.003383,-0.015867,-0.01925,1.108
2026-06-08T08:30:29.664934+00:00Z,gate,bybit,ESPORTSUSDT,0.5381,0.07854,0.07896,0.003383,5e-05,-0.003333,0.5414
2026-06-08T08:30:31.667915+00:00Z,gate,mexc,ESPORTSUSDT,0.9089,0.07868,0.07938,0.003383,-0.015867,-0.01925,0.9282
2026-06-08T08:30:31.667915+00:00Z,gate,bybit,ESPORTSUSDT,0.7024,0.07868,0.07923,0.003383,5e-05,-0.003333,0.7057
2026-06-08T08:30:33.683228+00:00Z,gate,bybit,ESPORTSUSDT,0.6093,0.07921,0.07969,0.003398,5e-05,-0.003348,0.6127
2026-06-08T08:30:35.686259+00:00Z,gate,bybit,ESPORTSUSDT,0.72,0.07954,0.08011,0.003398,5e-05,-0.003348,0.7233
2026-06-08T08:30:35.686259+00:00Z,mexc,bybit,KASUSDT,0.5855,0.03245,0.03264,5e-05,5e-05,0.0,0.5855
2026-06-08T08:30:37.711132+00:00Z,mexc,bybit,ESPORTSUSDT,0.9877,0.07971,0.08051,-0.015867,5e-05,0.015917,0.9718
2026-06-08T08:30:37.711132+00:00Z,gate,bybit,ESPORTSUSDT,0.6534,0.07999,0.08051,0.003398,5e-05,-0.003348,0.6568
2026-06-08T08:30:39.726579+00:00Z,mexc,bybit,ESPORTSUSDT,1.0003,0.07971,0.08052,-0.015867,5e-05,0.015917,0.9843
2026-06-08T08:30:39.726579+00:00Z,gate,bybit,ESPORTSUSDT,0.7793,0.0799,0.08052,0.003398,5e-05,-0.003348,0.7827
2026-06-08T08:30:41.742838+00:00Z,gate,bybit,ESPORTSUSDT,0.9246,0.07924,0.07997,0.003398,5e-05,-0.003348,0.9279
2026-06-08T08:30:43.744796+00:00Z,gate,bybit,ESPORTSUSDT,0.8471,0.07941,0.08008,0.003398,5e-05,-0.003348,0.8504
2026-06-08T08:30:43.744796+00:00Z,mexc,bybit,KASUSDT,0.5239,0.03245,0.03262,5e-05,5e-05,0.0,0.5239
2026-06-08T08:30:45.769167+00:00Z,gate,mexc,ALLOUSDT,0.6857,0.46669,0.46989,-0.000193,-0.000164,2.9e-05,0.6856
2026-06-08T08:30:45.769167+00:00Z,mexc,bybit,ESPORTSUSDT,0.6239,0.07971,0.08022,-0.015867,5e-05,0.015917,0.608
2026-06-08T08:30:45.769167+00:00Z,bybit,mexc,ALLOUSDT,0.6126,0.46703,0.46989,5e-05,-0.000164,-0.000214,0.6128
2026-06-08T08:30:45.769167+00:00Z,gate,bybit,ESPORTSUSDT,0.5423,0.07979,0.08022,0.003398,5e-05,-0.003348,0.5456
2026-06-08T08:30:47.786506+00:00Z,mexc,bybit,ESPORTSUSDT,0.9124,0.07971,0.08045,-0.015867,5e-05,0.015917,0.8965
2026-06-08T08:30:47.786506+00:00Z,gate,bybit,ESPORTSUSDT,0.8937,0.07974,0.08045,0.003398,5e-05,-0.003348,0.8971
2026-06-08T08:30:47.786506+00:00Z,gate,mexc,ALLOUSDT,0.593,0.46712,0.46989,-0.000193,-0.000164,2.9e-05,0.5929
2026-06-08T08:30:49.805582+00:00Z,mexc,bybit,ESPORTSUSDT,1.1006,0.07971,0.0806,-0.015867,5e-05,0.015917,1.0847
2026-06-08T08:30:49.805582+00:00Z,gate,bybit,ESPORTSUSDT,0.6653,0.08007,0.0806,0.003398,5e-05,-0.003348,0.6686
2026-06-08T08:30:49.805582+00:00Z,gate,mexc,ALLOUSDT,0.522,0.46745,0.46989,-0.000193,-0.000164,2.9e-05,0.5219
2026-06-08T08:30:51.822245+00:00Z,mexc,bybit,ESPORTSUSDT,1.7404,0.07971,0.08111,-0.015867,5e-05,0.015917,1.7245
2026-06-08T08:30:51.822245+00:00Z,mexc,gate,ESPORTSUSDT,0.9342,0.07971,0.08047,-0.015867,0.003398,0.019265,0.9149
2026-06-08T08:30:51.822245+00:00Z,gate,bybit,ESPORTSUSDT,0.6111,0.08062,0.08111,0.003398,5e-05,-0.003348,0.6145
2026-06-08T08:30:53.838242+00:00Z,mexc,bybit,ESPORTSUSDT,2.6186,0.07971,0.08181,-0.015867,5e-05,0.015917,2.6027
2026-06-08T08:30:53.838242+00:00Z,mexc,gate,ESPORTSUSDT,1.574,0.07971,0.08098,-0.015867,0.003398,0.019265,1.5547
2026-06-08T08:30:53.838242+00:00Z,gate,bybit,ESPORTSUSDT,0.8415,0.08113,0.08181,0.003398,5e-05,-0.003348,0.8449
2026-06-08T08:30:55.857777+00:00Z,mexc,bybit,ESPORTSUSDT,2.4555,0.07971,0.08168,-0.015867,5e-05,0.015917,2.4396
2026-06-08T08:30:55.857777+00:00Z,mexc,gate,ESPORTSUSDT,1.4987,0.07971,0.08092,-0.015867,0.003398,0.019265,1.4795
2026-06-08T08:30:55.857777+00:00Z,gate,bybit,ESPORTSUSDT,0.6937,0.08112,0.08168,0.003398,5e-05,-0.003348,0.697
2026-06-08T08:30:57.874650+00:00Z,mexc,bybit,ESPORTSUSDT,2.167,0.07971,0.08145,-0.015867,5e-05,0.015917,2.1511
2026-06-08T08:30:57.874650+00:00Z,mexc,gate,ESPORTSUSDT,1.4611,0.07971,0.08089,-0.015867,0.003398,0.019265,1.4418
2026-06-08T08:30:59.890609+00:00Z,mexc,bybit,ESPORTSUSDT,2.3552,0.07971,0.0816,-0.015867,5e-05,0.015917,2.3393
2026-06-08T08:30:59.890609+00:00Z,mexc,gate,ESPORTSUSDT,1.4109,0.07971,0.08085,-0.015867,0.003398,0.019265,1.3917
2026-06-08T08:30:59.890609+00:00Z,gate,bybit,ESPORTSUSDT,0.7441,0.081,0.0816,0.003398,5e-05,-0.003348,0.7474
2026-06-08T08:30:59.890609+00:00Z,mexc,bybit,KASUSDT,0.6471,0.03245,0.03266,5e-05,5e-05,0.0,0.6471
2026-06-08T08:31:01.908790+00:00Z,mexc,bybit,ESPORTSUSDT,2.6061,0.07971,0.0818,-0.015867,5e-05,0.015917,2.5902
2026-06-08T08:31:01.908790+00:00Z,mexc,gate,ESPORTSUSDT,2.0006,0.07971,0.08132,-0.015867,0.003398,0.019265,1.9813
2026-06-08T08:31:01.908790+00:00Z,bybit,mexc,PIPPINUSDT,0.7299,0.02055,0.0207,5e-05,5e-05,0.0,0.7299
2026-06-08T08:31:03.933549+00:00Z,mexc,bybit,ESPORTSUSDT,2.8068,0.07971,0.08196,-0.015867,5e-05,0.015917,2.7909
2026-06-08T08:31:03.933549+00:00Z,mexc,gate,ESPORTSUSDT,1.8876,0.07971,0.08123,-0.015867,0.003398,0.019265,1.8684
2026-06-08T08:31:03.933549+00:00Z,bybit,mexc,PIPPINUSDT,0.7299,0.02055,0.0207,5e-05,5e-05,0.0,0.7299
2026-06-08T08:31:03.933549+00:00Z,gate,bybit,ESPORTSUSDT,0.7037,0.08139,0.08196,0.003398,5e-05,-0.003348,0.707
2026-06-08T08:31:05.937792+00:00Z,gate,bybit,ESPORTSUSDT,0.7816,0.08095,0.08158,0.003398,5e-05,-0.003348,0.785
2026-06-08T08:31:07.952943+00:00Z,gate,bybit,ESPORTSUSDT,0.8063,0.08095,0.0816,0.003398,5e-05,-0.003348,0.8097
2026-06-08T08:31:09.954998+00:00Z,gate,bybit,ESPORTSUSDT,0.8051,0.08107,0.08172,0.003398,5e-05,-0.003348,0.8085
2026-06-08T08:31:11.971280+00:00Z,gate,bybit,ESPORTSUSDT,0.7453,0.08087,0.08147,0.003398,5e-05,-0.003348,0.7486
2026-06-08T08:31:11.971280+00:00Z,gate,mexc,ESPORTSUSDT,0.5757,0.08087,0.08132,0.003398,-0.015867,-0.019265,0.595
2026-06-08T08:31:13.974207+00:00Z,gate,bybit,ESPORTSUSDT,0.9638,0.08121,0.08199,0.003398,5e-05,-0.003348,0.9672
2026-06-08T08:31:13.974207+00:00Z,gate,mexc,ESPORTSUSDT,0.5241,0.08121,0.08162,0.003398,-0.015867,-0.019265,0.5434
2026-06-08T08:31:16.012036+00:00Z,gate,bybit,ESPORTSUSDT,0.6545,0.0814,0.08193,0.003398,5e-05,-0.003348,0.6578
2026-06-08T08:31:18.019510+00:00Z,gate,bybit,ESPORTSUSDT,0.7896,0.0814,0.08204,0.003398,5e-05,-0.003348,0.7929
2026-06-08T08:31:20.026944+00:00Z,gate,bybit,ESPORTSUSDT,0.729,0.08131,0.0819,0.003398,5e-05,-0.003348,0.7323
2026-06-08T08:31:22.029897+00:00Z,gate,bybit,ESPORTSUSDT,0.6915,0.08138,0.08194,0.003398,5e-05,-0.003348,0.6948
2026-06-08T08:31:22.029897+00:00Z,gate,mexc,ESPORTSUSDT,0.5354,0.08138,0.0818,0.003398,-0.015867,-0.019265,0.5546
2026-06-08T08:31:24.045712+00:00Z,gate,bybit,ESPORTSUSDT,1.0359,0.08135,0.08219,0.003398,5e-05,-0.003348,1.0393
2026-06-08T08:31:26.060638+00:00Z,gate,bybit,ESPORTSUSDT,0.9729,0.08148,0.08227,0.003398,5e-05,-0.003348,0.9763
2026-06-08T08:31:28.076428+00:00Z,gate,bybit,ESPORTSUSDT,0.5426,0.0816,0.08204,0.003398,5e-05,-0.003348,0.5459
2026-06-08T08:31:30.091323+00:00Z,gate,bybit,ESPORTSUSDT,0.883,0.08185,0.08257,0.003398,5e-05,-0.003348,0.8864
2026-06-08T08:31:30.091323+00:00Z,gate,mexc,ESPORTSUSDT,0.5202,0.08185,0.08226,0.003398,-0.015867,-0.019265,0.5394
2026-06-08T08:31:32.117342+00:00Z,gate,bybit,ESPORTSUSDT,0.9192,0.08189,0.08264,0.003398,5e-05,-0.003348,0.9226
2026-06-08T08:31:34.134326+00:00Z,gate,bybit,ESPORTSUSDT,0.8315,0.08211,0.08279,0.003385,5e-05,-0.003335,0.8348
2026-06-08T08:31:36.149597+00:00Z,gate,bybit,ESPORTSUSDT,0.9075,0.08184,0.08258,0.003385,5e-05,-0.003335,0.9109
2026-06-08T08:31:38.164410+00:00Z,gate,bybit,ESPORTSUSDT,1.1012,0.08198,0.08288,0.003385,5e-05,-0.003335,1.1045
2026-06-08T08:31:40.179737+00:00Z,gate,bybit,ESPORTSUSDT,0.7229,0.08199,0.08258,0.003385,5e-05,-0.003335,0.7263
2026-06-08T08:31:40.179737+00:00Z,gate,mexc,ESPORTSUSDT,0.5437,0.08199,0.08242,0.003385,-0.015867,-0.019252,0.563
2026-06-08T08:31:42.191786+00:00Z,gate,bybit,ESPORTSUSDT,1.2267,0.08174,0.08274,0.003385,5e-05,-0.003335,1.2301
2026-06-08T08:31:44.209626+00:00Z,gate,bybit,ESPORTSUSDT,1.0934,0.08165,0.08254,0.003385,5e-05,-0.003335,1.0967
2026-06-08T08:31:44.209626+00:00Z,gate,mexc,ESPORTSUSDT,0.7663,0.08165,0.08226,0.003385,-0.015867,-0.019252,0.7856
2026-06-08T08:31:46.226944+00:00Z,gate,bybit,ESPORTSUSDT,1.2391,0.08173,0.08274,0.003385,5e-05,-0.003335,1.2424
2026-06-08T08:31:46.226944+00:00Z,gate,mexc,ESPORTSUSDT,0.6677,0.08173,0.08226,0.003385,-0.015867,-0.019252,0.687
2026-06-08T08:31:48.446456+00:00Z,gate,bybit,ESPORTSUSDT,1.113,0.08201,0.08292,0.003385,5e-05,-0.003335,1.1163
2026-06-08T08:31:50.463777+00:00Z,gate,bybit,ESPORTSUSDT,1.0368,0.08225,0.0831,0.003385,5e-05,-0.003335,1.0401
2026-06-08T08:31:50.463777+00:00Z,gate,mexc,ESPORTSUSDT,0.6272,0.08225,0.08275,0.003385,-0.015867,-0.019252,0.6464
2026-06-08T08:31:52.500320+00:00Z,gate,bybit,ESPORTSUSDT,0.8556,0.08213,0.08283,0.003385,5e-05,-0.003335,0.859
2026-06-08T08:31:52.500320+00:00Z,gate,mexc,ESPORTSUSDT,0.5793,0.08213,0.08259,0.003385,-0.015867,-0.019252,0.5986
2026-06-08T08:31:54.534334+00:00Z,gate,bybit,ESPORTSUSDT,1.077,0.08196,0.08284,0.003385,5e-05,-0.003335,1.0804
2026-06-08T08:31:56.549478+00:00Z,gate,bybit,ESPORTSUSDT,0.8573,0.08197,0.08267,0.003385,5e-05,-0.003335,0.8606
2026-06-08T08:31:58.564220+00:00Z,gate,bybit,ESPORTSUSDT,1.0633,0.08208,0.08295,0.003385,5e-05,-0.003335,1.0666
2026-06-08T08:31:58.564220+00:00Z,gate,mexc,ESPORTSUSDT,0.5919,0.08208,0.08255,0.003385,-0.015867,-0.019252,0.6111
2026-06-08T08:32:00.579763+00:00Z,gate,bybit,ESPORTSUSDT,1.039,0.08207,0.08292,0.003385,5e-05,-0.003335,1.0424
2026-06-08T08:32:00.579763+00:00Z,gate,mexc,ESPORTSUSDT,0.6407,0.08207,0.08258,0.003385,-0.015867,-0.019252,0.6599
2026-06-08T08:32:02.612249+00:00Z,gate,bybit,ESPORTSUSDT,1.1234,0.08214,0.08306,0.003385,5e-05,-0.003335,1.1267
2026-06-08T08:32:02.612249+00:00Z,gate,mexc,ESPORTSUSDT,0.5061,0.08214,0.08254,0.003385,-0.015694,-0.019079,0.5251
2026-06-08T08:32:04.627669+00:00Z,gate,bybit,ESPORTSUSDT,0.9917,0.08195,0.08276,0.003385,5e-05,-0.003335,0.9951
2026-06-08T08:32:06.643902+00:00Z,gate,bybit,ESPORTSUSDT,1.0281,0.08197,0.08281,0.003385,5e-05,-0.003335,1.0314
2026-06-08T08:32:06.643902+00:00Z,gate,mexc,ESPORTSUSDT,0.6169,0.08197,0.08246,0.003385,-0.015694,-0.019079,0.6359
2026-06-08T08:32:08.660237+00:00Z,gate,bybit,ESPORTSUSDT,1.0759,0.08204,0.08292,0.003385,9.4e-05,-0.003291,1.0792
2026-06-08T08:32:08.660237+00:00Z,gate,mexc,ESPORTSUSDT,0.531,0.08204,0.08246,0.003385,-0.015694,-0.019079,0.5501
2026-06-08T08:32:10.678672+00:00Z,gate,bybit,ESPORTSUSDT,0.966,0.08206,0.08285,0.003385,9.4e-05,-0.003291,0.9693
2026-06-08T08:32:10.678672+00:00Z,gate,mexc,ESPORTSUSDT,0.5065,0.08206,0.08246,0.003385,-0.015694,-0.019079,0.5256
2026-06-08T08:32:12.714029+00:00Z,gate,bybit,ESPORTSUSDT,1.0691,0.08163,0.0825,0.003385,9.4e-05,-0.003291,1.0724
2026-06-08T08:32:12.714029+00:00Z,gate,mexc,ESPORTSUSDT,1.0359,0.08163,0.08246,0.003385,-0.015694,-0.019079,1.0549
2026-06-08T08:32:12.714029+00:00Z,mexc,gate,PIPPINUSDT,0.8278,0.02053,0.0207,5e-05,0.000306,0.000256,0.8275
2026-06-08T08:32:14.730626+00:00Z,gate,mexc,ESPORTSUSDT,2.8499,0.08019,0.08246,0.003385,-0.015694,-0.019079,2.8689
2026-06-08T08:32:14.730626+00:00Z,bybit,mexc,ESPORTSUSDT,1.856,0.08097,0.08246,9.4e-05,-0.015694,-0.015788,1.8718
2026-06-08T08:32:14.730626+00:00Z,gate,bybit,ESPORTSUSDT,0.9386,0.08019,0.08094,0.003385,9.4e-05,-0.003291,0.9419
2026-06-08T08:32:14.730626+00:00Z,mexc,gate,PIPPINUSDT,0.8278,0.02053,0.0207,5e-05,0.000306,0.000256,0.8275
2026-06-08T08:32:14.730626+00:00Z,mexc,bybit,PIPPINUSDT,0.7793,0.02053,0.02069,5e-05,5e-05,0.0,0.7793
2026-06-08T08:32:16.737649+00:00Z,gate,mexc,ESPORTSUSDT,3.1456,0.07996,0.08246,0.003385,-0.015694,-0.019079,3.1647
2026-06-08T08:32:16.737649+00:00Z,bybit,mexc,ESPORTSUSDT,2.2347,0.08067,0.08246,9.4e-05,-0.015694,-0.015788,2.2505
2026-06-08T08:32:16.737649+00:00Z,mexc,bybit,PIPPINUSDT,0.8281,0.02053,0.0207,5e-05,5e-05,0.0,0.8281
2026-06-08T08:32:16.737649+00:00Z,mexc,gate,PIPPINUSDT,0.8278,0.02053,0.0207,5e-05,0.000306,0.000256,0.8275
2026-06-08T08:32:16.737649+00:00Z,gate,bybit,ESPORTSUSDT,0.7662,0.07996,0.08057,0.003385,9.4e-05,-0.003291,0.7695
2026-06-08T08:32:18.758923+00:00Z,gate,mexc,ESPORTSUSDT,2.9911,0.08008,0.08246,0.003385,-0.015694,-0.019079,3.0102
2026-06-08T08:32:18.758923+00:00Z,bybit,mexc,ESPORTSUSDT,2.0324,0.08083,0.08246,9.4e-05,-0.015694,-0.015788,2.0482
2026-06-08T08:32:18.758923+00:00Z,gate,bybit,ESPORTSUSDT,0.9898,0.08008,0.08087,0.003385,9.4e-05,-0.003291,0.9931
2026-06-08T08:32:18.758923+00:00Z,mexc,gate,PIPPINUSDT,0.8278,0.02053,0.0207,5e-05,0.000306,0.000256,0.8275
2026-06-08T08:32:20.763992+00:00Z,gate,mexc,ESPORTSUSDT,3.2877,0.07985,0.08246,0.003385,-0.015694,-0.019079,3.3068
2026-06-08T08:32:20.763992+00:00Z,bybit,mexc,ESPORTSUSDT,2.3997,0.08054,0.08246,9.4e-05,-0.015694,-0.015788,2.4155
2026-06-08T08:32:20.763992+00:00Z,mexc,gate,PIPPINUSDT,0.8278,0.02053,0.0207,5e-05,0.000306,0.000256,0.8275
2026-06-08T08:32:20.763992+00:00Z,gate,bybit,ESPORTSUSDT,0.7923,0.07985,0.08048,0.003385,9.4e-05,-0.003291,0.7956
2026-06-08T08:32:22.796191+00:00Z,gate,mexc,ESPORTSUSDT,2.7346,0.08028,0.08246,0.003385,-0.015694,-0.019079,2.7537
2026-06-08T08:32:22.796191+00:00Z,bybit,mexc,ESPORTSUSDT,1.7053,0.08109,0.08246,9.4e-05,-0.015694,-0.015788,1.7211
2026-06-08T08:32:22.796191+00:00Z,mexc,gate,PIPPINUSDT,0.8278,0.02053,0.0207,5e-05,0.000306,0.000256,0.8275
2026-06-08T08:32:22.796191+00:00Z,mexc,bybit,PIPPINUSDT,0.5845,0.02053,0.02065,5e-05,5e-05,0.0,0.5845
2026-06-08T08:32:22.796191+00:00Z,gate,bybit,ESPORTSUSDT,0.514,0.08028,0.08069,0.003385,9.4e-05,-0.003291,0.5173
2026-06-08T08:32:24.811790+00:00Z,gate,mexc,ESPORTSUSDT,2.5558,0.08042,0.08246,0.003385,-0.015694,-0.019079,2.5748
2026-06-08T08:32:24.811790+00:00Z,bybit,mexc,ESPORTSUSDT,1.4925,0.08126,0.08246,9.4e-05,-0.015694,-0.015788,1.5083
2026-06-08T08:32:24.811790+00:00Z,gate,bybit,ESPORTSUSDT,0.7991,0.08042,0.08106,0.003385,9.4e-05,-0.003291,0.8024
2026-06-08T08:32:26.829504+00:00Z,gate,mexc,ESPORTSUSDT,2.3141,0.08061,0.08246,0.003385,-0.015694,-0.019079,2.3332
2026-06-08T08:32:26.829504+00:00Z,bybit,mexc,ESPORTSUSDT,1.4052,0.08133,0.08246,9.4e-05,-0.015694,-0.015788,1.421
2026-06-08T08:32:26.829504+00:00Z,gate,bybit,ESPORTSUSDT,0.8345,0.08061,0.08128,0.003385,9.4e-05,-0.003291,0.8377
2026-06-08T08:32:28.834401+00:00Z,gate,mexc,ESPORTSUSDT,2.2633,0.08065,0.08246,0.003385,-0.015694,-0.019079,2.2824
2026-06-08T08:32:28.834401+00:00Z,bybit,mexc,ESPORTSUSDT,1.4676,0.08128,0.08246,9.4e-05,-0.015694,-0.015788,1.4833
2026-06-08T08:32:30.850721+00:00Z,gate,mexc,ESPORTSUSDT,2.773,0.08025,0.08246,0.003385,-0.015694,-0.019079,2.7921
2026-06-08T08:32:30.850721+00:00Z,bybit,mexc,ESPORTSUSDT,1.9567,0.08089,0.08246,9.4e-05,-0.015694,-0.015788,1.9725
2026-06-08T08:32:30.850721+00:00Z,gate,bybit,ESPORTSUSDT,0.751,0.08025,0.08085,0.003385,9.4e-05,-0.003291,0.7542
2026-06-08T08:32:32.875889+00:00Z,gate,mexc,ESPORTSUSDT,2.2633,0.08065,0.08246,0.003385,-0.015694,-0.019079,2.2824
2026-06-08T08:32:32.875889+00:00Z,bybit,mexc,ESPORTSUSDT,0.9213,0.08172,0.08246,9.4e-05,-0.015694,-0.015788,0.9371
2026-06-08T08:32:32.875889+00:00Z,gate,bybit,ESPORTSUSDT,0.896,0.08065,0.08137,0.003385,9.4e-05,-0.003291,0.8993
2026-06-08T08:32:34.908394+00:00Z,gate,mexc,ESPORTSUSDT,2.1747,0.08072,0.08246,0.003424,-0.015694,-0.019118,2.1938
2026-06-08T08:32:34.908394+00:00Z,bybit,mexc,ESPORTSUSDT,1.4301,0.08131,0.08246,9.4e-05,-0.015694,-0.015788,1.4459
2026-06-08T08:32:34.908394+00:00Z,gate,bybit,ESPORTSUSDT,0.6723,0.08072,0.08126,0.003424,9.4e-05,-0.00333,0.6756
2026-06-08T08:32:36.926070+00:00Z,gate,mexc,ESPORTSUSDT,2.5048,0.08046,0.08246,0.003424,-0.015694,-0.019118,2.5239
2026-06-08T08:32:36.926070+00:00Z,bybit,mexc,ESPORTSUSDT,1.48,0.08127,0.08246,9.4e-05,-0.015694,-0.015788,1.4958
2026-06-08T08:32:38.946373+00:00Z,gate,mexc,ESPORTSUSDT,2.238,0.08067,0.08246,0.003424,-0.015694,-0.019118,2.2572
2026-06-08T08:32:38.946373+00:00Z,bybit,mexc,ESPORTSUSDT,0.9831,0.08167,0.08246,9.4e-05,-0.015694,-0.015788,0.9989
2026-06-08T08:32:38.946373+00:00Z,gate,bybit,ESPORTSUSDT,0.7099,0.08067,0.08124,0.003424,9.4e-05,-0.00333,0.7132
2026-06-08T08:32:40.964928+00:00Z,gate,mexc,ESPORTSUSDT,2.6196,0.08037,0.08246,0.003424,-0.015694,-0.019118,2.6387
2026-06-08T08:32:40.964928+00:00Z,bybit,mexc,ESPORTSUSDT,1.8308,0.08099,0.08246,9.4e-05,-0.015694,-0.015788,1.8466
2026-06-08T08:32:40.964928+00:00Z,gate,bybit,ESPORTSUSDT,0.6877,0.08037,0.08092,0.003424,9.4e-05,-0.00333,0.691
2026-06-08T08:32:43.006517+00:00Z,gate,mexc,ESPORTSUSDT,2.3649,0.08057,0.08246,0.003424,-0.015694,-0.019118,2.384
2026-06-08T08:32:43.006517+00:00Z,bybit,mexc,ESPORTSUSDT,1.6426,0.08114,0.08246,9.4e-05,-0.015694,-0.015788,1.6584
2026-06-08T08:32:43.006517+00:00Z,mexc,bybit,ALLOUSDT,0.5008,0.46909,0.47144,-0.000159,5e-05,0.000209,0.5006
2026-06-08T08:32:45.038743+00:00Z,gate,mexc,ESPORTSUSDT,2.6835,0.08032,0.08246,0.003424,-0.015694,-0.019118,2.7026
2026-06-08T08:32:45.038743+00:00Z,bybit,mexc,ESPORTSUSDT,1.9693,0.08088,0.08246,9.4e-05,-0.015694,-0.015788,1.9851
2026-06-08T08:32:45.038743+00:00Z,bybit,mexc,ALLOUSDT,1.2,0.4634,0.46896,5e-05,-0.000159,-0.000209,1.2002
2026-06-08T08:32:45.038743+00:00Z,gate,mexc,ALLOUSDT,1.0015,0.46431,0.46896,-0.000113,-0.000159,-4.6e-05,1.0016
2026-06-08T08:32:45.038743+00:00Z,gate,bybit,ESPORTSUSDT,0.7628,0.08032,0.08093,0.003424,9.4e-05,-0.00333,0.7661
2026-06-08T08:32:47.057886+00:00Z,bybit,mexc,ALLOUSDT,2.8175,0.45611,0.46896,5e-05,-0.000159,-0.000209,2.8177
2026-06-08T08:32:47.057886+00:00Z,gate,mexc,ALLOUSDT,2.725,0.45652,0.46896,-0.000113,-0.000159,-4.6e-05,2.7251
2026-06-08T08:32:47.057886+00:00Z,gate,mexc,ESPORTSUSDT,2.7218,0.08029,0.08246,0.003424,-0.015694,-0.019118,2.7409
2026-06-08T08:32:47.057886+00:00Z,bybit,mexc,ESPORTSUSDT,1.9315,0.08091,0.08246,9.4e-05,-0.015694,-0.015788,1.9473
2026-06-08T08:32:47.057886+00:00Z,gate,bybit,ESPORTSUSDT,0.7755,0.08029,0.08091,0.003424,9.4e-05,-0.00333,0.7789
2026-06-08T08:32:49.091418+00:00Z,gate,mexc,ALLOUSDT,2.8286,0.45606,0.46896,-0.000113,-0.000159,-4.6e-05,2.8287
2026-06-08T08:32:49.091418+00:00Z,gate,mexc,ESPORTSUSDT,2.7986,0.08023,0.08246,0.003424,-0.015694,-0.019118,2.8177
2026-06-08T08:32:49.091418+00:00Z,bybit,mexc,ALLOUSDT,2.777,0.45629,0.46896,5e-05,-0.000159,-0.000209,2.7772
2026-06-08T08:32:49.091418+00:00Z,bybit,mexc,ESPORTSUSDT,1.5425,0.08122,0.08246,9.4e-05,-0.015694,-0.015788,1.5583
2026-06-08T08:32:49.091418+00:00Z,gate,bybit,ESPORTSUSDT,0.7761,0.08023,0.08085,0.003424,9.4e-05,-0.00333,0.7794
2026-06-08T08:32:51.112231+00:00Z,gate,mexc,ESPORTSUSDT,2.8243,0.08021,0.08246,0.003424,-0.015694,-0.019118,2.8434
2026-06-08T08:32:51.112231+00:00Z,gate,mexc,ALLOUSDT,2.8219,0.45609,0.46896,-0.000113,-0.000159,-4.6e-05,2.8219
2026-06-08T08:32:51.112231+00:00Z,bybit,mexc,ALLOUSDT,2.7364,0.45647,0.46896,5e-05,-0.000159,-0.000209,2.7366
2026-06-08T08:32:51.112231+00:00Z,bybit,mexc,ESPORTSUSDT,1.768,0.08104,0.08246,9.4e-05,-0.015694,-0.015788,1.7838
2026-06-08T08:32:51.112231+00:00Z,gate,bybit,ESPORTSUSDT,0.7514,0.08021,0.08081,0.003424,9.4e-05,-0.00333,0.7547
2026-06-08T08:32:53.130594+00:00Z,gate,mexc,ESPORTSUSDT,2.8243,0.08021,0.08246,0.003424,-0.015694,-0.019118,2.8434
2026-06-08T08:32:53.130594+00:00Z,bybit,mexc,ALLOUSDT,2.5567,0.45727,0.46896,5e-05,-0.000159,-0.000209,2.5569
2026-06-08T08:32:53.130594+00:00Z,gate,mexc,ALLOUSDT,2.4669,0.45767,0.46896,-0.000113,-0.000159,-4.6e-05,2.4669
2026-06-08T08:32:53.130594+00:00Z,bybit,mexc,ESPORTSUSDT,1.9315,0.08091,0.08246,9.4e-05,-0.015694,-0.015788,1.9473
2026-06-08T08:32:53.130594+00:00Z,gate,bybit,ESPORTSUSDT,0.8137,0.08021,0.08086,0.003424,9.4e-05,-0.00333,0.817
2026-06-08T08:32:55.161955+00:00Z,gate,mexc,ESPORTSUSDT,3.4561,0.07972,0.08246,0.003424,-0.015694,-0.019118,3.4753
2026-06-08T08:32:55.161955+00:00Z,bybit,mexc,ALLOUSDT,2.8513,0.45596,0.46896,5e-05,-0.000159,-0.000209,2.8515
2026-06-08T08:32:55.161955+00:00Z,gate,mexc,ALLOUSDT,2.8512,0.45596,0.46896,-0.000113,-0.000159,-4.6e-05,2.8512
2026-06-08T08:32:55.161955+00:00Z,bybit,mexc,ESPORTSUSDT,2.6546,0.08034,0.08246,9.4e-05,-0.015694,-0.015788,2.6704
2026-06-08T08:32:55.161955+00:00Z,gate,bybit,ESPORTSUSDT,0.7183,0.07972,0.08029,0.003424,9.4e-05,-0.00333,0.7217
2026-06-08T08:32:57.180408+00:00Z,gate,mexc,ESPORTSUSDT,4.1616,0.07918,0.08246,0.003424,-0.015694,-0.019118,4.1807
2026-06-08T08:32:57.180408+00:00Z,bybit,mexc,ESPORTSUSDT,3.5827,0.07962,0.08246,9.4e-05,-0.015694,-0.015788,3.5985
2026-06-08T08:32:57.180408+00:00Z,gate,mexc,ALLOUSDT,2.7003,0.45663,0.46896,-0.000113,-0.000159,-4.6e-05,2.7003
2026-06-08T08:32:57.180408+00:00Z,bybit,mexc,ALLOUSDT,2.6061,0.45705,0.46896,5e-05,-0.000159,-0.000209,2.6063
2026-06-08T08:32:57.180408+00:00Z,gate,bybit,ESPORTSUSDT,0.6601,0.07918,0.0797,0.003424,9.4e-05,-0.00333,0.6634
2026-06-08T08:32:59.199332+00:00Z,gate,mexc,ESPORTSUSDT,4.8634,0.07865,0.08246,0.003424,-0.015694,-0.019118,4.8825
2026-06-08T08:32:59.199332+00:00Z,bybit,mexc,ESPORTSUSDT,3.8828,0.07939,0.08246,9.4e-05,-0.015694,-0.015788,3.8986
2026-06-08T08:32:59.199332+00:00Z,gate,mexc,ALLOUSDT,2.3327,0.45827,0.46896,-0.000113,-0.000159,-4.6e-05,2.3328
2026-06-08T08:32:59.199332+00:00Z,bybit,mexc,ALLOUSDT,2.1323,0.45917,0.46896,5e-05,-0.000159,-0.000209,2.1325
2026-06-08T08:32:59.199332+00:00Z,gate,bybit,ESPORTSUSDT,0.5373,0.07865,0.07907,0.003424,9.4e-05,-0.00333,0.5407
2026-06-08T08:33:01.227921+00:00Z,gate,mexc,ESPORTSUSDT,5.4937,0.07818,0.08246,0.003424,-0.015694,-0.019118,5.5128
2026-06-08T08:33:01.227921+00:00Z,bybit,mexc,ESPORTSUSDT,4.6339,0.07882,0.08246,9.4e-05,-0.015694,-0.015788,4.6497
2026-06-08T08:33:01.227921+00:00Z,gate,mexc,ALLOUSDT,2.2279,0.45874,0.46896,-0.000113,-0.000159,-4.6e-05,2.2279
2026-06-08T08:33:01.227921+00:00Z,bybit,mexc,ALLOUSDT,2.1701,0.459,0.46896,5e-05,-0.000159,-0.000209,2.1704
2026-06-08T08:33:01.227921+00:00Z,gate,bybit,ESPORTSUSDT,0.7964,0.07818,0.0788,0.003424,9.4e-05,-0.00333,0.7997
2026-06-08T08:33:03.261859+00:00Z,gate,mexc,ESPORTSUSDT,4.2537,0.07911,0.08246,0.003424,-0.015694,-0.019118,4.2728
2026-06-08T08:33:03.261859+00:00Z,bybit,mexc,ESPORTSUSDT,3.5437,0.07965,0.08246,9.4e-05,-0.015694,-0.015788,3.5595
2026-06-08T08:33:03.261859+00:00Z,gate,mexc,ALLOUSDT,2.5453,0.45732,0.46896,-0.000113,-0.000159,-4.6e-05,2.5454
2026-06-08T08:33:03.261859+00:00Z,bybit,mexc,ALLOUSDT,2.4693,0.45766,0.46896,5e-05,-0.000159,-0.000209,2.4695
2026-06-08T08:33:03.261859+00:00Z,mexc,gate,PIPPINUSDT,0.8277,0.02053,0.0207,5e-05,0.00043,0.00038,0.8273
2026-06-08T08:33:03.261859+00:00Z,gate,bybit,ESPORTSUSDT,0.6733,0.07911,0.07964,0.003424,9.4e-05,-0.00333,0.6766
2026-06-08T08:33:05.275244+00:00Z,gate,mexc,ESPORTSUSDT,4.1353,0.0792,0.08246,0.003424,-0.015694,-0.019118,4.1544
2026-06-08T08:33:05.275244+00:00Z,bybit,mexc,ESPORTSUSDT,3.2327,0.07989,0.08246,9.4e-05,-0.015694,-0.015788,3.2485
2026-06-08T08:33:05.275244+00:00Z,gate,mexc,ALLOUSDT,2.3372,0.45825,0.46896,-0.000113,-0.000159,-4.6e-05,2.3372
2026-06-08T08:33:05.275244+00:00Z,bybit,mexc,ALLOUSDT,2.3173,0.45834,0.46896,5e-05,-0.000159,-0.000209,2.3175
2026-06-08T08:33:05.275244+00:00Z,mexc,gate,PIPPINUSDT,0.8277,0.02053,0.0207,5e-05,0.00043,0.00038,0.8273
2026-06-08T08:33:05.275244+00:00Z,gate,bybit,ESPORTSUSDT,0.7988,0.0792,0.07983,0.003424,9.4e-05,-0.00333,0.8021
2026-06-08T08:33:07.294353+00:00Z,gate,mexc,ESPORTSUSDT,4.3724,0.07902,0.08246,0.003424,-0.015694,-0.019118,4.3916
2026-06-08T08:33:07.294353+00:00Z,bybit,mexc,ESPORTSUSDT,3.6088,0.0796,0.08246,9.4e-05,-0.015694,-0.015788,3.6245
2026-06-08T08:33:07.294353+00:00Z,gate,mexc,ALLOUSDT,2.2012,0.45886,0.46896,-0.000113,-0.000159,-4.6e-05,2.2012
2026-06-08T08:33:07.294353+00:00Z,bybit,mexc,ALLOUSDT,2.1523,0.45908,0.46896,5e-05,-0.000159,-0.000209,2.1525
2026-06-08T08:33:07.294353+00:00Z,mexc,gate,PIPPINUSDT,0.8277,0.02053,0.0207,5e-05,0.00043,0.00038,0.8273
2026-06-08T08:33:07.294353+00:00Z,gate,bybit,ESPORTSUSDT,0.6994,0.07902,0.07957,0.003424,9.4e-05,-0.00333,0.7027
2026-06-08T08:33:09.332302+00:00Z,gate,bybit,ESPORTSUSDT,0.6908,0.07855,0.07909,0.003424,5.9e-05,-0.003365,0.6942
2026-06-08T08:33:11.350207+00:00Z,gate,bybit,ESPORTSUSDT,0.7676,0.07851,0.07911,0.003424,5.9e-05,-0.003365,0.771
2026-06-08T08:33:17.369182+00:00Z,gate,bybit,ESPORTSUSDT,0.6327,0.07945,0.07995,0.003424,5.9e-05,-0.003365,0.6361
2026-06-08T08:33:19.376178+00:00Z,gate,bybit,ESPORTSUSDT,0.5077,0.07932,0.07972,0.003424,5.9e-05,-0.003365,0.511
2026-06-08T08:33:21.380378+00:00Z,gate,bybit,ESPORTSUSDT,0.7822,0.07832,0.07893,0.003424,5.9e-05,-0.003365,0.7856
2026-06-08T08:33:21.380378+00:00Z,gate,mexc,ESPORTSUSDT,0.5554,0.07832,0.07874,0.003424,-0.015694,-0.019118,0.5745
2026-06-08T08:33:25.388614+00:00Z,gate,bybit,ESPORTSUSDT,0.5579,0.07754,0.07797,0.003424,5.9e-05,-0.003365,0.5613
2026-06-08T08:33:29.411257+00:00Z,gate,bybit,ESPORTSUSDT,0.5436,0.07775,0.07817,0.003424,5.9e-05,-0.003365,0.5469
2026-06-08T08:33:31.427173+00:00Z,gate,bybit,ESPORTSUSDT,0.7081,0.07804,0.07859,0.003424,5.9e-05,-0.003365,0.7115
2026-06-08T08:33:33.447405+00:00Z,gate,bybit,ESPORTSUSDT,0.7867,0.07787,0.07848,0.003424,5.9e-05,-0.003365,0.7901
2026-06-08T08:33:33.447405+00:00Z,gate,mexc,ESPORTSUSDT,0.7383,0.07787,0.07843,0.003424,-0.015694,-0.019118,0.7574
2026-06-08T08:33:35.450680+00:00Z,gate,bybit,ESPORTSUSDT,0.5018,0.07818,0.07857,0.003009,5.9e-05,-0.00295,0.5047
2026-06-08T08:33:37.465096+00:00Z,gate,bybit,ESPORTSUSDT,0.5514,0.0784,0.07883,0.003009,5.9e-05,-0.00295,0.5544
2026-06-08T08:33:41.481245+00:00Z,gate,mexc,ESPORTSUSDT,0.5293,0.07834,0.07874,0.003009,-0.015694,-0.018703,0.548
2026-06-08T08:33:47.505244+00:00Z,gate,mexc,ESPORTSUSDT,0.5017,0.07868,0.07906,0.003009,-0.015694,-0.018703,0.5204
2026-06-08T08:33:51.521032+00:00Z,gate,bybit,ESPORTSUSDT,0.5603,0.07895,0.07939,0.003009,5.9e-05,-0.00295,0.5632
2026-06-08T08:33:59.540200+00:00Z,gate,bybit,ESPORTSUSDT,0.5246,0.07859,0.079,0.003009,5.9e-05,-0.00295,0.5276
2026-06-08T08:34:01.543174+00:00Z,gate,bybit,ESPORTSUSDT,0.5493,0.0787,0.07913,0.003009,5.9e-05,-0.00295,0.5523
2026-06-08T08:34:03.611387+00:00Z,gate,bybit,ESPORTSUSDT,0.6305,0.07967,0.08017,0.003009,5.9e-05,-0.00295,0.6335
2026-06-08T08:34:05.616047+00:00Z,gate,bybit,ESPORTSUSDT,0.6048,0.07976,0.08024,0.003009,5.9e-05,-0.00295,0.6077
2026-06-08T08:34:11.635267+00:00Z,gate,mexc,ESPORTSUSDT,0.5567,0.07987,0.0803,0.003009,-0.015347,-0.018356,0.5751
2026-06-08T08:34:21.781625+00:00Z,mexc,bybit,ESPORTSUSDT,0.7816,0.0803,0.08094,-0.015347,5e-05,0.015397,0.7662
2026-06-08T08:34:21.781625+00:00Z,gate,bybit,ESPORTSUSDT,0.5495,0.0805,0.08094,0.003009,5e-05,-0.002959,0.5525
2026-06-08T08:34:23.799592+00:00Z,mexc,bybit,ESPORTSUSDT,1.0307,0.0803,0.08114,-0.015347,5e-05,0.015397,1.0153
2026-06-08T08:34:25.802269+00:00Z,mexc,bybit,ESPORTSUSDT,0.8439,0.0803,0.08099,-0.015347,5e-05,0.015397,0.8285
2026-06-08T08:34:25.802269+00:00Z,gate,bybit,ESPORTSUSDT,0.5242,0.08057,0.08099,0.003009,5e-05,-0.002959,0.5272
2026-06-08T08:34:27.817982+00:00Z,mexc,bybit,ESPORTSUSDT,1.4915,0.0803,0.08151,-0.015347,5e-05,0.015397,1.4761
2026-06-08T08:34:27.817982+00:00Z,mexc,gate,ESPORTSUSDT,0.9904,0.0803,0.08111,-0.015347,0.003009,0.018356,0.972
2026-06-08T08:34:29.837016+00:00Z,mexc,bybit,ESPORTSUSDT,1.6035,0.0803,0.0816,-0.015347,5e-05,0.015397,1.5881
2026-06-08T08:34:29.837016+00:00Z,mexc,gate,ESPORTSUSDT,0.9779,0.0803,0.0811,-0.015347,0.003009,0.018356,0.9596
2026-06-08T08:34:31.856760+00:00Z,mexc,bybit,ESPORTSUSDT,1.2175,0.0803,0.08129,-0.015347,5e-05,0.015397,1.2021
2026-06-08T08:34:31.856760+00:00Z,mexc,gate,ESPORTSUSDT,0.9904,0.0803,0.08111,-0.015347,0.003009,0.018356,0.972
2026-06-08T08:34:33.871633+00:00Z,mexc,bybit,ESPORTSUSDT,1.9149,0.0803,0.08185,-0.015347,5e-05,0.015397,1.8995
2026-06-08T08:34:33.871633+00:00Z,mexc,gate,ESPORTSUSDT,1.2768,0.0803,0.08134,-0.015347,0.002957,0.018304,1.2585
2026-06-08T08:34:33.871633+00:00Z,mexc,gate,PIPPINUSDT,0.5688,0.02108,0.0212,5e-05,0.000469,0.000419,0.5684
2026-06-08T08:34:35.876228+00:00Z,mexc,bybit,ESPORTSUSDT,2.3134,0.0803,0.08217,-0.015347,5e-05,0.015397,2.298
2026-06-08T08:34:35.876228+00:00Z,mexc,gate,ESPORTSUSDT,1.7376,0.0803,0.08171,-0.015347,0.002957,0.018304,1.7193
2026-06-08T08:34:35.876228+00:00Z,mexc,gate,PIPPINUSDT,0.5688,0.02108,0.0212,5e-05,0.000469,0.000419,0.5684
2026-06-08T08:34:35.876228+00:00Z,mexc,bybit,KASUSDT,0.5458,0.03298,0.03316,5e-05,5e-05,0.0,0.5458
2026-06-08T08:34:37.895483+00:00Z,mexc,bybit,ESPORTSUSDT,2.5749,0.0803,0.08238,-0.015347,5e-05,0.015397,2.5595
2026-06-08T08:34:37.895483+00:00Z,mexc,gate,ESPORTSUSDT,2.1112,0.0803,0.08201,-0.015347,0.002957,0.018304,2.0929
2026-06-08T08:34:37.895483+00:00Z,mexc,gate,PIPPINUSDT,1.0432,0.02108,0.0213,5e-05,0.000469,0.000419,1.0428
2026-06-08T08:34:37.895483+00:00Z,mexc,bybit,PIPPINUSDT,0.6167,0.02108,0.02121,5e-05,5e-05,0.0,0.6167
2026-06-08T08:34:39.900380+00:00Z,mexc,bybit,ESPORTSUSDT,2.0145,0.0803,0.08193,-0.015347,5e-05,0.015397,1.9991
2026-06-08T08:34:39.900380+00:00Z,mexc,gate,ESPORTSUSDT,1.4263,0.0803,0.08146,-0.015347,0.002957,0.018304,1.408
2026-06-08T08:34:39.900380+00:00Z,mexc,bybit,KASUSDT,0.6671,0.03298,0.0332,5e-05,5e-05,0.0,0.6671
2026-06-08T08:34:39.900380+00:00Z,mexc,bybit,PIPPINUSDT,0.6167,0.02108,0.02121,5e-05,5e-05,0.0,0.6167
2026-06-08T08:34:39.900380+00:00Z,mexc,gate,PIPPINUSDT,0.5688,0.02108,0.0212,5e-05,0.000469,0.000419,0.5684
2026-06-08T08:34:41.941932+00:00Z,mexc,bybit,ESPORTSUSDT,1.479,0.0803,0.0815,-0.015347,5e-05,0.015397,1.4636
2026-06-08T08:34:41.941932+00:00Z,mexc,gate,ESPORTSUSDT,1.1025,0.0803,0.0812,-0.015347,0.002957,0.018304,1.0842
2026-06-08T08:34:41.941932+00:00Z,mexc,bybit,KASUSDT,0.7277,0.03298,0.03322,5e-05,5e-05,0.0,0.7277
2026-06-08T08:34:41.941932+00:00Z,mexc,gate,PIPPINUSDT,0.5688,0.02108,0.0212,5e-05,0.000469,0.000419,0.5684
2026-06-08T08:34:41.941932+00:00Z,mexc,bybit,PIPPINUSDT,0.5218,0.02108,0.02119,5e-05,5e-05,0.0,0.5218
2026-06-08T08:34:43.947178+00:00Z,mexc,bybit,ESPORTSUSDT,1.6284,0.0803,0.08162,-0.015347,5e-05,0.015397,1.613
2026-06-08T08:34:43.947178+00:00Z,mexc,gate,ESPORTSUSDT,0.8659,0.0803,0.08101,-0.015347,0.002957,0.018304,0.8476
2026-06-08T08:34:43.947178+00:00Z,mexc,bybit,KASUSDT,0.7884,0.03298,0.03324,5e-05,5e-05,0.0,0.7884
2026-06-08T08:34:43.947178+00:00Z,gate,bybit,ESPORTSUSDT,0.5821,0.08115,0.08162,0.002957,5e-05,-0.002907,0.585
2026-06-08T08:34:43.947178+00:00Z,mexc,gate,PIPPINUSDT,0.5688,0.02108,0.0212,5e-05,0.000469,0.000419,0.5684
2026-06-08T08:34:45.968521+00:00Z,mexc,bybit,ESPORTSUSDT,1.2299,0.0803,0.0813,-0.015347,5e-05,0.015397,1.2145
2026-06-08T08:34:45.968521+00:00Z,mexc,bybit,KASUSDT,0.7277,0.03298,0.03322,5e-05,5e-05,0.0,0.7277
2026-06-08T08:34:45.968521+00:00Z,mexc,gate,PIPPINUSDT,0.5688,0.02108,0.0212,5e-05,0.000469,0.000419,0.5684
2026-06-08T08:34:45.968521+00:00Z,mexc,gate,ESPORTSUSDT,0.5296,0.0803,0.08074,-0.015347,0.002957,0.018304,0.5113
2026-06-08T08:34:47.978090+00:00Z,mexc,bybit,KASUSDT,0.6367,0.03298,0.03319,5e-05,5e-05,0.0,0.6367
2026-06-08T08:34:47.978090+00:00Z,mexc,bybit,ESPORTSUSDT,0.6197,0.0803,0.08081,-0.015347,5e-05,0.015397,0.6043
2026-06-08T08:34:47.978090+00:00Z,mexc,gate,PIPPINUSDT,0.5688,0.02108,0.0212,5e-05,0.000469,0.000419,0.5684
2026-06-08T08:34:47.978090+00:00Z,gate,bybit,ESPORTSUSDT,0.5504,0.08037,0.08081,0.002957,5e-05,-0.002907,0.5533
2026-06-08T08:34:49.997193+00:00Z,mexc,bybit,KASUSDT,0.6671,0.03298,0.0332,5e-05,5e-05,0.0,0.6671
2026-06-08T08:34:49.997193+00:00Z,mexc,gate,PIPPINUSDT,0.5688,0.02108,0.0212,5e-05,0.000469,0.000419,0.5684
2026-06-08T08:34:52.001056+00:00Z,mexc,bybit,PIPPINUSDT,0.5693,0.02108,0.0212,5e-05,5e-05,0.0,0.5693
2026-06-08T08:34:52.001056+00:00Z,mexc,gate,PIPPINUSDT,0.5688,0.02108,0.0212,5e-05,0.000469,0.000419,0.5684
2026-06-08T08:34:54.019954+00:00Z,mexc,bybit,KASUSDT,0.6367,0.03298,0.03319,5e-05,5e-05,0.0,0.6367
2026-06-08T08:34:54.019954+00:00Z,mexc,gate,PIPPINUSDT,0.5688,0.02108,0.0212,5e-05,0.000469,0.000419,0.5684
2026-06-08T08:34:56.036403+00:00Z,gate,mexc,ESPORTSUSDT,0.7477,0.07952,0.0801,0.002957,-0.015347,-0.018304,0.766
2026-06-08T08:34:56.036403+00:00Z,mexc,gate,PIPPINUSDT,0.5688,0.02108,0.0212,5e-05,0.000469,0.000419,0.5684
2026-06-08T08:34:58.052500+00:00Z,gate,mexc,ESPORTSUSDT,1.1164,0.07923,0.0801,0.002957,-0.015347,-0.018304,1.1347
2026-06-08T08:34:58.052500+00:00Z,mexc,gate,PIPPINUSDT,0.5688,0.02108,0.0212,5e-05,0.000469,0.000419,0.5684
2026-06-08T08:34:58.052500+00:00Z,bybit,mexc,ESPORTSUSDT,0.5425,0.07968,0.0801,5e-05,-0.015347,-0.015397,0.5579
2026-06-08T08:35:00.075305+00:00Z,gate,mexc,ESPORTSUSDT,1.0654,0.07927,0.0801,0.002957,-0.015347,-0.018304,1.0837
2026-06-08T08:35:00.075305+00:00Z,bybit,mexc,ESPORTSUSDT,0.593,0.07964,0.0801,5e-05,-0.015347,-0.015397,0.6084
2026-06-08T08:35:00.075305+00:00Z,mexc,bybit,ALLOUSDT,0.5042,0.44801,0.45027,-0.000158,5e-05,0.000208,0.504
2026-06-08T08:35:02.079809+00:00Z,gate,bybit,ESPORTSUSDT,0.5304,0.07962,0.08004,0.002957,5e-05,-0.002907,0.5333
2026-06-08T08:35:04.094502+00:00Z,gate,bybit,ESPORTSUSDT,0.5801,0.07969,0.08015,0.002957,5e-05,-0.002907,0.5831
2026-06-08T08:35:08.109873+00:00Z,gate,bybit,ESPORTSUSDT,0.5409,0.07993,0.08036,0.002957,5e-05,-0.002907,0.5438
2026-06-08T08:35:10.126024+00:00Z,gate,mexc,ESPORTSUSDT,0.7231,0.07946,0.08002,0.002957,-0.015347,-0.018304,0.7414
2026-06-08T08:35:12.141126+00:00Z,gate,bybit,ESPORTSUSDT,0.5055,0.07958,0.07998,0.002957,5e-05,-0.002907,0.5085
2026-06-08T08:35:14.158439+00:00Z,gate,mexc,ESPORTSUSDT,0.5225,0.07933,0.07973,0.002957,-0.015347,-0.018304,0.5408
2026-06-08T08:35:16.173783+00:00Z,gate,bybit,ESPORTSUSDT,0.6948,0.07949,0.08004,0.002957,5e-05,-0.002907,0.6977
2026-06-08T08:35:18.188572+00:00Z,gate,bybit,ESPORTSUSDT,0.6081,0.07932,0.0798,0.002957,5e-05,-0.002907,0.611
2026-06-08T08:35:20.204509+00:00Z,gate,bybit,ESPORTSUSDT,0.7872,0.07905,0.07967,0.002957,5e-05,-0.002907,0.7901
2026-06-08T08:35:22.221016+00:00Z,gate,bybit,ESPORTSUSDT,0.5354,0.07888,0.0793,0.002957,5e-05,-0.002907,0.5383
2026-06-08T08:35:28.228035+00:00Z,gate,bybit,ESPORTSUSDT,0.6533,0.07842,0.07893,0.002957,5e-05,-0.002907,0.6562
2026-06-08T08:35:32.232222+00:00Z,gate,bybit,ESPORTSUSDT,0.5229,0.07884,0.07925,0.002957,5e-05,-0.002907,0.5259
2026-06-08T08:35:34.237829+00:00Z,gate,mexc,ESPORTSUSDT,0.6512,0.079,0.0795,0.002957,-0.015347,-0.018304,0.6695
2026-06-08T08:35:38.253588+00:00Z,gate,bybit,ESPORTSUSDT,0.5324,0.0793,0.07972,0.002782,5e-05,-0.002732,0.5351
2026-06-08T08:35:42.275142+00:00Z,gate,bybit,ESPORTSUSDT,0.6469,0.07917,0.07968,0.002782,5e-05,-0.002732,0.6496
2026-06-08T08:35:44.291374+00:00Z,gate,bybit,ESPORTSUSDT,0.7219,0.07926,0.07983,0.002782,5e-05,-0.002732,0.7246
2026-06-08T08:35:46.307036+00:00Z,gate,bybit,ESPORTSUSDT,0.7466,0.07931,0.0799,0.002782,5e-05,-0.002732,0.7494
2026-06-08T08:35:46.307036+00:00Z,gate,mexc,ESPORTSUSDT,0.5225,0.07931,0.07971,0.002782,-0.015347,-0.018129,0.5406
2026-06-08T08:35:48.322787+00:00Z,gate,bybit,ESPORTSUSDT,0.7447,0.07952,0.08011,0.002782,5e-05,-0.002732,0.7474
2026-06-08T08:35:50.338100+00:00Z,gate,bybit,ESPORTSUSDT,0.7825,0.07951,0.08013,0.002782,5e-05,-0.002732,0.7852
2026-06-08T08:35:52.353626+00:00Z,gate,bybit,ESPORTSUSDT,0.7336,0.07936,0.07994,0.002782,5e-05,-0.002732,0.7363
2026-06-08T08:35:54.368962+00:00Z,gate,bybit,ESPORTSUSDT,0.6298,0.07973,0.08023,0.002782,5e-05,-0.002732,0.6326
2026-06-08T08:35:56.385419+00:00Z,gate,bybit,ESPORTSUSDT,0.7184,0.07965,0.08022,0.002782,5e-05,-0.002732,0.7211
2026-06-08T08:35:58.400298+00:00Z,gate,bybit,ESPORTSUSDT,0.8175,0.07978,0.08043,0.002782,5e-05,-0.002732,0.8202
2026-06-08T08:36:00.416944+00:00Z,gate,bybit,ESPORTSUSDT,0.6407,0.07994,0.08045,0.002782,5e-05,-0.002732,0.6434
2026-06-08T08:36:04.434265+00:00Z,gate,bybit,ESPORTSUSDT,0.7371,0.08034,0.08093,0.002782,5e-05,-0.002732,0.7398
2026-06-08T08:36:06.451918+00:00Z,gate,bybit,ESPORTSUSDT,0.6492,0.08044,0.08096,0.002782,5e-05,-0.002732,0.6519
2026-06-08T08:36:08.475904+00:00Z,gate,bybit,ESPORTSUSDT,0.8733,0.08041,0.08111,0.002782,5e-05,-0.002732,0.876
2026-06-08T08:36:10.479068+00:00Z,gate,bybit,ESPORTSUSDT,0.8642,0.08009,0.08078,0.002782,0.000143,-0.002639,0.8668
2026-06-08T08:36:12.481075+00:00Z,gate,bybit,ESPORTSUSDT,0.7371,0.08033,0.08092,0.002782,0.000143,-0.002639,0.7397
2026-06-08T08:36:16.498485+00:00Z,gate,mexc,ALLOUSDT,0.7503,0.44794,0.4513,1e-05,-0.000169,-0.000179,0.7505
2026-06-08T08:36:16.498485+00:00Z,bybit,mexc,ALLOUSDT,0.5595,0.44879,0.4513,5e-05,-0.000169,-0.000219,0.5597
2026-06-08T08:36:16.498485+00:00Z,gate,bybit,ESPORTSUSDT,0.5008,0.08029,0.08069,0.002782,0.000143,-0.002639,0.5035
2026-06-08T08:36:18.517570+00:00Z,gate,bybit,ESPORTSUSDT,0.5972,0.08073,0.08121,0.002782,0.000143,-0.002639,0.5999
2026-06-08T08:36:20.521512+00:00Z,gate,bybit,ESPORTSUSDT,0.6858,0.08051,0.08106,0.002782,0.000143,-0.002639,0.6884
2026-06-08T08:36:20.521512+00:00Z,gate,mexc,ESPORTSUSDT,0.6017,0.08051,0.08098,0.002782,-0.01517,-0.017952,0.6197
2026-06-08T08:36:22.538046+00:00Z,gate,bybit,ESPORTSUSDT,0.7118,0.08038,0.08095,0.002782,0.000143,-0.002639,0.7144
2026-06-08T08:36:24.553532+00:00Z,gate,bybit,ESPORTSUSDT,0.6234,0.08055,0.08105,0.002782,0.000143,-0.002639,0.626
2026-06-08T08:36:30.574837+00:00Z,gate,bybit,ESPORTSUSDT,0.6715,0.08073,0.08127,0.002782,0.000143,-0.002639,0.6742
2026-06-08T08:36:32.589408+00:00Z,gate,bybit,ESPORTSUSDT,0.6583,0.08084,0.08137,0.002782,0.000143,-0.002639,0.6609
2026-06-08T08:36:34.605909+00:00Z,gate,bybit,ESPORTSUSDT,0.6704,0.08088,0.08142,0.002891,0.000143,-0.002748,0.6732
2026-06-08T08:36:36.625618+00:00Z,gate,bybit,ESPORTSUSDT,0.6096,0.08075,0.08124,0.002891,0.000143,-0.002748,0.6123
2026-06-08T08:36:38.627248+00:00Z,gate,bybit,ESPORTSUSDT,0.6072,0.08106,0.08155,0.002891,0.000143,-0.002748,0.61
2026-06-08T08:36:40.642253+00:00Z,gate,bybit,ESPORTSUSDT,0.6197,0.08104,0.08154,0.002891,0.000143,-0.002748,0.6225
2026-06-08T08:36:42.644737+00:00Z,gate,bybit,ESPORTSUSDT,0.6068,0.08112,0.08161,0.002891,0.000143,-0.002748,0.6095
2026-06-08T08:36:52.667846+00:00Z,gate,bybit,ESPORTSUSDT,0.8356,0.08165,0.08233,0.002891,0.000143,-0.002748,0.8383
2026-06-08T08:36:58.687105+00:00Z,gate,bybit,ESPORTSUSDT,0.8291,0.08108,0.08175,0.002891,0.000143,-0.002748,0.8318
2026-06-08T08:37:00.703540+00:00Z,gate,bybit,ESPORTSUSDT,0.8656,0.08113,0.08183,0.002891,0.000143,-0.002748,0.8683
2026-06-08T08:37:04.720872+00:00Z,gate,bybit,ESPORTSUSDT,0.704,0.08128,0.08185,0.002891,0.000143,-0.002748,0.7068
2026-06-08T08:37:06.737673+00:00Z,gate,bybit,ESPORTSUSDT,0.5853,0.0824,0.08288,0.002891,0.000143,-0.002748,0.588
2026-06-08T08:37:08.751327+00:00Z,gate,bybit,ESPORTSUSDT,0.5129,0.08232,0.08274,0.002891,0.000156,-0.002735,0.5157
2026-06-08T08:37:10.767486+00:00Z,gate,bybit,ESPORTSUSDT,0.7694,0.08217,0.0828,0.002891,0.000156,-0.002735,0.7722
2026-06-08T08:37:12.782786+00:00Z,gate,bybit,ESPORTSUSDT,0.7316,0.08232,0.08292,0.002891,0.000156,-0.002735,0.7343
2026-06-08T08:37:14.798499+00:00Z,gate,bybit,ESPORTSUSDT,0.8034,0.08243,0.08309,0.002891,0.000156,-0.002735,0.8061
2026-06-08T08:37:16.800883+00:00Z,gate,bybit,ESPORTSUSDT,0.7792,0.08242,0.08306,0.002891,0.000156,-0.002735,0.782
2026-06-08T08:37:18.820039+00:00Z,gate,bybit,ESPORTSUSDT,0.7555,0.08236,0.08298,0.002891,0.000156,-0.002735,0.7583
2026-06-08T08:37:20.824302+00:00Z,gate,bybit,ESPORTSUSDT,0.5151,0.08197,0.08239,0.002891,0.000156,-0.002735,0.5179
2026-06-08T08:37:22.840082+00:00Z,gate,bybit,ESPORTSUSDT,0.7356,0.08187,0.08247,0.002891,0.000156,-0.002735,0.7383
2026-06-08T08:37:24.849773+00:00Z,gate,bybit,ESPORTSUSDT,0.6263,0.08179,0.0823,0.002891,0.000156,-0.002735,0.629
2026-06-08T08:37:26.864493+00:00Z,gate,bybit,ESPORTSUSDT,0.5538,0.08166,0.08211,0.002891,0.000156,-0.002735,0.5565
2026-06-08T08:37:28.868085+00:00Z,gate,bybit,ESPORTSUSDT,0.7258,0.0816,0.08219,0.002891,0.000156,-0.002735,0.7285
2026-06-08T08:37:30.885132+00:00Z,gate,bybit,ESPORTSUSDT,0.6978,0.08201,0.08258,0.002891,0.000156,-0.002735,0.7005
2026-06-08T08:37:32.900680+00:00Z,gate,bybit,ESPORTSUSDT,0.7989,0.08164,0.08229,0.002891,0.000156,-0.002735,0.8016
2026-06-08T08:37:32.900680+00:00Z,gate,mexc,ESPORTSUSDT,0.7773,0.08164,0.08226,0.002891,-0.015004,-0.017895,0.7952
2026-06-08T08:37:34.917693+00:00Z,gate,bybit,ESPORTSUSDT,0.7109,0.08188,0.08246,0.002683,0.000156,-0.002527,0.7134
2026-06-08T08:37:36.933014+00:00Z,gate,bybit,ESPORTSUSDT,0.711,0.08187,0.08245,0.002683,0.000156,-0.002527,0.7135
2026-06-08T08:37:36.933014+00:00Z,gate,mexc,ESPORTSUSDT,0.5063,0.08187,0.08227,0.002683,-0.015004,-0.017687,0.524
2026-06-08T08:37:38.948873+00:00Z,gate,bybit,ESPORTSUSDT,0.8217,0.08179,0.08246,0.002683,0.000156,-0.002527,0.8242
2026-06-08T08:37:42.952603+00:00Z,gate,bybit,ESPORTSUSDT,0.8113,0.08161,0.08227,0.002683,0.000156,-0.002527,0.8138
2026-06-08T08:37:44.967787+00:00Z,gate,bybit,ESPORTSUSDT,0.5193,0.08127,0.08169,0.002683,0.000156,-0.002527,0.5218
2026-06-08T08:37:46.985762+00:00Z,gate,bybit,ESPORTSUSDT,0.8004,0.08147,0.08212,0.002683,0.000156,-0.002527,0.8029
2026-06-08T08:37:49.006733+00:00Z,gate,bybit,ESPORTSUSDT,0.739,0.08147,0.08207,0.002683,0.000156,-0.002527,0.7415
2026-06-08T08:37:51.011927+00:00Z,gate,bybit,ESPORTSUSDT,0.8124,0.08149,0.08215,0.002683,0.000156,-0.002527,0.815
2026-06-08T08:37:51.011927+00:00Z,gate,mexc,ESPORTSUSDT,0.5699,0.08149,0.08194,0.002683,-0.015004,-0.017687,0.5876
2026-06-08T08:37:53.030525+00:00Z,gate,bybit,ESPORTSUSDT,0.8009,0.08142,0.08207,0.002683,0.000156,-0.002527,0.8034
2026-06-08T08:37:53.030525+00:00Z,gate,mexc,ESPORTSUSDT,0.5581,0.08142,0.08186,0.002683,-0.015004,-0.017687,0.5758
2026-06-08T08:37:55.051281+00:00Z,gate,bybit,ESPORTSUSDT,0.7753,0.08152,0.08215,0.002683,0.000156,-0.002527,0.7779
2026-06-08T08:37:57.066576+00:00Z,gate,bybit,ESPORTSUSDT,0.7252,0.08164,0.08223,0.002683,0.000156,-0.002527,0.7277
2026-06-08T08:37:59.075564+00:00Z,gate,bybit,ESPORTSUSDT,0.8235,0.08161,0.08228,0.002683,0.000156,-0.002527,0.826
2026-06-08T08:38:01.091230+00:00Z,gate,bybit,ESPORTSUSDT,0.7381,0.08157,0.08217,0.002683,0.000156,-0.002527,0.7406
2026-06-08T08:38:03.093488+00:00Z,gate,bybit,ESPORTSUSDT,0.8629,0.08136,0.08206,0.002683,0.000156,-0.002527,0.8654
2026-06-08T08:38:03.093488+00:00Z,mexc,bybit,ESPORTSUSDT,0.5239,0.08162,0.08206,-0.015004,0.000156,0.01516,0.5088
2026-06-08T08:38:05.117833+00:00Z,gate,bybit,ESPORTSUSDT,0.7779,0.08125,0.08188,0.002683,0.000156,-0.002527,0.7804
2026-06-08T08:38:07.125024+00:00Z,gate,bybit,ESPORTSUSDT,0.825,0.08146,0.08213,0.002683,0.000156,-0.002527,0.8275
2026-06-08T08:38:09.141017+00:00Z,gate,bybit,ESPORTSUSDT,0.7524,0.08135,0.08196,0.002683,0.000142,-0.002541,0.7549
2026-06-08T08:38:11.144730+00:00Z,gate,bybit,ESPORTSUSDT,0.8134,0.0814,0.08206,0.002683,0.000142,-0.002541,0.8159
2026-06-08T08:38:13.159559+00:00Z,gate,bybit,ESPORTSUSDT,0.8839,0.08169,0.08241,0.002683,0.000142,-0.002541,0.8865
2026-06-08T08:38:15.175384+00:00Z,gate,mexc,ESPORTSUSDT,0.5226,0.08121,0.08162,0.002683,-0.015004,-0.017687,0.5402
2026-06-08T08:38:17.191227+00:00Z,gate,bybit,ESPORTSUSDT,0.5058,0.08147,0.08188,0.002683,0.000142,-0.002541,0.5083
2026-06-08T08:38:19.196069+00:00Z,gate,bybit,ESPORTSUSDT,0.8511,0.08131,0.082,0.002683,0.000142,-0.002541,0.8537
2026-06-08T08:38:21.198276+00:00Z,gate,bybit,ESPORTSUSDT,0.7153,0.08137,0.08195,0.002683,0.000142,-0.002541,0.7179
2026-06-08T08:38:23.200624+00:00Z,gate,bybit,ESPORTSUSDT,0.6152,0.08161,0.08211,0.002683,0.000142,-0.002541,0.6178
2026-06-08T08:38:25.215123+00:00Z,gate,bybit,ESPORTSUSDT,0.7007,0.08164,0.08221,0.002683,0.000142,-0.002541,0.7033
2026-06-08T08:38:25.215123+00:00Z,mexc,gate,PIPPINUSDT,0.6167,0.02107,0.0212,5e-05,0.000379,0.000329,0.6163
2026-06-08T08:38:27.230930+00:00Z,gate,bybit,ESPORTSUSDT,0.8746,0.08142,0.08213,0.002683,0.000142,-0.002541,0.8771
2026-06-08T08:38:27.230930+00:00Z,mexc,gate,PIPPINUSDT,0.6167,0.02107,0.0212,5e-05,0.000379,0.000329,0.6163
2026-06-08T08:38:29.251107+00:00Z,mexc,gate,PIPPINUSDT,0.6167,0.02107,0.0212,5e-05,0.000379,0.000329,0.6163
2026-06-08T08:38:31.265615+00:00Z,gate,bybit,ESPORTSUSDT,0.8639,0.08127,0.08197,0.002683,0.000142,-0.002541,0.8664
2026-06-08T08:38:31.265615+00:00Z,mexc,gate,PIPPINUSDT,0.6167,0.02107,0.0212,5e-05,0.000379,0.000329,0.6163
2026-06-08T08:38:33.285766+00:00Z,gate,mexc,ESPORTSUSDT,0.7333,0.08105,0.08163,0.002683,-0.015004,-0.017687,0.751
2026-06-08T08:38:33.285766+00:00Z,gate,bybit,ESPORTSUSDT,0.6318,0.08105,0.08156,0.002683,0.000142,-0.002541,0.6343
2026-06-08T08:38:33.285766+00:00Z,mexc,gate,PIPPINUSDT,0.6167,0.02107,0.0212,5e-05,0.000379,0.000329,0.6163
2026-06-08T08:38:35.302786+00:00Z,gate,bybit,ESPORTSUSDT,0.8789,0.08102,0.08173,0.002718,0.000142,-0.002576,0.8815
2026-06-08T08:38:35.302786+00:00Z,gate,mexc,ESPORTSUSDT,0.7706,0.08102,0.08163,0.002718,-0.015004,-0.017722,0.7883
2026-06-08T08:38:35.302786+00:00Z,mexc,gate,PIPPINUSDT,0.6167,0.02107,0.0212,5e-05,0.000347,0.000297,0.6164
2026-06-08T08:38:37.318782+00:00Z,gate,mexc,ESPORTSUSDT,0.9201,0.0809,0.08163,0.002718,-0.015004,-0.017722,0.9378
2026-06-08T08:38:37.318782+00:00Z,mexc,gate,PIPPINUSDT,0.6167,0.02107,0.0212,5e-05,0.000347,0.000297,0.6164
2026-06-08T08:38:39.334065+00:00Z,gate,mexc,ESPORTSUSDT,1.1325,0.08073,0.08163,0.002718,-0.015004,-0.017722,1.1503
2026-06-08T08:38:39.334065+00:00Z,mexc,gate,PIPPINUSDT,0.6167,0.02107,0.0212,5e-05,0.000347,0.000297,0.6164
2026-06-08T08:38:39.334065+00:00Z,gate,bybit,ESPORTSUSDT,0.5228,0.08073,0.08115,0.002718,0.000142,-0.002576,0.5254
2026-06-08T08:38:41.351552+00:00Z,gate,mexc,ESPORTSUSDT,0.8951,0.08092,0.08163,0.002718,-0.015004,-0.017722,0.9129
2026-06-08T08:38:41.351552+00:00Z,gate,bybit,ESPORTSUSDT,0.8306,0.08092,0.08159,0.002718,0.000142,-0.002576,0.8331
2026-06-08T08:38:43.369286+00:00Z,gate,bybit,ESPORTSUSDT,0.8169,0.08105,0.08171,0.002718,0.000142,-0.002576,0.8195
2026-06-08T08:38:43.369286+00:00Z,gate,mexc,ESPORTSUSDT,0.7333,0.08105,0.08163,0.002718,-0.015004,-0.017722,0.7511
2026-06-08T08:38:45.376386+00:00Z,gate,mexc,ESPORTSUSDT,0.7209,0.08106,0.08163,0.002718,-0.015004,-0.017722,0.7386
2026-06-08T08:38:45.376386+00:00Z,gate,bybit,ESPORTSUSDT,0.7181,0.08106,0.08164,0.002718,0.000142,-0.002576,0.7207
2026-06-08T08:38:47.392219+00:00Z,gate,bybit,ESPORTSUSDT,0.6674,0.08123,0.08177,0.002718,0.000142,-0.002576,0.6699
2026-06-08T08:38:47.392219+00:00Z,gate,mexc,ESPORTSUSDT,0.5102,0.08123,0.08163,0.002718,-0.015004,-0.017722,0.5279
2026-06-08T08:38:49.401532+00:00Z,gate,bybit,ESPORTSUSDT,0.8143,0.08131,0.08197,0.002718,0.000142,-0.002576,0.8169
2026-06-08T08:38:51.416709+00:00Z,gate,bybit,ESPORTSUSDT,0.58,0.0814,0.08187,0.002718,0.000142,-0.002576,0.5825
2026-06-08T08:38:53.418433+00:00Z,gate,bybit,ESPORTSUSDT,0.8409,0.08111,0.08179,0.002718,0.000142,-0.002576,0.8435
2026-06-08T08:38:53.418433+00:00Z,gate,mexc,ESPORTSUSDT,0.6588,0.08111,0.08163,0.002718,-0.015004,-0.017722,0.6765
2026-06-08T08:38:55.437764+00:00Z,gate,bybit,ESPORTSUSDT,0.7548,0.08109,0.0817,0.002718,0.000142,-0.002576,0.7574
2026-06-08T08:38:55.437764+00:00Z,gate,mexc,ESPORTSUSDT,0.6836,0.08109,0.08163,0.002718,-0.015004,-0.017722,0.7014
2026-06-08T08:38:55.437764+00:00Z,bybit,mexc,EDUUSDT,0.656,0.02895,0.02914,-0.00021,0.0001,0.00031,0.6557
2026-06-08T08:38:55.437764+00:00Z,mexc,gate,PIPPINUSDT,0.6167,0.02107,0.0212,5e-05,0.000347,0.000297,0.6164
2026-06-08T08:38:57.456686+00:00Z,bybit,mexc,EDUUSDT,0.6212,0.02896,0.02914,-0.00021,0.0001,0.00031,0.6209
2026-06-08T08:38:57.456686+00:00Z,mexc,gate,PIPPINUSDT,0.6167,0.02107,0.0212,5e-05,0.000347,0.000297,0.6164
2026-06-08T08:38:59.476219+00:00Z,gate,bybit,ESPORTSUSDT,0.6554,0.08119,0.08172,0.002718,0.000142,-0.002576,0.6579
2026-06-08T08:38:59.476219+00:00Z,mexc,gate,PIPPINUSDT,0.6167,0.02107,0.0212,5e-05,0.000347,0.000297,0.6164
2026-06-08T08:38:59.476219+00:00Z,gate,mexc,ESPORTSUSDT,0.5597,0.08119,0.08163,0.002718,-0.015004,-0.017722,0.5774
2026-06-08T08:39:01.485132+00:00Z,gate,bybit,ESPORTSUSDT,0.7165,0.08124,0.08182,0.002718,0.000142,-0.002576,0.7191
2026-06-08T08:39:01.485132+00:00Z,mexc,gate,PIPPINUSDT,0.6167,0.02107,0.0212,5e-05,0.000347,0.000297,0.6164
2026-06-08T08:39:03.488453+00:00Z,gate,bybit,ESPORTSUSDT,0.8191,0.08083,0.08149,0.002718,0.000142,-0.002576,0.8217
2026-06-08T08:39:03.488453+00:00Z,gate,mexc,ESPORTSUSDT,0.6116,0.08083,0.08131,0.002718,-0.015004,-0.017722,0.6293
2026-06-08T08:39:05.504561+00:00Z,gate,bybit,ESPORTSUSDT,0.7797,0.08107,0.0817,0.002718,0.000142,-0.002576,0.7823
2026-06-08T08:39:07.520383+00:00Z,gate,bybit,ESPORTSUSDT,0.717,0.08118,0.08176,0.002718,0.000142,-0.002576,0.7196
2026-06-08T08:39:07.520383+00:00Z,bybit,gate,JCTUSDT,0.6364,0.004965,0.004997,5e-05,5e-05,0.0,0.6364
2026-06-08T08:39:07.520383+00:00Z,gate,mexc,ESPORTSUSDT,0.5597,0.08118,0.08162,0.002718,-0.015004,-0.017722,0.5774
2026-06-08T08:39:09.537124+00:00Z,gate,bybit,ESPORTSUSDT,0.8169,0.08105,0.08171,0.002718,0.000109,-0.002609,0.8195
2026-06-08T08:39:09.537124+00:00Z,bybit,gate,JCTUSDT,0.5127,0.004955,0.00498,5e-05,5e-05,0.0,0.5127
2026-06-08T08:39:11.541424+00:00Z,gate,bybit,ESPORTSUSDT,0.9164,0.08098,0.08172,0.002718,0.000109,-0.002609,0.919
2026-06-08T08:39:11.541424+00:00Z,gate,mexc,ESPORTSUSDT,0.6105,0.08098,0.08146,0.002718,-0.015004,-0.017722,0.6282
2026-06-08T08:39:13.557879+00:00Z,gate,bybit,ESPORTSUSDT,0.6815,0.08102,0.08157,0.002718,0.000109,-0.002609,0.6841
2026-06-08T08:39:15.805754+00:00Z,gate,bybit,ESPORTSUSDT,1.0142,0.08106,0.08188,0.002718,0.000109,-0.002609,1.0168
2026-06-08T08:39:17.820321+00:00Z,gate,bybit,ESPORTSUSDT,0.7289,0.08123,0.08182,0.002718,0.000109,-0.002609,0.7315
2026-06-08T08:39:17.820321+00:00Z,gate,mexc,ESPORTSUSDT,0.5225,0.08123,0.08164,0.002718,-0.015004,-0.017722,0.5402
2026-06-08T08:39:21.839303+00:00Z,gate,mexc,ESPORTSUSDT,0.5597,0.08118,0.08162,0.002718,-0.015004,-0.017722,0.5774
2026-06-08T08:39:23.850921+00:00Z,gate,bybit,ESPORTSUSDT,0.8514,0.08129,0.08198,0.002718,0.000109,-0.002609,0.854
2026-06-08T08:39:25.865761+00:00Z,gate,bybit,ESPORTSUSDT,0.777,0.08135,0.08198,0.002718,0.000109,-0.002609,0.7796
2026-06-08T08:39:27.868336+00:00Z,gate,bybit,ESPORTSUSDT,0.652,0.08162,0.08215,0.002718,0.000109,-0.002609,0.6546
2026-06-08T08:39:29.884857+00:00Z,gate,bybit,ESPORTSUSDT,0.6027,0.08166,0.08215,0.002718,0.000109,-0.002609,0.6053
2026-06-08T08:39:31.900206+00:00Z,gate,bybit,ESPORTSUSDT,0.7377,0.08162,0.08222,0.002718,0.000109,-0.002609,0.7403
2026-06-08T08:39:33.933442+00:00Z,gate,bybit,ESPORTSUSDT,0.6403,0.08154,0.08206,0.002687,0.000109,-0.002578,0.6429
2026-06-08T08:39:33.933442+00:00Z,gate,mexc,ESPORTSUSDT,0.5328,0.08154,0.08196,0.002687,-0.015004,-0.017691,0.5505
2026-06-08T08:39:35.940944+00:00Z,gate,bybit,ESPORTSUSDT,0.5783,0.08163,0.0821,0.002687,0.000109,-0.002578,0.5809
2026-06-08T08:39:37.943043+00:00Z,gate,bybit,ESPORTSUSDT,0.7134,0.08159,0.08217,0.002687,0.000109,-0.002578,0.716
2026-06-08T08:39:39.946339+00:00Z,gate,bybit,ESPORTSUSDT,0.702,0.0815,0.08207,0.002687,0.000109,-0.002578,0.7045
2026-06-08T08:39:39.946339+00:00Z,gate,mexc,ESPORTSUSDT,0.5576,0.0815,0.08194,0.002687,-0.015004,-0.017691,0.5753
2026-06-08T08:39:41.966044+00:00Z,gate,bybit,ESPORTSUSDT,0.6772,0.08153,0.08208,0.002687,0.000109,-0.002578,0.6798
2026-06-08T08:39:43.968492+00:00Z,gate,mexc,ESPORTSUSDT,0.5699,0.08149,0.08194,0.002687,-0.015004,-0.017691,0.5876
2026-06-08T08:39:45.983739+00:00Z,gate,bybit,ESPORTSUSDT,0.6901,0.08145,0.08201,0.002687,0.000109,-0.002578,0.6927
2026-06-08T08:39:45.983739+00:00Z,gate,mexc,ESPORTSUSDT,0.5702,0.08145,0.0819,0.002687,-0.015004,-0.017691,0.5879
2026-06-08T08:39:47.986545+00:00Z,gate,bybit,ESPORTSUSDT,0.5931,0.08129,0.08177,0.002687,0.000109,-0.002578,0.5956
2026-06-08T08:39:50.001220+00:00Z,gate,bybit,ESPORTSUSDT,0.5571,0.08115,0.0816,0.002687,0.000109,-0.002578,0.5597
2026-06-08T08:39:50.001220+00:00Z,gate,mexc,ESPORTSUSDT,0.5106,0.08115,0.08155,0.002687,-0.015004,-0.017691,0.5283
2026-06-08T08:39:52.004986+00:00Z,gate,bybit,ESPORTSUSDT,0.5588,0.0809,0.08135,0.002687,0.000109,-0.002578,0.5614
2026-06-08T08:39:54.020544+00:00Z,gate,bybit,ESPORTSUSDT,0.6221,0.08071,0.08121,0.002687,0.000109,-0.002578,0.6247
2026-06-08T08:39:56.037541+00:00Z,gate,bybit,ESPORTSUSDT,0.55,0.08037,0.08081,0.002687,0.000109,-0.002578,0.5526
2026-06-08T08:39:58.053780+00:00Z,gate,bybit,ESPORTSUSDT,0.6231,0.08058,0.08108,0.002687,0.000109,-0.002578,0.6257
2026-06-08T08:40:00.068638+00:00Z,gate,bybit,ESPORTSUSDT,0.5599,0.08075,0.0812,0.002687,0.000109,-0.002578,0.5624
2026-06-08T08:40:02.071666+00:00Z,gate,mexc,ESPORTSUSDT,0.7597,0.08082,0.08142,0.002687,-0.01465,-0.017337,0.7771
2026-06-08T08:40:02.071666+00:00Z,gate,bybit,ESPORTSUSDT,0.5594,0.08082,0.08127,0.002687,0.000109,-0.002578,0.5619
2026-06-08T08:40:04.123637+00:00Z,gate,bybit,ESPORTSUSDT,0.5832,0.08095,0.08142,0.002687,0.000109,-0.002578,0.5858
2026-06-08T08:40:08.158648+00:00Z,gate,bybit,ESPORTSUSDT,0.6702,0.08089,0.08143,0.002687,0.000109,-0.002578,0.6727
2026-06-08T08:40:10.175197+00:00Z,gate,bybit,ESPORTSUSDT,0.7449,0.08083,0.08143,0.002687,8e-05,-0.002607,0.7475
2026-06-08T08:40:10.175197+00:00Z,gate,mexc,ESPORTSUSDT,0.6112,0.08083,0.08131,0.002687,-0.01465,-0.017337,0.6285
2026-06-08T08:40:12.197923+00:00Z,gate,bybit,ESPORTSUSDT,0.6439,0.08108,0.0816,0.002687,8e-05,-0.002607,0.6466
2026-06-08T08:40:14.214275+00:00Z,gate,bybit,ESPORTSUSDT,0.7962,0.08065,0.08129,0.002687,8e-05,-0.002607,0.7988
2026-06-08T08:40:16.232760+00:00Z,gate,bybit,ESPORTSUSDT,0.7689,0.08091,0.08153,0.002687,8e-05,-0.002607,0.7715
2026-06-08T08:40:16.232760+00:00Z,gate,mexc,ESPORTSUSDT,0.5117,0.08091,0.08131,0.002687,-0.01465,-0.017337,0.5291
2026-06-08T08:40:18.264558+00:00Z,gate,bybit,ESPORTSUSDT,0.8085,0.08066,0.08131,0.002687,8e-05,-0.002607,0.8111
2026-06-08T08:40:20.280605+00:00Z,gate,bybit,ESPORTSUSDT,0.6975,0.08059,0.08115,0.002687,8e-05,-0.002607,0.7001
2026-06-08T08:40:20.280605+00:00Z,gate,mexc,ESPORTSUSDT,0.5137,0.08059,0.08099,0.002687,-0.01465,-0.017337,0.531
2026-06-08T08:40:22.312265+00:00Z,gate,bybit,ESPORTSUSDT,0.6599,0.08063,0.08116,0.002687,8e-05,-0.002607,0.6625
2026-06-08T08:40:24.327925+00:00Z,gate,bybit,ESPORTSUSDT,0.6728,0.08057,0.08111,0.002687,8e-05,-0.002607,0.6754
2026-06-08T08:40:24.327925+00:00Z,gate,mexc,ESPORTSUSDT,0.5262,0.08057,0.08098,0.002687,-0.01465,-0.017337,0.5435
2026-06-08T08:40:26.330549+00:00Z,gate,bybit,ESPORTSUSDT,0.7107,0.0805,0.08107,0.002687,8e-05,-0.002607,0.7133
2026-06-08T08:40:30.347925+00:00Z,gate,bybit,ESPORTSUSDT,0.8303,0.08095,0.08162,0.002687,8e-05,-0.002607,0.8329
2026-06-08T08:40:32.362529+00:00Z,gate,bybit,ESPORTSUSDT,0.6321,0.08102,0.08153,0.002687,8e-05,-0.002607,0.6347
2026-06-08T08:40:32.362529+00:00Z,gate,mexc,ESPORTSUSDT,0.5604,0.08102,0.08146,0.002687,-0.01465,-0.017337,0.5777
2026-06-08T08:40:34.365073+00:00Z,gate,bybit,ESPORTSUSDT,0.6788,0.08134,0.08189,0.002668,8e-05,-0.002588,0.6814
2026-06-08T08:40:38.368694+00:00Z,gate,bybit,ESPORTSUSDT,0.6552,0.08121,0.08174,0.002668,8e-05,-0.002588,0.6578
2026-06-08T08:40:44.393925+00:00Z,gate,mexc,ESPORTSUSDT,0.5098,0.08122,0.08162,0.002668,-0.01465,-0.017318,0.5271
2026-06-08T08:40:46.408747+00:00Z,gate,bybit,ESPORTSUSDT,0.6307,0.08119,0.0817,0.002668,8e-05,-0.002588,0.6333
2026-06-08T08:40:46.408747+00:00Z,gate,mexc,ESPORTSUSDT,0.5469,0.08119,0.08162,0.002668,-0.01465,-0.017318,0.5643
2026-06-08T08:40:48.426112+00:00Z,gate,bybit,ESPORTSUSDT,0.6301,0.08127,0.08178,0.002668,8e-05,-0.002588,0.6327
2026-06-08T08:40:50.441376+00:00Z,gate,bybit,ESPORTSUSDT,0.6544,0.08131,0.08184,0.002668,8e-05,-0.002588,0.657
2026-06-08T08:40:52.456137+00:00Z,gate,mexc,ESPORTSUSDT,0.5459,0.08135,0.08178,0.002668,-0.01465,-0.017318,0.5632
2026-06-08T08:40:56.474185+00:00Z,gate,mexc,ESPORTSUSDT,0.5221,0.08122,0.08163,0.002668,-0.01465,-0.017318,0.5394
2026-06-08T08:40:58.492289+00:00Z,gate,bybit,ESPORTSUSDT,0.7792,0.08112,0.08175,0.002668,8e-05,-0.002588,0.7818
2026-06-08T08:41:00.509025+00:00Z,gate,mexc,ESPORTSUSDT,0.6708,0.0811,0.08163,0.002668,-0.01465,-0.017318,0.6882
2026-06-08T08:41:04.525954+00:00Z,gate,bybit,ESPORTSUSDT,0.6547,0.08128,0.08181,0.002668,8e-05,-0.002588,0.6572
2026-06-08T08:41:06.528026+00:00Z,gate,bybit,ESPORTSUSDT,0.5587,0.08092,0.08137,0.002668,8e-05,-0.002588,0.5613
2026-06-08T08:41:08.530404+00:00Z,gate,bybit,ESPORTSUSDT,0.6807,0.08111,0.08166,0.002668,8e-05,-0.002588,0.6833
2026-06-08T08:41:10.533008+00:00Z,gate,bybit,ESPORTSUSDT,0.7562,0.08095,0.08156,0.002668,5.2e-05,-0.002616,0.7588
2026-06-08T08:41:14.537911+00:00Z,gate,bybit,ESPORTSUSDT,0.9666,0.08091,0.08169,0.002668,5.2e-05,-0.002616,0.9693
2026-06-08T08:41:16.543292+00:00Z,gate,bybit,ESPORTSUSDT,0.789,0.08139,0.08203,0.002668,5.2e-05,-0.002616,0.7916
2026-06-08T08:41:18.558216+00:00Z,gate,bybit,ESPORTSUSDT,0.6787,0.08135,0.0819,0.002668,5.2e-05,-0.002616,0.6813
2026-06-08T08:41:20.576273+00:00Z,gate,bybit,ESPORTSUSDT,0.7395,0.08142,0.08202,0.002668,5.2e-05,-0.002616,0.7422
2026-06-08T08:41:22.591156+00:00Z,gate,bybit,ESPORTSUSDT,0.9247,0.08134,0.08209,0.002668,5.2e-05,-0.002616,0.9273
2026-06-08T08:41:24.606104+00:00Z,gate,bybit,ESPORTSUSDT,0.6662,0.08138,0.08192,0.002668,5.2e-05,-0.002616,0.6688
2026-06-08T08:41:28.622210+00:00Z,gate,bybit,ESPORTSUSDT,0.8491,0.08151,0.0822,0.002668,5.2e-05,-0.002616,0.8518
2026-06-08T08:41:30.638299+00:00Z,gate,bybit,ESPORTSUSDT,0.6385,0.08178,0.0823,0.002668,5.2e-05,-0.002616,0.6411
2026-06-08T08:41:32.656233+00:00Z,gate,bybit,ESPORTSUSDT,0.6886,0.08163,0.08219,0.002668,5.2e-05,-0.002616,0.6913
2026-06-08T08:41:32.656233+00:00Z,gate,mexc,ESPORTSUSDT,0.5562,0.08163,0.08207,0.002668,-0.014475,-0.017143,0.5733
2026-06-08T08:41:34.685301+00:00Z,gate,bybit,ESPORTSUSDT,0.717,0.08119,0.08177,0.002644,5.2e-05,-0.002592,0.7196
2026-06-08T08:41:34.685301+00:00Z,gate,mexc,ESPORTSUSDT,0.5098,0.08119,0.08159,0.002644,-0.014475,-0.017119,0.5269
2026-06-08T08:41:36.687928+00:00Z,gate,bybit,ESPORTSUSDT,0.8134,0.0814,0.08206,0.002644,5.2e-05,-0.002592,0.816
2026-06-08T08:41:38.702465+00:00Z,gate,bybit,ESPORTSUSDT,0.7034,0.08133,0.0819,0.002644,5.2e-05,-0.002592,0.706
2026-06-08T08:41:38.702465+00:00Z,gate,mexc,ESPORTSUSDT,0.5704,0.08133,0.08178,0.002644,-0.014475,-0.017119,0.5875
2026-06-08T08:41:42.719360+00:00Z,gate,bybit,ESPORTSUSDT,0.9062,0.08079,0.08152,0.002644,5.2e-05,-0.002592,0.9088
2026-06-08T08:41:42.719360+00:00Z,gate,mexc,ESPORTSUSDT,0.5989,0.08079,0.08126,0.002644,-0.014475,-0.017119,0.616
2026-06-08T08:41:48.751607+00:00Z,gate,bybit,ESPORTSUSDT,0.7541,0.08117,0.08178,0.002644,5.2e-05,-0.002592,0.7567
2026-06-08T08:41:48.751607+00:00Z,gate,mexc,ESPORTSUSDT,0.5838,0.08117,0.08163,0.002644,-0.014475,-0.017119,0.6009
2026-06-08T08:41:50.766837+00:00Z,gate,mexc,ESPORTSUSDT,0.5212,0.08133,0.08174,0.002644,-0.014475,-0.017119,0.5384
2026-06-08T08:41:52.782299+00:00Z,gate,mexc,ESPORTSUSDT,0.5581,0.08134,0.08178,0.002644,-0.014475,-0.017119,0.5752
2026-06-08T08:41:56.788709+00:00Z,gate,bybit,ESPORTSUSDT,0.7518,0.08142,0.08203,0.002644,5.2e-05,-0.002592,0.7544
2026-06-08T08:41:58.791640+00:00Z,gate,bybit,ESPORTSUSDT,0.7753,0.08153,0.08216,0.002644,5.2e-05,-0.002592,0.7779
2026-06-08T08:41:58.791640+00:00Z,gate,mexc,ESPORTSUSDT,0.52,0.08153,0.08194,0.002644,-0.014475,-0.017119,0.5371
2026-06-08T08:42:00.807604+00:00Z,gate,bybit,ESPORTSUSDT,0.7136,0.08157,0.08215,0.002644,5.2e-05,-0.002592,0.7162
2026-06-08T08:42:00.807604+00:00Z,gate,mexc,ESPORTSUSDT,0.5443,0.08157,0.082,0.002644,-0.014475,-0.017119,0.5614
2026-06-08T08:42:02.823714+00:00Z,gate,bybit,ESPORTSUSDT,0.7156,0.08134,0.08192,0.002644,5.2e-05,-0.002592,0.7182
2026-06-08T08:42:04.838715+00:00Z,gate,bybit,ESPORTSUSDT,0.8006,0.08145,0.0821,0.002644,5.2e-05,-0.002592,0.8032
2026-06-08T08:42:04.838715+00:00Z,gate,mexc,ESPORTSUSDT,0.5696,0.08145,0.0819,0.002644,-0.014475,-0.017119,0.5867
2026-06-08T08:42:06.857017+00:00Z,gate,bybit,ESPORTSUSDT,0.7282,0.08131,0.0819,0.002644,5.2e-05,-0.002592,0.7308
2026-06-08T08:42:08.875744+00:00Z,gate,bybit,ESPORTSUSDT,0.7523,0.08136,0.08197,0.002644,7.6e-05,-0.002568,0.7549
2026-06-08T08:42:10.890467+00:00Z,gate,bybit,ESPORTSUSDT,0.6294,0.08136,0.08187,0.002644,7.6e-05,-0.002568,0.632
2026-06-08T08:42:12.892265+00:00Z,gate,bybit,ESPORTSUSDT,0.8024,0.08127,0.08192,0.002644,7.6e-05,-0.002568,0.8049
2026-06-08T08:42:12.892265+00:00Z,gate,mexc,ESPORTSUSDT,0.5585,0.08127,0.08171,0.002644,-0.014475,-0.017119,0.5756
2026-06-08T08:42:16.912916+00:00Z,gate,bybit,ESPORTSUSDT,0.655,0.08123,0.08176,0.002644,7.6e-05,-0.002568,0.6576
2026-06-08T08:42:16.912916+00:00Z,gate,mexc,ESPORTSUSDT,0.5588,0.08123,0.08167,0.002644,-0.014475,-0.017119,0.5759
2026-06-08T08:42:18.928856+00:00Z,gate,bybit,ESPORTSUSDT,0.7531,0.08128,0.08189,0.002644,7.6e-05,-0.002568,0.7556
2026-06-08T08:42:20.943297+00:00Z,gate,bybit,ESPORTSUSDT,0.792,0.08107,0.08171,0.002644,7.6e-05,-0.002568,0.7946
2026-06-08T08:42:20.943297+00:00Z,gate,mexc,ESPORTSUSDT,0.7572,0.08107,0.08167,0.002644,-0.014475,-0.017119,0.7743
2026-06-08T08:42:22.946375+00:00Z,gate,mexc,ESPORTSUSDT,0.8692,0.08098,0.08167,0.002644,-0.014475,-0.017119,0.8863
2026-06-08T08:42:22.946375+00:00Z,gate,bybit,ESPORTSUSDT,0.8423,0.08098,0.08166,0.002644,7.6e-05,-0.002568,0.8448
2026-06-08T08:42:24.967823+00:00Z,gate,mexc,ESPORTSUSDT,0.7572,0.08107,0.08167,0.002644,-0.014475,-0.017119,0.7743
2026-06-08T08:42:24.967823+00:00Z,gate,bybit,ESPORTSUSDT,0.6317,0.08107,0.08158,0.002644,7.6e-05,-0.002568,0.6342
2026-06-08T08:42:26.988279+00:00Z,gate,mexc,ESPORTSUSDT,0.7572,0.08107,0.08167,0.002644,-0.014475,-0.017119,0.7743
2026-06-08T08:42:29.004891+00:00Z,mexc,bybit,PIPPINUSDT,0.566,0.0212,0.02132,5e-05,5e-05,0.0,0.566
2026-06-08T08:42:31.020868+00:00Z,gate,bybit,ESPORTSUSDT,0.6906,0.08139,0.08195,0.002644,7.6e-05,-0.002568,0.6932
2026-06-08T08:42:33.025870+00:00Z,gate,bybit,ESPORTSUSDT,0.6169,0.08139,0.08189,0.002644,7.6e-05,-0.002568,0.6195
2026-06-08T08:42:35.040733+00:00Z,gate,bybit,ESPORTSUSDT,0.6413,0.08142,0.08194,0.002751,7.6e-05,-0.002675,0.644
2026-06-08T08:42:37.042828+00:00Z,gate,bybit,ESPORTSUSDT,0.7138,0.08156,0.08214,0.002751,7.6e-05,-0.002675,0.7165
2026-06-08T08:42:39.058282+00:00Z,gate,bybit,ESPORTSUSDT,0.7751,0.08156,0.08219,0.002751,7.6e-05,-0.002675,0.7778
2026-06-08T08:42:41.060345+00:00Z,mexc,bybit,ESPORTSUSDT,1.0239,0.08185,0.0827,-0.014475,7.6e-05,0.014551,1.0094
2026-06-08T08:42:41.060345+00:00Z,gate,bybit,ESPORTSUSDT,0.6109,0.0822,0.0827,0.002751,7.6e-05,-0.002675,0.6136
2026-06-08T08:42:43.088224+00:00Z,mexc,bybit,ESPORTSUSDT,0.8407,0.08185,0.08255,-0.014475,7.6e-05,0.014551,0.8261
2026-06-08T08:42:43.088224+00:00Z,gate,bybit,ESPORTSUSDT,0.6243,0.08204,0.08255,0.002751,7.6e-05,-0.002675,0.627
2026-06-08T08:42:45.106397+00:00Z,gate,bybit,ESPORTSUSDT,0.5653,0.08176,0.08222,0.002751,7.6e-05,-0.002675,0.568
2026-06-08T08:42:47.121888+00:00Z,gate,mexc,ESPORTSUSDT,0.5919,0.08179,0.08226,0.002751,-0.014475,-0.017226,0.6091
2026-06-08T08:42:49.138903+00:00Z,gate,bybit,ESPORTSUSDT,0.638,0.08185,0.08237,0.002751,7.6e-05,-0.002675,0.6407
2026-06-08T08:42:51.154703+00:00Z,gate,bybit,ESPORTSUSDT,0.5147,0.08202,0.08244,0.002751,7.6e-05,-0.002675,0.5174
2026-06-08T08:42:55.170981+00:00Z,gate,bybit,ESPORTSUSDT,0.5517,0.08196,0.08241,0.002751,7.6e-05,-0.002675,0.5544
2026-06-08T08:42:57.189320+00:00Z,gate,bybit,ESPORTSUSDT,0.6255,0.08189,0.0824,0.002751,7.6e-05,-0.002675,0.6281
2026-06-08T08:42:57.189320+00:00Z,gate,mexc,ESPORTSUSDT,0.579,0.08189,0.08235,0.002751,-0.014475,-0.017226,0.5962
2026-06-08T08:42:59.207313+00:00Z,gate,mexc,ESPORTSUSDT,0.6767,0.08188,0.08242,0.002751,-0.014475,-0.017226,0.694
2026-06-08T08:43:01.223499+00:00Z,gate,bybit,ESPORTSUSDT,0.6627,0.08182,0.08236,0.002751,7.6e-05,-0.002675,0.6653
2026-06-08T08:43:03.238801+00:00Z,gate,mexc,ESPORTSUSDT,0.6163,0.08177,0.08226,0.002751,-0.014304,-0.017055,0.6334
2026-06-08T08:43:03.238801+00:00Z,gate,bybit,ESPORTSUSDT,0.6019,0.08177,0.08226,0.002751,7.6e-05,-0.002675,0.6046
2026-06-08T08:43:05.256391+00:00Z,gate,bybit,ESPORTSUSDT,0.6999,0.08175,0.08232,0.002751,7.6e-05,-0.002675,0.7026
2026-06-08T08:43:07.276819+00:00Z,gate,bybit,ESPORTSUSDT,0.6265,0.08175,0.08226,0.002751,7.6e-05,-0.002675,0.6292
2026-06-08T08:43:09.293322+00:00Z,gate,bybit,ESPORTSUSDT,0.6756,0.08174,0.08229,0.002751,5e-05,-0.002701,0.6783
2026-06-08T08:43:09.293322+00:00Z,gate,mexc,ESPORTSUSDT,0.6532,0.08174,0.08226,0.002751,-0.014304,-0.017055,0.6703
2026-06-08T08:43:11.312243+00:00Z,gate,bybit,ESPORTSUSDT,0.6267,0.08173,0.08224,0.002751,5e-05,-0.002701,0.6294
2026-06-08T08:43:13.314099+00:00Z,gate,bybit,ESPORTSUSDT,0.6019,0.08177,0.08226,0.002751,5e-05,-0.002701,0.6046
2026-06-08T08:43:13.314099+00:00Z,gate,mexc,ESPORTSUSDT,0.5796,0.08177,0.08223,0.002751,-0.014304,-0.017055,0.5967
2026-06-08T08:43:15.329327+00:00Z,gate,mexc,ESPORTSUSDT,0.7451,0.08104,0.08163,0.002751,-0.014304,-0.017055,0.7621
2026-06-08T08:43:15.329327+00:00Z,gate,bybit,ESPORTSUSDT,0.6567,0.08104,0.08157,0.002751,5e-05,-0.002701,0.6594
2026-06-08T08:43:17.345112+00:00Z,gate,bybit,ESPORTSUSDT,0.5474,0.08078,0.08122,0.002751,5e-05,-0.002701,0.5501
2026-06-08T08:43:19.348579+00:00Z,gate,bybit,ESPORTSUSDT,0.67,0.08092,0.08146,0.002751,5e-05,-0.002701,0.6727
2026-06-08T08:43:23.354255+00:00Z,gate,bybit,ESPORTSUSDT,0.6254,0.0803,0.0808,0.002751,5e-05,-0.002701,0.6281
2026-06-08T08:43:25.368987+00:00Z,gate,mexc,ESPORTSUSDT,0.6258,0.08049,0.08098,0.002751,-0.014304,-0.017055,0.6429
2026-06-08T08:43:25.368987+00:00Z,gate,bybit,ESPORTSUSDT,0.5866,0.08049,0.08096,0.002751,5e-05,-0.002701,0.5893
2026-06-08T08:43:27.377684+00:00Z,gate,mexc,ESPORTSUSDT,0.5384,0.08056,0.08098,0.002751,-0.014304,-0.017055,0.5555
2026-06-08T08:43:29.392984+00:00Z,gate,bybit,ESPORTSUSDT,0.6227,0.08064,0.08114,0.002751,5e-05,-0.002701,0.6254
2026-06-08T08:43:31.408431+00:00Z,gate,bybit,ESPORTSUSDT,0.5234,0.08066,0.08108,0.002751,5e-05,-0.002701,0.5261
2026-06-08T08:43:35.426631+00:00Z,gate,bybit,ESPORTSUSDT,0.5861,0.08056,0.08103,0.002721,5e-05,-0.002671,0.5888
2026-06-08T08:43:35.426631+00:00Z,gate,mexc,ESPORTSUSDT,0.5756,0.08056,0.08101,0.002721,-0.014304,-0.017025,0.5926
2026-06-08T08:43:37.451814+00:00Z,gate,bybit,ESPORTSUSDT,0.6478,0.0806,0.08112,0.002721,5e-05,-0.002671,0.6505
2026-06-08T08:43:41.468302+00:00Z,gate,mexc,ESPORTSUSDT,0.7248,0.08053,0.0811,0.002721,-0.014304,-0.017025,0.7419
2026-06-08T08:43:41.468302+00:00Z,gate,bybit,ESPORTSUSDT,0.6484,0.08053,0.08105,0.002721,5e-05,-0.002671,0.6511
2026-06-08T08:43:43.491887+00:00Z,gate,bybit,ESPORTSUSDT,0.5728,0.08068,0.08114,0.002721,5e-05,-0.002671,0.5755
2026-06-08T08:43:45.506775+00:00Z,gate,bybit,ESPORTSUSDT,0.6109,0.08056,0.08105,0.002721,5e-05,-0.002671,0.6136
2026-06-08T08:43:45.506775+00:00Z,gate,mexc,ESPORTSUSDT,0.5756,0.08056,0.08101,0.002721,-0.014304,-0.017025,0.5926
2026-06-08T08:43:47.525438+00:00Z,gate,bybit,ESPORTSUSDT,0.5862,0.08055,0.08102,0.002721,5e-05,-0.002671,0.5888
2026-06-08T08:43:47.525438+00:00Z,gate,mexc,ESPORTSUSDT,0.5509,0.08055,0.08098,0.002721,-0.014304,-0.017025,0.5679
2026-06-08T08:43:53.565508+00:00Z,gate,bybit,ESPORTSUSDT,0.5238,0.08059,0.08101,0.002721,5e-05,-0.002671,0.5265
2026-06-08T08:43:53.565508+00:00Z,gate,mexc,ESPORTSUSDT,0.501,0.08059,0.08098,0.002721,-0.014304,-0.017025,0.518
2026-06-08T08:43:55.598257+00:00Z,gate,mexc,ESPORTSUSDT,0.6508,0.08047,0.08098,0.002721,-0.014304,-0.017025,0.6678
2026-06-08T08:43:55.598257+00:00Z,gate,bybit,ESPORTSUSDT,0.5992,0.08047,0.08095,0.002721,5e-05,-0.002671,0.6018
2026-06-08T08:43:59.618745+00:00Z,gate,bybit,ESPORTSUSDT,0.6371,0.08039,0.0809,0.002721,5e-05,-0.002671,0.6397
2026-06-08T08:44:03.639383+00:00Z,gate,bybit,ESPORTSUSDT,0.5839,0.08086,0.08133,0.002721,5e-05,-0.002671,0.5866
2026-06-08T08:44:05.642276+00:00Z,gate,mexc,ESPORTSUSDT,0.5609,0.08087,0.08131,0.002721,-0.014131,-0.016852,0.5778
2026-06-08T08:44:05.642276+00:00Z,gate,bybit,ESPORTSUSDT,0.522,0.08087,0.08129,0.002721,5e-05,-0.002671,0.5247
2026-06-08T08:44:09.660666+00:00Z,gate,bybit,ESPORTSUSDT,0.6796,0.08125,0.0818,0.002721,5e-05,-0.002671,0.6823
2026-06-08T08:44:09.660666+00:00Z,gate,mexc,ESPORTSUSDT,0.5092,0.08125,0.08165,0.002721,-0.014131,-0.016852,0.526
2026-06-08T08:44:11.676660+00:00Z,gate,bybit,ESPORTSUSDT,0.5933,0.08127,0.08175,0.002721,5e-05,-0.002671,0.596
2026-06-08T08:44:13.693290+00:00Z,gate,bybit,ESPORTSUSDT,0.5669,0.08152,0.08198,0.002721,5e-05,-0.002671,0.5696
2026-06-08T08:44:13.693290+00:00Z,bybit,gate,JCTUSDT,0.5066,0.004975,0.005,5e-05,5e-05,0.0,0.5066
2026-06-08T08:44:15.709064+00:00Z,gate,bybit,ESPORTSUSDT,0.5922,0.08142,0.0819,0.002721,5e-05,-0.002671,0.5949
2026-06-08T08:44:15.709064+00:00Z,mexc,gate,JCTUSDT,0.5621,0.004982,0.00501,0.000146,5e-05,-9.6e-05,0.5622
2026-06-08T08:44:17.857842+00:00Z,gate,bybit,ESPORTSUSDT,0.5688,0.08125,0.08171,0.002721,5e-05,-0.002671,0.5715
2026-06-08T08:44:19.874309+00:00Z,gate,bybit,ESPORTSUSDT,0.6179,0.08127,0.08177,0.002721,5e-05,-0.002671,0.6206
2026-06-08T08:44:21.876013+00:00Z,gate,bybit,ESPORTSUSDT,0.6303,0.08126,0.08177,0.002721,5e-05,-0.002671,0.633
2026-06-08T08:44:23.893659+00:00Z,gate,bybit,ESPORTSUSDT,0.7189,0.08098,0.08156,0.002721,5e-05,-0.002671,0.7216
2026-06-08T08:44:25.909103+00:00Z,gate,bybit,ESPORTSUSDT,0.6697,0.08096,0.0815,0.002721,5e-05,-0.002671,0.6723
2026-06-08T08:44:27.924004+00:00Z,gate,bybit,ESPORTSUSDT,0.5584,0.08098,0.08143,0.002721,5e-05,-0.002671,0.561
2026-06-08T08:44:29.939736+00:00Z,gate,bybit,ESPORTSUSDT,0.7561,0.08096,0.08157,0.002721,5e-05,-0.002671,0.7588
2026-06-08T08:44:31.955456+00:00Z,gate,bybit,ESPORTSUSDT,0.7335,0.08073,0.08132,0.002721,5e-05,-0.002671,0.7362
2026-06-08T08:44:35.971771+00:00Z,gate,bybit,ESPORTSUSDT,0.7474,0.08056,0.08116,0.002687,5e-05,-0.002637,0.7501
2026-06-08T08:44:37.978800+00:00Z,gate,bybit,ESPORTSUSDT,0.6979,0.08054,0.0811,0.002687,5e-05,-0.002637,0.7006
2026-06-08T08:44:39.990056+00:00Z,gate,bybit,ESPORTSUSDT,0.5228,0.08074,0.08116,0.002687,5e-05,-0.002637,0.5255
2026-06-08T08:44:39.990056+00:00Z,gate,mexc,ESPORTSUSDT,0.5122,0.08074,0.08114,0.002687,-0.014131,-0.016818,0.5291
2026-06-08T08:44:42.006091+00:00Z,gate,bybit,ESPORTSUSDT,0.5346,0.08084,0.08127,0.002687,5e-05,-0.002637,0.5372
2026-06-08T08:44:44.022164+00:00Z,gate,mexc,ESPORTSUSDT,0.7103,0.08075,0.08131,0.002687,-0.014131,-0.016818,0.7271
2026-06-08T08:44:46.038529+00:00Z,gate,mexc,ESPORTSUSDT,0.6426,0.0799,0.0804,0.002687,-0.014131,-0.016818,0.6594
2026-06-08T08:44:46.038529+00:00Z,gate,bybit,ESPORTSUSDT,0.5658,0.0799,0.08035,0.002687,5e-05,-0.002637,0.5685
2026-06-08T08:44:48.055467+00:00Z,gate,mexc,ESPORTSUSDT,0.5326,0.07949,0.0799,0.002687,-0.014131,-0.016818,0.5494
2026-06-08T08:44:50.071902+00:00Z,gate,mexc,ESPORTSUSDT,0.6076,0.07955,0.08002,0.002687,-0.014131,-0.016818,0.6245
2026-06-08T08:44:56.077987+00:00Z,gate,mexc,ESPORTSUSDT,0.6582,0.07951,0.08002,0.002687,-0.014131,-0.016818,0.6751
2026-06-08T08:45:00.094071+00:00Z,gate,mexc,ESPORTSUSDT,0.7723,0.07942,0.08002,0.002687,-0.014131,-0.016818,0.7891
2026-06-08T08:45:02.098701+00:00Z,gate,mexc,ESPORTSUSDT,0.5719,0.07927,0.07971,0.002687,-0.014131,-0.016818,0.5887
2026-06-08T08:45:04.114069+00:00Z,gate,bybit,ESPORTSUSDT,0.5313,0.07945,0.07987,0.002687,5e-05,-0.002637,0.5339
2026-06-08T08:45:06.132352+00:00Z,gate,bybit,ESPORTSUSDT,0.5546,0.07971,0.08015,0.002687,5e-05,-0.002637,0.5573
2026-06-08T08:45:06.132352+00:00Z,gate,mexc,ESPORTSUSDT,0.5061,0.07971,0.0801,0.002687,-0.014131,-0.016818,0.5229
2026-06-08T08:45:06.132352+00:00Z,bybit,gate,JCTUSDT,0.5055,0.004965,0.00499,5e-05,5e-05,0.0,0.5055
2026-06-08T08:45:08.154735+00:00Z,bybit,gate,JCTUSDT,0.538,0.004981,0.005008,5e-05,5e-05,0.0,0.538
2026-06-08T08:45:10.169714+00:00Z,gate,mexc,ESPORTSUSDT,0.5043,0.08001,0.0804,0.002687,-0.014131,-0.016818,0.5211
2026-06-08T08:45:12.186580+00:00Z,gate,mexc,ESPORTSUSDT,0.6155,0.08018,0.08066,0.002687,-0.014131,-0.016818,0.6323
2026-06-08T08:45:14.201437+00:00Z,gate,bybit,ESPORTSUSDT,0.5385,0.08025,0.08068,0.002687,5e-05,-0.002637,0.5411
2026-06-08T08:45:16.204178+00:00Z,gate,bybit,ESPORTSUSDT,0.5765,0.08016,0.08062,0.002687,5e-05,-0.002637,0.5791
2026-06-08T08:45:18.219379+00:00Z,gate,mexc,ESPORTSUSDT,0.5423,0.07992,0.08034,0.002687,-0.014131,-0.016818,0.5592
2026-06-08T08:45:18.219379+00:00Z,gate,bybit,ESPORTSUSDT,0.5407,0.07992,0.08035,0.002687,5e-05,-0.002637,0.5433
2026-06-08T08:45:20.255809+00:00Z,gate,bybit,ESPORTSUSDT,0.5169,0.07973,0.08014,0.002687,5e-05,-0.002637,0.5195
2026-06-08T08:45:22.287374+00:00Z,gate,bybit,ESPORTSUSDT,0.5665,0.0798,0.08025,0.002687,5e-05,-0.002637,0.5692
2026-06-08T08:45:24.302957+00:00Z,gate,bybit,ESPORTSUSDT,0.6167,0.0798,0.08029,0.002687,5e-05,-0.002637,0.6193
2026-06-08T08:45:26.318033+00:00Z,gate,mexc,ESPORTSUSDT,0.5685,0.07976,0.0802,0.002687,-0.014131,-0.016818,0.5853
2026-06-08T08:45:28.334013+00:00Z,gate,bybit,ESPORTSUSDT,0.5427,0.07962,0.08005,0.002687,5e-05,-0.002637,0.5453
2026-06-08T08:45:32.352695+00:00Z,gate,mexc,ESPORTSUSDT,0.5055,0.07981,0.0802,0.002687,-0.014131,-0.016818,0.5223
2026-06-08T08:45:36.358963+00:00Z,gate,bybit,ESPORTSUSDT,0.668,0.07965,0.08018,0.002675,5e-05,-0.002625,0.6707
2026-06-08T08:45:40.362099+00:00Z,gate,mexc,ESPORTSUSDT,0.5329,0.07945,0.07986,0.002675,-0.014131,-0.016806,0.5497
2026-06-08T08:45:42.364161+00:00Z,gate,bybit,ESPORTSUSDT,0.5692,0.07942,0.07987,0.002675,5e-05,-0.002625,0.5719
2026-06-08T08:45:46.382036+00:00Z,gate,bybit,ESPORTSUSDT,0.5203,0.0792,0.07961,0.002675,5e-05,-0.002625,0.5229
2026-06-08T08:45:52.401191+00:00Z,gate,mexc,ESPORTSUSDT,0.5358,0.079,0.07941,0.002675,-0.014131,-0.016806,0.5526
2026-06-08T08:46:02.425880+00:00Z,gate,mexc,ESPORTSUSDT,0.807,0.07846,0.07908,0.002675,-0.014131,-0.016806,0.8238
2026-06-08T08:46:04.442078+00:00Z,gate,mexc,ESPORTSUSDT,1.1939,0.07816,0.07908,0.002675,-0.014131,-0.016806,1.2107
2026-06-08T08:46:06.458858+00:00Z,gate,mexc,ESPORTSUSDT,1.0775,0.07825,0.07908,0.002675,-0.014131,-0.016806,1.0943
2026-06-08T08:46:06.458858+00:00Z,bybit,mexc,ESPORTSUSDT,0.5353,0.07867,0.07908,5e-05,-0.014131,-0.014181,0.5495
2026-06-08T08:46:08.482546+00:00Z,gate,mexc,ESPORTSUSDT,1.1033,0.07823,0.07908,0.002675,-0.014131,-0.016806,1.1202
2026-06-08T08:46:08.482546+00:00Z,bybit,mexc,ESPORTSUSDT,0.7787,0.07848,0.07908,5e-05,-0.014131,-0.014181,0.7929
2026-06-08T08:46:10.499846+00:00Z,gate,mexc,ESPORTSUSDT,1.0388,0.07828,0.07908,0.002675,-0.014131,-0.016806,1.0556
2026-06-08T08:46:12.502154+00:00Z,gate,mexc,ESPORTSUSDT,0.8327,0.07844,0.07908,0.002675,-0.014131,-0.016806,0.8495
2026-06-08T08:46:14.519188+00:00Z,gate,mexc,ESPORTSUSDT,0.6147,0.07861,0.07908,0.002675,-0.014131,-0.016806,0.6315
2026-06-08T08:46:16.521340+00:00Z,gate,mexc,ESPORTSUSDT,0.8456,0.07843,0.07908,0.002675,-0.014131,-0.016806,0.8624
2026-06-08T08:46:54.569965+00:00Z,gate,mexc,ESPORTSUSDT,0.6702,0.0811,0.08163,0.002582,-0.014131,-0.016713,0.6869
2026-06-08T08:47:06.596533+00:00Z,gate,bybit,ESPORTSUSDT,0.5107,0.08068,0.08109,0.002582,5e-05,-0.002532,0.5132
2026-06-08T08:47:12.614959+00:00Z,gate,bybit,ESPORTSUSDT,0.5264,0.08018,0.0806,0.002582,5e-05,-0.002532,0.5289
2026-06-08T08:47:16.636256+00:00Z,gate,mexc,ESPORTSUSDT,0.6138,0.08034,0.08082,0.002582,-0.013805,-0.016387,0.6302
2026-06-08T08:47:16.636256+00:00Z,gate,bybit,ESPORTSUSDT,0.5502,0.08034,0.08078,0.002582,5e-05,-0.002532,0.5527
2026-06-08T08:47:48.686601+00:00Z,gate,mexc,ESPORTSUSDT,0.7698,0.08098,0.08159,0.002704,-0.013805,-0.016509,0.7863
2026-06-08T08:47:50.691058+00:00Z,gate,mexc,ESPORTSUSDT,1.3202,0.08054,0.08159,0.002704,-0.013805,-0.016509,1.3367
2026-06-08T08:47:50.691058+00:00Z,bybit,mexc,ESPORTSUSDT,0.8045,0.08095,0.08159,5e-05,-0.013805,-0.013855,0.8183
2026-06-08T08:47:50.691058+00:00Z,gate,bybit,ESPORTSUSDT,0.5117,0.08054,0.08095,0.002704,5e-05,-0.002654,0.5144
2026-06-08T08:47:52.721652+00:00Z,gate,mexc,ESPORTSUSDT,0.9692,0.08082,0.08159,0.002704,-0.013805,-0.016509,0.9858
2026-06-08T08:47:54.734215+00:00Z,gate,mexc,ESPORTSUSDT,1.1068,0.08071,0.08159,0.002704,-0.013805,-0.016509,1.1233
2026-06-08T08:47:56.749646+00:00Z,gate,mexc,ESPORTSUSDT,1.4335,0.08045,0.08159,0.002704,-0.013805,-0.016509,1.45
2026-06-08T08:47:56.749646+00:00Z,bybit,mexc,ESPORTSUSDT,0.7174,0.08102,0.08159,5e-05,-0.013805,-0.013855,0.7312
2026-06-08T08:47:58.752916+00:00Z,gate,mexc,ESPORTSUSDT,1.5345,0.08037,0.08159,0.002704,-0.013805,-0.016509,1.551
2026-06-08T08:47:58.752916+00:00Z,bybit,mexc,ESPORTSUSDT,1.3176,0.08054,0.08159,5e-05,-0.013805,-0.013855,1.3314
2026-06-08T08:48:00.786540+00:00Z,gate,mexc,ESPORTSUSDT,1.661,0.08027,0.08159,0.002704,-0.013805,-0.016509,1.6775
2026-06-08T08:48:00.786540+00:00Z,bybit,mexc,ESPORTSUSDT,1.2924,0.08056,0.08159,5e-05,-0.013805,-0.013855,1.3063
2026-06-08T08:48:02.802102+00:00Z,gate,mexc,ESPORTSUSDT,1.8131,0.08015,0.08159,0.002704,-0.013805,-0.016509,1.8296
2026-06-08T08:48:02.802102+00:00Z,bybit,mexc,ESPORTSUSDT,1.0541,0.08075,0.08159,5e-05,-0.013805,-0.013855,1.068
2026-06-08T08:48:02.802102+00:00Z,mexc,bybit,ALLOUSDT,0.7123,0.47439,0.47777,-0.000122,5e-05,0.000172,0.7121
2026-06-08T08:48:04.819216+00:00Z,gate,mexc,ESPORTSUSDT,1.8513,0.08012,0.08159,0.002704,-0.013805,-0.016509,1.8678
2026-06-08T08:48:04.819216+00:00Z,bybit,mexc,ESPORTSUSDT,1.3679,0.0805,0.08159,5e-05,-0.013805,-0.013855,1.3817
2026-06-08T08:48:04.819216+00:00Z,mexc,bybit,ALLOUSDT,0.8156,0.47439,0.47826,-0.000122,5e-05,0.000172,0.8154
2026-06-08T08:48:04.819216+00:00Z,mexc,gate,ALLOUSDT,0.6133,0.47439,0.4773,-0.000122,1.7e-05,0.000139,0.6131
2026-06-08T08:48:06.823925+00:00Z,gate,mexc,ESPORTSUSDT,1.5471,0.08036,0.08159,0.002704,-0.013805,-0.016509,1.5636
2026-06-08T08:48:06.823925+00:00Z,mexc,bybit,ALLOUSDT,1.077,0.47439,0.4795,-0.000122,5e-05,0.000172,1.0768
2026-06-08T08:48:06.823925+00:00Z,bybit,mexc,ESPORTSUSDT,0.9791,0.08081,0.08159,5e-05,-0.013805,-0.013855,0.9929
2026-06-08T08:48:06.823925+00:00Z,mexc,gate,ALLOUSDT,0.94,0.47439,0.47885,-0.000122,1.7e-05,0.000139,0.9399
2026-06-08T08:48:08.843668+00:00Z,gate,mexc,ALLOUSDT,0.6176,0.47942,0.48238,1.7e-05,-0.000122,-0.000139,0.6177
2026-06-08T08:48:08.843668+00:00Z,bybit,mexc,PIPPINUSDT,0.5186,0.02121,0.02132,5e-05,5e-05,0.0,0.5186
2026-06-08T08:48:30.879150+00:00Z,gate,mexc,ESPORTSUSDT,0.566,0.08007,0.08051,0.002704,-0.013805,-0.016509,0.5825
2026-06-08T08:48:32.882970+00:00Z,gate,mexc,ESPORTSUSDT,0.9062,0.0798,0.08051,0.002704,-0.013805,-0.016509,0.9227
2026-06-08T08:48:38.900168+00:00Z,gate,mexc,ESPORTSUSDT,0.6326,0.07953,0.08002,0.00268,-0.013805,-0.016485,0.6491
2026-06-08T08:48:40.902326+00:00Z,gate,mexc,ESPORTSUSDT,0.6832,0.07949,0.08002,0.00268,-0.013805,-0.016485,0.6997
2026-06-08T08:48:46.925806+00:00Z,gate,bybit,ESPORTSUSDT,0.5719,0.07905,0.0795,0.00268,5e-05,-0.00263,0.5745
2026-06-08T08:48:48.942397+00:00Z,gate,bybit,ESPORTSUSDT,0.8088,0.08063,0.08128,0.00268,5e-05,-0.00263,0.8114
2026-06-08T08:48:50.945650+00:00Z,gate,bybit,ESPORTSUSDT,0.645,0.08095,0.08147,0.00268,5e-05,-0.00263,0.6476
2026-06-08T08:48:50.945650+00:00Z,gate,mexc,ESPORTSUSDT,0.5724,0.08095,0.0814,0.00268,-0.013805,-0.016485,0.5889
2026-06-08T08:48:54.962574+00:00Z,gate,bybit,ESPORTSUSDT,0.6434,0.08115,0.08167,0.00268,5e-05,-0.00263,0.646
2026-06-08T08:48:58.978340+00:00Z,gate,bybit,ESPORTSUSDT,0.7115,0.08182,0.0824,0.00268,5e-05,-0.00263,0.7141
2026-06-08T08:48:58.978340+00:00Z,gate,mexc,ESPORTSUSDT,0.5665,0.08182,0.08227,0.00268,-0.013805,-0.016485,0.583
2026-06-08T08:49:00.981883+00:00Z,gate,bybit,ESPORTSUSDT,0.5296,0.0816,0.08203,0.00268,5e-05,-0.00263,0.5322
2026-06-08T08:49:02.985345+00:00Z,gate,bybit,ESPORTSUSDT,0.6514,0.08169,0.08222,0.00268,5e-05,-0.00263,0.6541
2026-06-08T08:49:05.055443+00:00Z,gate,bybit,ESPORTSUSDT,0.6902,0.08145,0.08201,0.00268,5e-05,-0.00263,0.6928
2026-06-08T08:49:05.055443+00:00Z,gate,mexc,ESPORTSUSDT,0.6179,0.08145,0.08194,0.00268,-0.013629,-0.016309,0.6342
2026-06-08T08:49:07.067714+00:00Z,gate,bybit,ESPORTSUSDT,0.5415,0.08165,0.08209,0.00268,5e-05,-0.00263,0.5441
2026-06-08T08:49:11.087983+00:00Z,gate,mexc,ESPORTSUSDT,0.7033,0.08151,0.08207,0.00268,-0.013629,-0.016309,0.7197
2026-06-08T08:49:11.087983+00:00Z,gate,bybit,ESPORTSUSDT,0.6651,0.08151,0.08205,0.00268,5e-05,-0.00263,0.6678
2026-06-08T08:49:13.104448+00:00Z,gate,mexc,ESPORTSUSDT,0.7416,0.08135,0.08194,0.00268,-0.013629,-0.016309,0.7579
2026-06-08T08:49:13.104448+00:00Z,gate,bybit,ESPORTSUSDT,0.6418,0.08135,0.08187,0.00268,5e-05,-0.00263,0.6445
2026-06-08T08:49:15.107206+00:00Z,gate,bybit,ESPORTSUSDT,0.6772,0.08153,0.08208,0.00268,5e-05,-0.00263,0.6799
2026-06-08T08:49:17.122918+00:00Z,gate,bybit,ESPORTSUSDT,0.6411,0.08144,0.08196,0.00268,5e-05,-0.00263,0.6438
2026-06-08T08:49:19.269597+00:00Z,gate,bybit,ESPORTSUSDT,0.5183,0.08145,0.08187,0.00268,5e-05,-0.00263,0.5209
2026-06-08T08:49:21.285206+00:00Z,gate,bybit,ESPORTSUSDT,0.5678,0.08139,0.08185,0.00268,5e-05,-0.00263,0.5704
2026-06-08T08:49:23.289624+00:00Z,gate,mexc,ESPORTSUSDT,0.6079,0.08114,0.08162,0.00268,-0.013629,-0.016309,0.6242
2026-06-08T08:49:23.289624+00:00Z,gate,bybit,ESPORTSUSDT,0.5572,0.08114,0.08159,0.00268,5e-05,-0.00263,0.5599
2026-06-08T08:49:25.308026+00:00Z,gate,mexc,ESPORTSUSDT,0.7942,0.08099,0.08162,0.00268,-0.013629,-0.016309,0.8105
2026-06-08T08:49:25.308026+00:00Z,gate,bybit,ESPORTSUSDT,0.5089,0.08099,0.0814,0.00268,5e-05,-0.00263,0.5115
2026-06-08T08:49:27.312389+00:00Z,gate,bybit,ESPORTSUSDT,0.7303,0.08108,0.08167,0.00268,5e-05,-0.00263,0.7329
2026-06-08T08:49:27.312389+00:00Z,gate,mexc,ESPORTSUSDT,0.6823,0.08108,0.08162,0.00268,-0.013629,-0.016309,0.6986
2026-06-08T08:49:29.327643+00:00Z,gate,mexc,ESPORTSUSDT,0.732,0.08104,0.08162,0.00268,-0.013629,-0.016309,0.7483
2026-06-08T08:49:29.327643+00:00Z,gate,bybit,ESPORTSUSDT,0.5086,0.08104,0.08145,0.00268,5e-05,-0.00263,0.5112
2026-06-08T08:49:31.343084+00:00Z,gate,mexc,ESPORTSUSDT,0.8814,0.08092,0.08162,0.00268,-0.013629,-0.016309,0.8977
2026-06-08T08:49:31.343084+00:00Z,gate,bybit,ESPORTSUSDT,0.5711,0.08092,0.08138,0.00268,5e-05,-0.00263,0.5737
2026-06-08T08:49:33.359809+00:00Z,gate,mexc,ESPORTSUSDT,1.0312,0.0808,0.08162,0.00268,-0.013629,-0.016309,1.0475
2026-06-08T08:49:33.359809+00:00Z,gate,bybit,ESPORTSUSDT,0.6586,0.0808,0.08133,0.00268,5e-05,-0.00263,0.6612
2026-06-08T08:49:35.394064+00:00Z,gate,mexc,ESPORTSUSDT,0.8193,0.08097,0.08162,0.002866,-0.013629,-0.016495,0.8358
2026-06-08T08:49:35.394064+00:00Z,gate,bybit,ESPORTSUSDT,0.608,0.08097,0.08146,0.002866,5e-05,-0.002816,0.6108
2026-06-08T08:49:37.398717+00:00Z,gate,mexc,ESPORTSUSDT,0.7571,0.08102,0.08162,0.002866,-0.013629,-0.016495,0.7735
2026-06-08T08:49:39.415202+00:00Z,gate,bybit,ESPORTSUSDT,0.6665,0.08137,0.08191,0.002866,5e-05,-0.002816,0.6693
2026-06-08T08:49:41.436835+00:00Z,gate,bybit,ESPORTSUSDT,0.5434,0.08139,0.08183,0.002866,5e-05,-0.002816,0.5462
2026-06-08T08:49:45.443655+00:00Z,gate,bybit,ESPORTSUSDT,0.6647,0.08159,0.08213,0.002866,5e-05,-0.002816,0.6675
2026-06-08T08:49:47.453011+00:00Z,gate,bybit,ESPORTSUSDT,0.7135,0.08161,0.08219,0.002866,5e-05,-0.002816,0.7163
2026-06-08T08:49:51.469244+00:00Z,gate,bybit,ESPORTSUSDT,0.7406,0.08133,0.08193,0.002866,5e-05,-0.002816,0.7434
2026-06-08T08:49:53.486735+00:00Z,gate,bybit,ESPORTSUSDT,0.6304,0.08127,0.08178,0.002866,5e-05,-0.002816,0.6332
2026-06-08T08:49:55.502149+00:00Z,gate,mexc,ESPORTSUSDT,0.5084,0.08132,0.08172,0.002866,-0.013629,-0.016495,0.5249
2026-06-08T08:49:57.503992+00:00Z,gate,bybit,ESPORTSUSDT,0.6447,0.08101,0.08153,0.002866,5e-05,-0.002816,0.6475
2026-06-08T08:49:59.519593+00:00Z,gate,bybit,ESPORTSUSDT,0.5082,0.08112,0.08153,0.002866,5e-05,-0.002816,0.5111
2026-06-08T08:50:01.523029+00:00Z,gate,bybit,ESPORTSUSDT,0.7695,0.08087,0.08149,0.002866,5e-05,-0.002816,0.7723
2026-06-08T08:50:01.523029+00:00Z,gate,mexc,ESPORTSUSDT,0.5728,0.08087,0.08132,0.002866,-0.013459,-0.016325,0.5891
2026-06-08T08:50:03.539904+00:00Z,gate,bybit,ESPORTSUSDT,0.77,0.08082,0.08144,0.002866,5e-05,-0.002816,0.7728
2026-06-08T08:50:03.539904+00:00Z,gate,mexc,ESPORTSUSDT,0.635,0.08082,0.08132,0.002866,-0.013459,-0.016325,0.6513
2026-06-08T08:50:05.544342+00:00Z,gate,bybit,ESPORTSUSDT,0.7461,0.08072,0.08132,0.002866,5e-05,-0.002816,0.7489
2026-06-08T08:50:07.559729+00:00Z,gate,mexc,ESPORTSUSDT,0.5246,0.08067,0.08108,0.002866,-0.013459,-0.016325,0.5409
2026-06-08T08:50:09.576370+00:00Z,gate,bybit,ESPORTSUSDT,0.6718,0.08072,0.08126,0.002866,5e-05,-0.002816,0.6746
2026-06-08T08:50:09.576370+00:00Z,gate,mexc,ESPORTSUSDT,0.5738,0.08072,0.08117,0.002866,-0.013459,-0.016325,0.5901
2026-06-08T08:50:11.592386+00:00Z,gate,bybit,ESPORTSUSDT,0.7605,0.08051,0.08112,0.002866,5e-05,-0.002816,0.7633
2026-06-08T08:50:13.609258+00:00Z,gate,bybit,ESPORTSUSDT,0.6328,0.08095,0.08146,0.002866,5e-05,-0.002816,0.6357
2026-06-08T08:50:15.623640+00:00Z,gate,bybit,ESPORTSUSDT,0.5466,0.08091,0.08135,0.002866,5e-05,-0.002816,0.5494
2026-06-08T08:50:17.638832+00:00Z,gate,bybit,ESPORTSUSDT,0.6205,0.08095,0.08145,0.002866,5e-05,-0.002816,0.6233
2026-06-08T08:50:21.657354+00:00Z,gate,mexc,ESPORTSUSDT,0.5604,0.08087,0.08131,0.002866,-0.013459,-0.016325,0.5767
2026-06-08T08:50:23.676340+00:00Z,gate,bybit,ESPORTSUSDT,0.6453,0.08094,0.08146,0.002866,5e-05,-0.002816,0.6481
2026-06-08T08:50:25.680007+00:00Z,gate,bybit,ESPORTSUSDT,0.6959,0.0808,0.08136,0.002866,5e-05,-0.002816,0.6987
2026-06-08T08:50:27.698964+00:00Z,gate,bybit,ESPORTSUSDT,0.523,0.08074,0.08116,0.002866,5e-05,-0.002816,0.5258
2026-06-08T08:50:29.734415+00:00Z,gate,mexc,ESPORTSUSDT,0.5979,0.08081,0.08128,0.002866,-0.013459,-0.016325,0.6143
2026-06-08T08:50:31.752202+00:00Z,gate,bybit,ESPORTSUSDT,0.6109,0.08058,0.08107,0.002866,5e-05,-0.002816,0.6137
2026-06-08T08:50:33.767242+00:00Z,gate,mexc,ESPORTSUSDT,0.5127,0.08058,0.08098,0.002843,-0.013459,-0.016302,0.529
2026-06-08T08:50:33.767242+00:00Z,gate,bybit,ESPORTSUSDT,0.5116,0.08058,0.08099,0.002843,5e-05,-0.002793,0.5144
2026-06-08T08:50:35.782946+00:00Z,gate,mexc,ESPORTSUSDT,0.7252,0.08041,0.08098,0.002843,-0.013459,-0.016302,0.7415
2026-06-08T08:50:35.782946+00:00Z,gate,bybit,ESPORTSUSDT,0.5002,0.08041,0.08081,0.002843,5e-05,-0.002793,0.503
2026-06-08T08:50:37.799778+00:00Z,gate,bybit,ESPORTSUSDT,0.6107,0.0806,0.08109,0.002843,5e-05,-0.002793,0.6135
2026-06-08T08:50:39.801675+00:00Z,gate,bybit,ESPORTSUSDT,0.7105,0.08054,0.08111,0.002843,5e-05,-0.002793,0.7133
2026-06-08T08:50:39.801675+00:00Z,gate,mexc,ESPORTSUSDT,0.5626,0.08054,0.08098,0.002843,-0.013459,-0.016302,0.5789
2026-06-08T08:50:41.817725+00:00Z,gate,bybit,ESPORTSUSDT,0.9588,0.08054,0.08131,0.002843,5e-05,-0.002793,0.9616
2026-06-08T08:50:41.817725+00:00Z,gate,mexc,ESPORTSUSDT,0.5129,0.08054,0.08094,0.002843,-0.013459,-0.016302,0.5293
2026-06-08T08:50:43.828986+00:00Z,gate,mexc,ESPORTSUSDT,0.8351,0.08061,0.08127,0.002843,-0.013459,-0.016302,0.8514
2026-06-08T08:50:43.828986+00:00Z,gate,bybit,ESPORTSUSDT,0.7843,0.08061,0.08124,0.002843,5e-05,-0.002793,0.7871
2026-06-08T08:50:45.836850+00:00Z,gate,bybit,ESPORTSUSDT,0.7094,0.08067,0.08124,0.002843,5e-05,-0.002793,0.7122
2026-06-08T08:50:47.839486+00:00Z,gate,bybit,ESPORTSUSDT,0.833,0.0807,0.08137,0.002843,5e-05,-0.002793,0.8358
2026-06-08T08:50:49.857350+00:00Z,gate,bybit,ESPORTSUSDT,0.9084,0.08061,0.08134,0.002843,5e-05,-0.002793,0.9112
2026-06-08T08:50:51.876947+00:00Z,gate,mexc,ESPORTSUSDT,0.6469,0.08087,0.08138,0.002843,-0.013459,-0.016302,0.6632
2026-06-08T08:50:53.879844+00:00Z,gate,bybit,ESPORTSUSDT,0.7947,0.08082,0.08146,0.002843,5e-05,-0.002793,0.7975
2026-06-08T08:50:57.885313+00:00Z,gate,bybit,ESPORTSUSDT,0.6221,0.08073,0.08123,0.002843,5e-05,-0.002793,0.6249
2026-06-08T08:50:57.885313+00:00Z,gate,mexc,ESPORTSUSDT,0.5366,0.08073,0.08115,0.002843,-0.013459,-0.016302,0.5529
2026-06-08T08:50:59.888413+00:00Z,gate,bybit,ESPORTSUSDT,0.7949,0.0808,0.08144,0.002843,5e-05,-0.002793,0.7977
2026-06-08T08:51:01.902916+00:00Z,gate,bybit,ESPORTSUSDT,0.7817,0.08088,0.08151,0.002843,5e-05,-0.002793,0.7845
2026-06-08T08:51:03.918465+00:00Z,gate,bybit,ESPORTSUSDT,1.0412,0.08089,0.08173,0.002843,5e-05,-0.002793,1.044
2026-06-08T08:51:03.918465+00:00Z,gate,mexc,ESPORTSUSDT,0.5477,0.08089,0.08132,0.002843,-0.013287,-0.01613,0.5638
2026-06-08T08:51:05.935713+00:00Z,gate,bybit,ESPORTSUSDT,0.7829,0.08076,0.08139,0.002843,5e-05,-0.002793,0.7857
2026-06-08T08:51:05.935713+00:00Z,gate,mexc,ESPORTSUSDT,0.7095,0.08076,0.08132,0.002843,-0.013287,-0.01613,0.7257
2026-06-08T08:51:07.955019+00:00Z,gate,bybit,ESPORTSUSDT,0.7448,0.08086,0.08146,0.002843,5e-05,-0.002793,0.7476
2026-06-08T08:51:07.955019+00:00Z,gate,mexc,ESPORTSUSDT,0.5726,0.08086,0.08131,0.002843,-0.013287,-0.01613,0.5888
2026-06-08T08:51:09.980073+00:00Z,gate,mexc,ESPORTSUSDT,0.8064,0.08098,0.08162,0.002843,-0.013287,-0.01613,0.8226
2026-06-08T08:51:09.980073+00:00Z,gate,bybit,ESPORTSUSDT,0.6202,0.08098,0.08148,0.002843,5e-05,-0.002793,0.623
2026-06-08T08:51:11.997103+00:00Z,gate,bybit,ESPORTSUSDT,0.7693,0.08089,0.08151,0.002843,5e-05,-0.002793,0.7721
2026-06-08T08:51:11.997103+00:00Z,gate,mexc,ESPORTSUSDT,0.7208,0.08089,0.08146,0.002843,-0.013287,-0.01613,0.7369
2026-06-08T08:51:14.013800+00:00Z,gate,bybit,ESPORTSUSDT,0.8163,0.08113,0.08179,0.002843,5e-05,-0.002793,0.8191
2026-06-08T08:51:14.013800+00:00Z,gate,mexc,ESPORTSUSDT,0.6571,0.08113,0.08165,0.002843,-0.013287,-0.01613,0.6732
2026-06-08T08:51:16.037905+00:00Z,gate,bybit,ESPORTSUSDT,0.83,0.081,0.08167,0.002843,5e-05,-0.002793,0.8327
2026-06-08T08:51:16.037905+00:00Z,gate,mexc,ESPORTSUSDT,0.7816,0.081,0.08162,0.002843,-0.013287,-0.01613,0.7977
2026-06-08T08:51:18.055200+00:00Z,gate,bybit,ESPORTSUSDT,0.7192,0.08096,0.08154,0.002843,5e-05,-0.002793,0.722
2026-06-08T08:51:20.078994+00:00Z,gate,bybit,ESPORTSUSDT,0.8433,0.0809,0.08158,0.002843,5e-05,-0.002793,0.8461
2026-06-08T08:51:22.081015+00:00Z,gate,bybit,ESPORTSUSDT,0.8186,0.0809,0.08156,0.002843,5e-05,-0.002793,0.8214
2026-06-08T08:51:24.096970+00:00Z,gate,bybit,ESPORTSUSDT,0.781,0.08096,0.08159,0.002843,5e-05,-0.002793,0.7837
2026-06-08T08:51:26.099513+00:00Z,gate,bybit,ESPORTSUSDT,0.8178,0.08098,0.08164,0.002843,5e-05,-0.002793,0.8206
2026-06-08T08:51:30.117107+00:00Z,gate,bybit,ESPORTSUSDT,0.7168,0.08123,0.08181,0.002843,5e-05,-0.002793,0.7196
2026-06-08T08:51:32.133199+00:00Z,gate,bybit,ESPORTSUSDT,0.8414,0.08109,0.08177,0.002843,5e-05,-0.002793,0.8442
2026-06-08T08:51:32.133199+00:00Z,gate,mexc,ESPORTSUSDT,0.5094,0.08109,0.08149,0.002843,-0.013287,-0.01613,0.5255
2026-06-08T08:51:34.146363+00:00Z,gate,bybit,ESPORTSUSDT,0.8034,0.08118,0.08183,0.0028,5e-05,-0.00275,0.8062
2026-06-08T08:51:34.146363+00:00Z,gate,mexc,ESPORTSUSDT,0.5088,0.08118,0.08158,0.0028,-0.013287,-0.016087,0.5249
2026-06-08T08:51:36.162235+00:00Z,gate,bybit,ESPORTSUSDT,0.9394,0.08114,0.0819,0.0028,5e-05,-0.00275,0.9422
2026-06-08T08:51:36.162235+00:00Z,gate,mexc,ESPORTSUSDT,0.62,0.08114,0.08163,0.0028,-0.013287,-0.016087,0.6361
2026-06-08T08:51:38.182029+00:00Z,gate,bybit,ESPORTSUSDT,0.9143,0.08118,0.08192,0.0028,5e-05,-0.00275,0.9171
2026-06-08T08:51:38.182029+00:00Z,gate,mexc,ESPORTSUSDT,0.7798,0.08118,0.0818,0.0028,-0.013287,-0.016087,0.7959
2026-06-08T08:51:40.200964+00:00Z,gate,bybit,ESPORTSUSDT,0.9148,0.08114,0.08188,0.0028,5e-05,-0.00275,0.9175
2026-06-08T08:51:40.200964+00:00Z,gate,mexc,ESPORTSUSDT,0.7309,0.08114,0.08172,0.0028,-0.013287,-0.016087,0.747
2026-06-08T08:51:42.217831+00:00Z,gate,bybit,ESPORTSUSDT,0.902,0.08118,0.08191,0.0028,5e-05,-0.00275,0.9047
2026-06-08T08:51:42.217831+00:00Z,gate,mexc,ESPORTSUSDT,0.7305,0.08118,0.08176,0.0028,-0.013287,-0.016087,0.7466
2026-06-08T08:51:44.234699+00:00Z,gate,bybit,ESPORTSUSDT,0.8395,0.08127,0.08195,0.0028,5e-05,-0.00275,0.8422
2026-06-08T08:51:44.234699+00:00Z,gate,mexc,ESPORTSUSDT,0.6436,0.08127,0.08178,0.0028,-0.013287,-0.016087,0.6597
2026-06-08T08:51:46.250051+00:00Z,gate,bybit,ESPORTSUSDT,0.766,0.08123,0.08185,0.0028,5e-05,-0.00275,0.7688
2026-06-08T08:51:48.265348+00:00Z,gate,bybit,ESPORTSUSDT,0.9024,0.08114,0.08187,0.0028,5e-05,-0.00275,0.9052
2026-06-08T08:51:50.280487+00:00Z,gate,mexc,ESPORTSUSDT,0.8188,0.08098,0.08163,0.0028,-0.013287,-0.016087,0.8348
2026-06-08T08:51:50.280487+00:00Z,gate,bybit,ESPORTSUSDT,0.509,0.08098,0.08139,0.0028,5e-05,-0.00275,0.5118
2026-06-08T08:51:52.284304+00:00Z,gate,bybit,ESPORTSUSDT,0.9296,0.08092,0.08167,0.0028,5e-05,-0.00275,0.9323
2026-06-08T08:51:52.284304+00:00Z,gate,mexc,ESPORTSUSDT,0.8811,0.08092,0.08162,0.0028,-0.013287,-0.016087,0.8972
2026-06-08T08:51:54.317549+00:00Z,gate,bybit,ESPORTSUSDT,1.0263,0.08109,0.08192,0.0028,5e-05,-0.00275,1.0291
2026-06-08T08:51:54.317549+00:00Z,gate,mexc,ESPORTSUSDT,0.6697,0.08109,0.08162,0.0028,-0.013287,-0.016087,0.6858
2026-06-08T08:51:56.333786+00:00Z,gate,bybit,ESPORTSUSDT,0.9408,0.08102,0.08178,0.0028,5e-05,-0.00275,0.9435
2026-06-08T08:51:58.349903+00:00Z,gate,bybit,ESPORTSUSDT,0.8913,0.08103,0.08175,0.0028,5e-05,-0.00275,0.8941
2026-06-08T08:51:58.349903+00:00Z,gate,mexc,ESPORTSUSDT,0.7442,0.08103,0.08162,0.0028,-0.013287,-0.016087,0.7603
2026-06-08T08:52:00.364889+00:00Z,gate,bybit,ESPORTSUSDT,1.0024,0.08103,0.08184,0.0028,5e-05,-0.00275,1.0051
2026-06-08T08:52:00.364889+00:00Z,gate,mexc,ESPORTSUSDT,0.7442,0.08103,0.08162,0.0028,-0.013287,-0.016087,0.7603
2026-06-08T08:52:02.380125+00:00Z,gate,bybit,ESPORTSUSDT,0.9548,0.08088,0.08165,0.0028,5e-05,-0.00275,0.9575
2026-06-08T08:52:04.395452+00:00Z,gate,bybit,ESPORTSUSDT,0.9932,0.08077,0.08157,0.0028,5e-05,-0.00275,0.996
2026-06-08T08:52:04.395452+00:00Z,gate,mexc,ESPORTSUSDT,0.5732,0.08077,0.08122,0.0028,-0.013287,-0.016087,0.5893
2026-06-08T08:52:06.429393+00:00Z,gate,bybit,ESPORTSUSDT,0.9933,0.08076,0.08156,0.0028,5e-05,-0.00275,0.9961
2026-06-08T08:52:06.429393+00:00Z,gate,mexc,ESPORTSUSDT,0.5857,0.08076,0.08122,0.0028,-0.013287,-0.016087,0.6018
2026-06-08T08:52:08.434752+00:00Z,gate,bybit,ESPORTSUSDT,0.9048,0.08093,0.08166,0.0028,5e-05,-0.00275,0.9075
2026-06-08T08:52:10.439038+00:00Z,gate,bybit,ESPORTSUSDT,0.9543,0.08092,0.08169,0.0028,5e-05,-0.00275,0.9571
2026-06-08T08:52:12.444846+00:00Z,gate,bybit,ESPORTSUSDT,0.9155,0.08107,0.08181,0.0028,5e-05,-0.00275,0.9183
2026-06-08T08:52:12.444846+00:00Z,gate,mexc,ESPORTSUSDT,0.6945,0.08107,0.08162,0.0028,-0.013287,-0.016087,0.7106
2026-06-08T08:52:14.477527+00:00Z,gate,mexc,ESPORTSUSDT,0.804,0.08123,0.08187,0.0028,-0.013287,-0.016087,0.8201
2026-06-08T08:52:14.477527+00:00Z,gate,bybit,ESPORTSUSDT,0.569,0.08123,0.08169,0.0028,5e-05,-0.00275,0.5718
2026-06-08T08:52:16.481024+00:00Z,gate,bybit,ESPORTSUSDT,0.754,0.0812,0.08181,0.0028,5e-05,-0.00275,0.7567
2026-06-08T08:52:16.481024+00:00Z,gate,mexc,ESPORTSUSDT,0.5333,0.0812,0.08162,0.0028,-0.013287,-0.016087,0.5494
2026-06-08T08:52:18.513820+00:00Z,gate,bybit,ESPORTSUSDT,0.8768,0.08123,0.08194,0.0028,5e-05,-0.00275,0.8796
2026-06-08T08:52:20.516932+00:00Z,gate,bybit,ESPORTSUSDT,0.8778,0.08114,0.08185,0.0028,5e-05,-0.00275,0.8805
2026-06-08T08:52:22.518463+00:00Z,gate,bybit,ESPORTSUSDT,0.8768,0.08123,0.08194,0.0028,5e-05,-0.00275,0.8796
2026-06-08T08:52:24.534175+00:00Z,gate,bybit,ESPORTSUSDT,1.0645,0.081,0.08186,0.0028,5e-05,-0.00275,1.0672
2026-06-08T08:52:24.534175+00:00Z,gate,mexc,ESPORTSUSDT,0.6087,0.081,0.08148,0.0028,-0.013287,-0.016087,0.6248
2026-06-08T08:52:26.556335+00:00Z,gate,mexc,ESPORTSUSDT,0.7321,0.081,0.08158,0.0028,-0.013287,-0.016087,0.7482
2026-06-08T08:52:28.573633+00:00Z,gate,bybit,ESPORTSUSDT,0.9416,0.08095,0.08171,0.0028,5e-05,-0.00275,0.9444
2026-06-08T08:52:30.590366+00:00Z,gate,mexc,ESPORTSUSDT,0.8718,0.08063,0.08132,0.0028,-0.013287,-0.016087,0.8879
2026-06-08T08:52:34.607601+00:00Z,gate,bybit,ESPORTSUSDT,0.8858,0.0804,0.08111,0.002809,5e-05,-0.002759,0.8886
2026-06-08T08:52:34.607601+00:00Z,gate,mexc,ESPORTSUSDT,0.7499,0.0804,0.08099,0.002809,-0.013287,-0.016096,0.766
2026-06-08T08:52:36.648427+00:00Z,gate,bybit,ESPORTSUSDT,0.6629,0.08028,0.08081,0.002809,5e-05,-0.002759,0.6657
2026-06-08T08:52:38.663405+00:00Z,gate,mexc,ESPORTSUSDT,0.7124,0.08042,0.08098,0.002809,-0.013287,-0.016096,0.7285
2026-06-08T08:52:40.680093+00:00Z,gate,bybit,ESPORTSUSDT,0.7343,0.08065,0.08124,0.002809,5e-05,-0.002759,0.7371
2026-06-08T08:52:42.694122+00:00Z,gate,bybit,ESPORTSUSDT,0.5477,0.08074,0.08118,0.002809,5e-05,-0.002759,0.5505
2026-06-08T08:52:44.709767+00:00Z,gate,mexc,ESPORTSUSDT,0.6099,0.08083,0.08131,0.002809,-0.013287,-0.016096,0.626
2026-06-08T08:52:46.726625+00:00Z,gate,bybit,ESPORTSUSDT,0.7347,0.08061,0.0812,0.002809,5e-05,-0.002759,0.7374
2026-06-08T08:52:48.745192+00:00Z,gate,bybit,ESPORTSUSDT,0.6118,0.08045,0.08094,0.002809,5e-05,-0.002759,0.6146
2026-06-08T08:52:50.760034+00:00Z,gate,bybit,ESPORTSUSDT,0.7361,0.08045,0.08104,0.002809,5e-05,-0.002759,0.7389
2026-06-08T08:52:50.760034+00:00Z,gate,mexc,ESPORTSUSDT,0.5257,0.08045,0.08086,0.002809,-0.013287,-0.016096,0.5418
2026-06-08T08:52:52.763253+00:00Z,gate,bybit,ESPORTSUSDT,0.8134,0.08018,0.08083,0.002809,5e-05,-0.002759,0.8162
2026-06-08T08:52:54.791805+00:00Z,gate,bybit,ESPORTSUSDT,0.8239,0.08038,0.08104,0.002809,5e-05,-0.002759,0.8266
2026-06-08T08:52:56.806484+00:00Z,gate,bybit,ESPORTSUSDT,0.7741,0.08038,0.081,0.002809,5e-05,-0.002759,0.7769
2026-06-08T08:52:56.806484+00:00Z,gate,mexc,ESPORTSUSDT,0.5635,0.08038,0.08082,0.002809,-0.013287,-0.016096,0.5796
2026-06-08T08:52:58.809267+00:00Z,gate,bybit,ESPORTSUSDT,0.7405,0.07997,0.08056,0.002809,5e-05,-0.002759,0.7433
2026-06-08T08:53:00.824276+00:00Z,gate,bybit,ESPORTSUSDT,0.8378,0.08024,0.08091,0.002809,5e-05,-0.002759,0.8405
2026-06-08T08:53:00.824276+00:00Z,gate,mexc,ESPORTSUSDT,0.5395,0.08024,0.08066,0.002809,-0.013287,-0.016096,0.5556
2026-06-08T08:53:02.836795+00:00Z,gate,bybit,ESPORTSUSDT,0.6439,0.07955,0.08006,0.002809,5e-05,-0.002759,0.6466
2026-06-08T08:53:04.851791+00:00Z,gate,bybit,ESPORTSUSDT,0.8057,0.07971,0.08035,0.002809,5e-05,-0.002759,0.8084
2026-06-08T08:53:04.851791+00:00Z,gate,mexc,ESPORTSUSDT,0.6307,0.07971,0.0802,0.002809,-0.01312,-0.015929,0.6466
2026-06-08T08:53:06.887600+00:00Z,gate,bybit,ESPORTSUSDT,0.783,0.07946,0.08008,0.002809,5e-05,-0.002759,0.7858
2026-06-08T08:53:08.902156+00:00Z,gate,bybit,ESPORTSUSDT,0.7469,0.07929,0.07988,0.002809,5e-05,-0.002759,0.7496
2026-06-08T08:53:10.920034+00:00Z,gate,bybit,ESPORTSUSDT,0.889,0.08011,0.08082,0.002809,5e-05,-0.002759,0.8918
2026-06-08T08:53:10.920034+00:00Z,gate,mexc,ESPORTSUSDT,0.7025,0.08011,0.08066,0.002809,-0.01312,-0.015929,0.7184
2026-06-08T08:53:12.954206+00:00Z,gate,bybit,ESPORTSUSDT,0.8142,0.0801,0.08075,0.002809,5e-05,-0.002759,0.817
2026-06-08T08:53:12.954206+00:00Z,gate,mexc,ESPORTSUSDT,0.6651,0.0801,0.08062,0.002809,-0.01312,-0.015929,0.681
2026-06-08T08:53:14.998763+00:00Z,gate,bybit,ESPORTSUSDT,0.8785,0.07993,0.08063,0.002809,5e-05,-0.002759,0.8813
2026-06-08T08:53:14.998763+00:00Z,gate,mexc,ESPORTSUSDT,0.7416,0.07993,0.08051,0.002809,-0.01312,-0.015929,0.7575
2026-06-08T08:53:17.016329+00:00Z,gate,mexc,ESPORTSUSDT,0.9562,0.07976,0.08051,0.002809,-0.01312,-0.015929,0.9722
2026-06-08T08:53:17.016329+00:00Z,gate,bybit,ESPORTSUSDT,0.7049,0.07976,0.08032,0.002809,5e-05,-0.002759,0.7076
2026-06-08T08:53:19.033771+00:00Z,gate,mexc,ESPORTSUSDT,0.893,0.07981,0.08051,0.002809,-0.01312,-0.015929,0.9089
2026-06-08T08:53:21.049271+00:00Z,gate,bybit,ESPORTSUSDT,0.8795,0.07984,0.08054,0.002809,5e-05,-0.002759,0.8823
2026-06-08T08:53:21.049271+00:00Z,gate,mexc,ESPORTSUSDT,0.8551,0.07984,0.08051,0.002809,-0.01312,-0.015929,0.871
2026-06-08T08:53:23.066955+00:00Z,gate,mexc,ESPORTSUSDT,0.666,0.07999,0.08051,0.002809,-0.01312,-0.015929,0.6819
2026-06-08T08:53:25.083062+00:00Z,gate,mexc,ESPORTSUSDT,1.0449,0.07969,0.08051,0.002809,-0.01312,-0.015929,1.0608
2026-06-08T08:53:25.083062+00:00Z,gate,bybit,ESPORTSUSDT,0.7933,0.07969,0.08032,0.002809,5e-05,-0.002759,0.7961
2026-06-08T08:53:27.100918+00:00Z,gate,mexc,ESPORTSUSDT,1.1464,0.07961,0.08051,0.002809,-0.01312,-0.015929,1.1624
2026-06-08T08:53:27.100918+00:00Z,gate,bybit,ESPORTSUSDT,0.8067,0.07961,0.08025,0.002809,5e-05,-0.002759,0.8094
2026-06-08T08:53:29.121461+00:00Z,gate,bybit,ESPORTSUSDT,0.9427,0.07979,0.08054,0.002809,5e-05,-0.002759,0.9455
2026-06-08T08:53:29.121461+00:00Z,gate,mexc,ESPORTSUSDT,0.9183,0.07979,0.08051,0.002809,-0.01312,-0.015929,0.9342
2026-06-08T08:53:31.138243+00:00Z,gate,mexc,ESPORTSUSDT,0.8299,0.07986,0.08051,0.002809,-0.01312,-0.015929,0.8458
2026-06-08T08:53:33.165381+00:00Z,gate,bybit,ESPORTSUSDT,0.9278,0.08,0.08074,0.002809,5e-05,-0.002759,0.9305
2026-06-08T08:53:33.165381+00:00Z,gate,mexc,ESPORTSUSDT,0.6534,0.08,0.08051,0.002809,-0.01312,-0.015929,0.6694
2026-06-08T08:53:35.182346+00:00Z,gate,bybit,ESPORTSUSDT,1.0278,0.08,0.08082,0.002831,5e-05,-0.002781,1.0306
2026-06-08T08:53:35.182346+00:00Z,gate,mexc,ESPORTSUSDT,0.6535,0.08,0.08051,0.002831,-0.01312,-0.015951,0.6694
2026-06-08T08:53:37.204136+00:00Z,gate,bybit,ESPORTSUSDT,0.5138,0.08023,0.08064,0.002831,5e-05,-0.002781,0.5166
2026-06-08T08:53:39.219826+00:00Z,gate,bybit,ESPORTSUSDT,0.9762,0.08013,0.08091,0.002831,5e-05,-0.002781,0.979
2026-06-08T08:53:41.222416+00:00Z,mexc,gate,JCTUSDT,0.5535,0.005059,0.005087,0.000151,7.8e-05,-7.3e-05,0.5536
2026-06-08T08:53:43.237620+00:00Z,gate,bybit,ESPORTSUSDT,1.014,0.0801,0.08091,0.002831,5e-05,-0.002781,1.0168
2026-06-08T08:53:43.237620+00:00Z,gate,mexc,ESPORTSUSDT,0.5278,0.0801,0.08051,0.002831,-0.01312,-0.015951,0.5438
2026-06-08T08:53:43.237620+00:00Z,bybit,mexc,RAVEUSDT,0.517,0.34989,0.3517,7.9e-05,0.000371,0.000292,0.5167
2026-06-08T08:53:43.237620+00:00Z,mexc,gate,JCTUSDT,0.514,0.005059,0.005085,0.000151,7.8e-05,-7.3e-05,0.5141
2026-06-08T08:53:45.258364+00:00Z,gate,bybit,ESPORTSUSDT,1.0634,0.08014,0.08099,0.002831,5e-05,-0.002781,1.0662
2026-06-08T08:53:47.275418+00:00Z,gate,bybit,ESPORTSUSDT,1.0491,0.08028,0.08112,0.002831,5e-05,-0.002781,1.0519
2026-06-08T08:53:49.286284+00:00Z,gate,bybit,ESPORTSUSDT,0.9856,0.08038,0.08117,0.002831,5e-05,-0.002781,0.9884
2026-06-08T08:53:51.302082+00:00Z,gate,bybit,ESPORTSUSDT,0.5633,0.08028,0.08073,0.002831,5e-05,-0.002781,0.5661
2026-06-08T08:53:53.306465+00:00Z,gate,bybit,ESPORTSUSDT,0.9593,0.0805,0.08127,0.002831,5e-05,-0.002781,0.9621
2026-06-08T08:53:53.306465+00:00Z,gate,mexc,ESPORTSUSDT,0.6122,0.0805,0.08098,0.002831,-0.01312,-0.015951,0.6282
2026-06-08T08:53:55.346975+00:00Z,gate,bybit,ESPORTSUSDT,1.2327,0.08049,0.08148,0.002831,5e-05,-0.002781,1.2355
2026-06-08T08:53:55.346975+00:00Z,mexc,bybit,ESPORTSUSDT,0.6043,0.08098,0.08148,-0.01312,5e-05,0.01317,0.5911
2026-06-08T08:53:57.350083+00:00Z,gate,bybit,ESPORTSUSDT,0.9974,0.08043,0.08123,0.002831,5e-05,-0.002781,1.0002
2026-06-08T08:53:57.350083+00:00Z,gate,mexc,ESPORTSUSDT,0.6998,0.08043,0.08098,0.002831,-0.01312,-0.015951,0.7157
2026-06-08T08:53:59.367353+00:00Z,gate,bybit,ESPORTSUSDT,1.0092,0.08048,0.08129,0.002831,5e-05,-0.002781,1.012
2026-06-08T08:53:59.367353+00:00Z,gate,mexc,ESPORTSUSDT,0.5999,0.08048,0.08095,0.002831,-0.01312,-0.015951,0.6159
2026-06-08T08:54:01.380460+00:00Z,gate,bybit,ESPORTSUSDT,0.6487,0.0805,0.08102,0.002831,5e-05,-0.002781,0.6515
2026-06-08T08:54:03.396181+00:00Z,gate,bybit,ESPORTSUSDT,0.5629,0.08034,0.08079,0.002831,5e-05,-0.002781,0.5657
2026-06-08T08:54:05.422157+00:00Z,gate,bybit,ESPORTSUSDT,1.0262,0.08012,0.08094,0.002831,5e-05,-0.002781,1.029
2026-06-08T08:54:05.422157+00:00Z,gate,mexc,ESPORTSUSDT,0.8895,0.08012,0.08082,0.002831,-0.012949,-0.01578,0.9052
2026-06-08T08:54:07.426941+00:00Z,gate,bybit,ESPORTSUSDT,0.6771,0.08008,0.08062,0.002831,5e-05,-0.002781,0.6799
2026-06-08T08:54:09.441888+00:00Z,gate,bybit,ESPORTSUSDT,0.9277,0.08001,0.08075,0.002831,5e-05,-0.002781,0.9304
2026-06-08T08:54:09.441888+00:00Z,gate,mexc,ESPORTSUSDT,0.8282,0.08001,0.08066,0.002831,-0.012949,-0.01578,0.844
2026-06-08T08:54:11.457457+00:00Z,gate,bybit,ESPORTSUSDT,1.0279,0.07999,0.08081,0.002831,5e-05,-0.002781,1.0307
2026-06-08T08:54:13.472903+00:00Z,gate,bybit,ESPORTSUSDT,0.9028,0.08,0.08072,0.002831,5e-05,-0.002781,0.9056
2026-06-08T08:54:13.472903+00:00Z,gate,mexc,ESPORTSUSDT,0.8408,0.08,0.08066,0.002831,-0.012949,-0.01578,0.8566
2026-06-08T08:54:15.488859+00:00Z,gate,bybit,ESPORTSUSDT,1.0429,0.0798,0.08063,0.002831,5e-05,-0.002781,1.0457
2026-06-08T08:54:15.488859+00:00Z,gate,mexc,ESPORTSUSDT,0.517,0.0798,0.0802,0.002831,-0.012949,-0.01578,0.5328
2026-06-08T08:54:17.507630+00:00Z,gate,bybit,ESPORTSUSDT,1.1174,0.07985,0.08074,0.002831,5e-05,-0.002781,1.1202
2026-06-08T08:54:17.507630+00:00Z,gate,mexc,ESPORTSUSDT,0.8423,0.07985,0.08051,0.002831,-0.012949,-0.01578,0.8581
2026-06-08T08:54:19.547912+00:00Z,gate,bybit,ESPORTSUSDT,0.9565,0.07969,0.08045,0.002831,5e-05,-0.002781,0.9593
2026-06-08T08:54:19.547912+00:00Z,gate,mexc,ESPORTSUSDT,0.7938,0.07969,0.08031,0.002831,-0.012949,-0.01578,0.8096
2026-06-08T08:54:21.702190+00:00Z,gate,bybit,ESPORTSUSDT,1.0439,0.07972,0.08055,0.002831,5e-05,-0.002781,1.0467
2026-06-08T08:54:21.702190+00:00Z,gate,mexc,ESPORTSUSDT,0.7684,0.07972,0.08032,0.002831,-0.012949,-0.01578,0.7842
2026-06-08T08:54:23.735698+00:00Z,gate,bybit,ESPORTSUSDT,0.9926,0.07981,0.0806,0.002831,5e-05,-0.002781,0.9954
2026-06-08T08:54:23.735698+00:00Z,gate,mexc,ESPORTSUSDT,0.755,0.07981,0.0804,0.002831,-0.012949,-0.01578,0.7708
2026-06-08T08:54:25.753491+00:00Z,gate,bybit,ESPORTSUSDT,1.0428,0.07981,0.08064,0.002831,5e-05,-0.002781,1.0455
2026-06-08T08:54:25.753491+00:00Z,gate,mexc,ESPORTSUSDT,0.6924,0.07981,0.08035,0.002831,-0.012949,-0.01578,0.7082
2026-06-08T08:54:27.769772+00:00Z,gate,mexc,ESPORTSUSDT,0.7935,0.07972,0.08034,0.002831,-0.012949,-0.01578,0.8093
2026-06-08T08:54:27.769772+00:00Z,gate,bybit,ESPORTSUSDT,0.5547,0.07972,0.08016,0.002831,5e-05,-0.002781,0.5575
2026-06-08T08:54:29.783409+00:00Z,gate,bybit,ESPORTSUSDT,1.1316,0.07973,0.08063,0.002831,5e-05,-0.002781,1.1344
2026-06-08T08:54:29.783409+00:00Z,gate,mexc,ESPORTSUSDT,0.7809,0.07973,0.08034,0.002831,-0.012949,-0.01578,0.7966
2026-06-08T08:54:31.800623+00:00Z,gate,bybit,ESPORTSUSDT,1.0404,0.07999,0.08082,0.002831,5e-05,-0.002781,1.0432
2026-06-08T08:54:33.816252+00:00Z,gate,bybit,ESPORTSUSDT,1.0041,0.0799,0.0807,0.00286,5e-05,-0.00281,1.0069
2026-06-08T08:54:33.816252+00:00Z,gate,mexc,ESPORTSUSDT,0.5164,0.0799,0.0803,0.00286,-0.012949,-0.015809,0.5322
2026-06-08T08:54:35.834530+00:00Z,gate,bybit,ESPORTSUSDT,1.0528,0.08,0.08084,0.00286,5e-05,-0.00281,1.0556
2026-06-08T08:54:37.836878+00:00Z,gate,bybit,ESPORTSUSDT,1.0789,0.07992,0.08078,0.00286,5e-05,-0.00281,1.0817
2026-06-08T08:54:37.836878+00:00Z,gate,mexc,ESPORTSUSDT,0.5413,0.07992,0.08034,0.00286,-0.012949,-0.015809,0.5571
2026-06-08T08:54:39.839624+00:00Z,gate,bybit,ESPORTSUSDT,1.1336,0.07959,0.08049,0.00286,5e-05,-0.00281,1.1364
2026-06-08T08:54:41.855946+00:00Z,gate,bybit,ESPORTSUSDT,1.122,0.07952,0.08041,0.00286,5e-05,-0.00281,1.1248
2026-06-08T08:54:41.855946+00:00Z,gate,mexc,ESPORTSUSDT,0.8709,0.07952,0.0802,0.00286,-0.012949,-0.015809,0.8867
2026-06-08T08:54:43.890257+00:00Z,gate,bybit,ESPORTSUSDT,1.0246,0.07927,0.08008,0.00286,5e-05,-0.00281,1.0274
2026-06-08T08:54:43.890257+00:00Z,gate,mexc,ESPORTSUSDT,0.9619,0.07927,0.08002,0.00286,-0.012949,-0.015809,0.9778
2026-06-08T08:54:45.907540+00:00Z,gate,bybit,ESPORTSUSDT,1.1146,0.07915,0.08003,0.00286,5e-05,-0.00281,1.1174
2026-06-08T08:54:45.907540+00:00Z,gate,mexc,ESPORTSUSDT,0.837,0.07915,0.0798,0.00286,-0.012949,-0.015809,0.8528
2026-06-08T08:54:47.910509+00:00Z,gate,bybit,ESPORTSUSDT,1.0301,0.07885,0.07966,0.00286,5e-05,-0.00281,1.0329
2026-06-08T08:54:47.910509+00:00Z,gate,mexc,ESPORTSUSDT,0.9163,0.07885,0.07956,0.00286,-0.012949,-0.015809,0.9321
2026-06-08T08:54:49.914265+00:00Z,gate,bybit,ESPORTSUSDT,0.8978,0.07821,0.07891,0.00286,5e-05,-0.00281,0.9006
2026-06-08T08:54:51.916025+00:00Z,gate,bybit,ESPORTSUSDT,1.0541,0.078,0.07882,0.00286,5e-05,-0.00281,1.0569
2026-06-08T08:54:51.916025+00:00Z,gate,mexc,ESPORTSUSDT,0.7722,0.078,0.07859,0.00286,-0.012949,-0.015809,0.788
2026-06-08T08:54:53.932410+00:00Z,gate,bybit,ESPORTSUSDT,0.9271,0.0779,0.07862,0.00286,5e-05,-0.00281,0.9299
2026-06-08T08:54:55.934010+00:00Z,gate,bybit,ESPORTSUSDT,0.9042,0.07766,0.07836,0.00286,5e-05,-0.00281,0.907
2026-06-08T08:54:55.934010+00:00Z,gate,mexc,ESPORTSUSDT,0.5309,0.07766,0.07806,0.00286,-0.012949,-0.015809,0.5467
2026-06-08T08:54:57.949419+00:00Z,gate,mexc,ESPORTSUSDT,0.722,0.07788,0.07843,0.00286,-0.012949,-0.015809,0.7378
2026-06-08T08:54:57.949419+00:00Z,gate,bybit,ESPORTSUSDT,0.6448,0.07788,0.07838,0.00286,5e-05,-0.00281,0.6476
2026-06-08T08:54:59.952728+00:00Z,gate,bybit,ESPORTSUSDT,1.0826,0.07779,0.07863,0.00286,5e-05,-0.00281,1.0855
2026-06-08T08:54:59.952728+00:00Z,gate,mexc,ESPORTSUSDT,0.8257,0.07779,0.07842,0.00286,-0.012949,-0.015809,0.8415
2026-06-08T08:55:01.968823+00:00Z,gate,bybit,ESPORTSUSDT,0.9137,0.07795,0.07866,0.00286,5e-05,-0.00281,0.9165
2026-06-08T08:55:01.968823+00:00Z,gate,mexc,ESPORTSUSDT,0.5161,0.07795,0.07834,0.00286,-0.012949,-0.015809,0.5319
2026-06-08T08:55:04.006238+00:00Z,gate,bybit,ESPORTSUSDT,1.0279,0.07804,0.07884,0.00286,5e-05,-0.00281,1.0307
2026-06-08T08:55:04.006238+00:00Z,gate,mexc,ESPORTSUSDT,0.5027,0.07804,0.07842,0.00286,-0.012949,-0.015809,0.5185
2026-06-08T08:55:06.022440+00:00Z,gate,bybit,ESPORTSUSDT,0.746,0.07804,0.07862,0.00286,5e-05,-0.00281,0.7488
2026-06-08T08:55:06.022440+00:00Z,gate,mexc,ESPORTSUSDT,0.7078,0.07804,0.07858,0.00286,-0.012949,-0.015809,0.7236
2026-06-08T08:55:08.025974+00:00Z,gate,bybit,ESPORTSUSDT,0.9556,0.07767,0.07841,0.00286,5e-05,-0.00281,0.9584
2026-06-08T08:55:10.028360+00:00Z,gate,bybit,ESPORTSUSDT,0.9978,0.07739,0.07816,0.00286,5e-05,-0.00281,1.0006
2026-06-08T08:55:10.028360+00:00Z,gate,mexc,ESPORTSUSDT,0.5327,0.07739,0.07779,0.00286,-0.012949,-0.015809,0.5485
2026-06-08T08:55:12.043493+00:00Z,gate,bybit,ESPORTSUSDT,0.8763,0.07785,0.07853,0.00286,5e-05,-0.00281,0.8791
2026-06-08T08:55:14.057969+00:00Z,gate,bybit,ESPORTSUSDT,1.0228,0.07745,0.07824,0.00286,5e-05,-0.00281,1.0256
2026-06-08T08:55:16.073208+00:00Z,gate,bybit,ESPORTSUSDT,0.8703,0.07723,0.0779,0.00286,5e-05,-0.00281,0.8732
2026-06-08T08:55:18.088336+00:00Z,gate,bybit,ESPORTSUSDT,0.8624,0.07678,0.07744,0.00286,5e-05,-0.00281,0.8652
2026-06-08T08:55:20.090766+00:00Z,gate,bybit,ESPORTSUSDT,0.7891,0.07631,0.07691,0.00286,5e-05,-0.00281,0.7919
2026-06-08T08:55:22.107948+00:00Z,gate,bybit,ESPORTSUSDT,0.8694,0.07501,0.07566,0.00286,5e-05,-0.00281,0.8722
2026-06-08T08:55:22.107948+00:00Z,gate,mexc,ESPORTSUSDT,0.7224,0.07501,0.07554,0.00286,-0.012949,-0.015809,0.7382
2026-06-08T08:55:24.126855+00:00Z,gate,bybit,ESPORTSUSDT,0.7723,0.07537,0.07595,0.00286,5e-05,-0.00281,0.7752
2026-06-08T08:55:24.126855+00:00Z,gate,mexc,ESPORTSUSDT,0.6659,0.07537,0.07586,0.00286,-0.012949,-0.015809,0.6817
2026-06-08T08:55:26.162526+00:00Z,gate,mexc,ESPORTSUSDT,0.8738,0.07459,0.07523,0.00286,-0.012949,-0.015809,0.8896
2026-06-08T08:55:26.162526+00:00Z,gate,bybit,ESPORTSUSDT,0.7536,0.07459,0.07515,0.00286,5e-05,-0.00281,0.7564
2026-06-08T08:55:28.178139+00:00Z,gate,bybit,ESPORTSUSDT,0.6452,0.07472,0.0752,0.00286,5e-05,-0.00281,0.648
2026-06-08T08:55:34.183431+00:00Z,gate,bybit,ESPORTSUSDT,0.5099,0.07492,0.0753,0.00277,5e-05,-0.00272,0.5126
2026-06-08T08:55:56.217275+00:00Z,gate,bybit,ESPORTSUSDT,0.5167,0.07783,0.07823,0.00277,5e-05,-0.00272,0.5194
2026-06-08T08:55:58.233051+00:00Z,gate,bybit,ESPORTSUSDT,0.5419,0.07789,0.07831,0.00277,5e-05,-0.00272,0.5447
2026-06-08T08:56:00.236344+00:00Z,gate,bybit,ESPORTSUSDT,0.5777,0.07827,0.07872,0.00277,5e-05,-0.00272,0.5804
2026-06-08T08:56:02.267016+00:00Z,gate,bybit,ESPORTSUSDT,0.5273,0.07816,0.07857,0.00277,5e-05,-0.00272,0.53
2026-06-08T08:56:04.279347+00:00Z,gate,mexc,ESPORTSUSDT,0.7377,0.07756,0.07812,0.00277,-0.012949,-0.015719,0.7535
2026-06-08T08:56:04.279347+00:00Z,gate,bybit,ESPORTSUSDT,0.5571,0.07756,0.07799,0.00277,5e-05,-0.00272,0.5598
2026-06-08T08:56:04.279347+00:00Z,gate,mexc,ALLOUSDT,0.5417,0.47267,0.47523,4.3e-05,-9.4e-05,-0.000137,0.5419
2026-06-08T08:56:06.298734+00:00Z,gate,mexc,ESPORTSUSDT,0.7377,0.07756,0.07812,0.00277,-0.012949,-0.015719,0.7535
2026-06-08T08:56:06.298734+00:00Z,gate,mexc,ALLOUSDT,0.725,0.47181,0.47523,4.3e-05,-9.4e-05,-0.000137,0.7251
2026-06-08T08:56:06.298734+00:00Z,gate,bybit,ESPORTSUSDT,0.5829,0.07756,0.07801,0.00277,5e-05,-0.00272,0.5856
2026-06-08T08:56:06.298734+00:00Z,bybit,mexc,ALLOUSDT,0.5247,0.47275,0.47523,5e-05,-9.4e-05,-0.000144,0.5249
2026-06-08T08:56:08.304791+00:00Z,bybit,mexc,ALLOUSDT,1.1581,0.46979,0.47523,5e-05,-9.4e-05,-0.000144,1.1583
2026-06-08T08:56:08.304791+00:00Z,gate,mexc,ALLOUSDT,1.1516,0.46982,0.47523,4.3e-05,-9.4e-05,-0.000137,1.1518
2026-06-08T08:56:08.304791+00:00Z,gate,mexc,ESPORTSUSDT,0.7248,0.07757,0.07812,0.00277,-0.012949,-0.015719,0.7405
2026-06-08T08:56:08.304791+00:00Z,gate,bybit,ESPORTSUSDT,0.6344,0.07757,0.07806,0.00277,5e-05,-0.00272,0.6371
2026-06-08T08:56:10.309965+00:00Z,gate,mexc,ALLOUSDT,1.1366,0.46989,0.47523,4.3e-05,-9.4e-05,-0.000137,1.1367
2026-06-08T08:56:10.309965+00:00Z,bybit,mexc,ALLOUSDT,1.0699,0.4702,0.47523,5e-05,-9.4e-05,-0.000144,1.07
2026-06-08T08:56:10.309965+00:00Z,gate,bybit,ESPORTSUSDT,0.5157,0.07797,0.07837,0.00277,5e-05,-0.00272,0.5185
2026-06-08T08:56:12.314474+00:00Z,gate,mexc,ALLOUSDT,0.8725,0.47112,0.47523,4.3e-05,-9.4e-05,-0.000137,0.8727
2026-06-08T08:56:12.314474+00:00Z,bybit,mexc,ALLOUSDT,0.7848,0.47153,0.47523,5e-05,-9.4e-05,-0.000144,0.785
2026-06-08T08:56:12.314474+00:00Z,gate,bybit,ESPORTSUSDT,0.5677,0.07788,0.07832,0.00277,5e-05,-0.00272,0.5704
2026-06-08T08:56:14.331051+00:00Z,gate,mexc,ALLOUSDT,0.7485,0.4717,0.47523,4.3e-05,-9.4e-05,-0.000137,0.7486
2026-06-08T08:56:14.331051+00:00Z,bybit,mexc,ALLOUSDT,0.6567,0.47213,0.47523,5e-05,-9.4e-05,-0.000144,0.6569
2026-06-08T08:56:14.331051+00:00Z,gate,mexc,ESPORTSUSDT,0.5304,0.07772,0.07812,0.00277,-0.012949,-0.015719,0.5461
2026-06-08T08:56:14.331051+00:00Z,gate,bybit,ESPORTSUSDT,0.5303,0.07772,0.07813,0.00277,5e-05,-0.00272,0.533
2026-06-08T08:56:16.357254+00:00Z,gate,mexc,ESPORTSUSDT,0.946,0.0774,0.07812,0.00277,-0.012949,-0.015719,0.9617
2026-06-08T08:56:16.357254+00:00Z,gate,mexc,ALLOUSDT,0.7378,0.47175,0.47523,4.3e-05,-9.4e-05,-0.000137,0.738
2026-06-08T08:56:16.357254+00:00Z,bybit,mexc,ALLOUSDT,0.629,0.47226,0.47523,5e-05,-9.4e-05,-0.000144,0.6292
2026-06-08T08:56:18.374179+00:00Z,gate,mexc,ESPORTSUSDT,1.1027,0.07728,0.07812,0.00277,-0.012949,-0.015719,1.1184
2026-06-08T08:56:18.374179+00:00Z,gate,mexc,ALLOUSDT,0.5779,0.4725,0.47523,4.3e-05,-9.4e-05,-0.000137,0.5781
2026-06-08T08:56:18.374179+00:00Z,bybit,mexc,ESPORTSUSDT,0.5277,0.07772,0.07812,5e-05,-0.012949,-0.012999,0.5407
2026-06-08T08:56:18.374179+00:00Z,gate,bybit,ESPORTSUSDT,0.5203,0.07728,0.07768,0.00277,5e-05,-0.00272,0.523
2026-06-08T08:56:20.377998+00:00Z,gate,mexc,ESPORTSUSDT,1.1812,0.07722,0.07812,0.00277,-0.012949,-0.015719,1.1969
2026-06-08T08:56:20.377998+00:00Z,bybit,mexc,ESPORTSUSDT,0.5406,0.07771,0.07812,5e-05,-0.012949,-0.012999,0.5536
2026-06-08T08:56:22.394749+00:00Z,gate,mexc,ESPORTSUSDT,1.3518,0.07709,0.07812,0.00277,-0.012949,-0.015719,1.3675
2026-06-08T08:56:22.394749+00:00Z,gate,mexc,ALLOUSDT,0.8019,0.47145,0.47523,4.3e-05,-9.4e-05,-0.000137,0.8021
2026-06-08T08:56:22.394749+00:00Z,bybit,mexc,ALLOUSDT,0.693,0.47196,0.47523,5e-05,-9.4e-05,-0.000144,0.6931
2026-06-08T08:56:24.402089+00:00Z,gate,mexc,ESPORTSUSDT,1.0634,0.07731,0.07812,0.00277,-0.012949,-0.015719,1.0792
2026-06-08T08:56:24.402089+00:00Z,gate,mexc,ALLOUSDT,0.8447,0.47125,0.47523,4.3e-05,-9.4e-05,-0.000137,0.8448
2026-06-08T08:56:24.402089+00:00Z,bybit,mexc,ALLOUSDT,0.7143,0.47186,0.47523,5e-05,-9.4e-05,-0.000144,0.7145
2026-06-08T08:56:26.406182+00:00Z,gate,mexc,ESPORTSUSDT,1.1419,0.07725,0.07812,0.00277,-0.012949,-0.015719,1.1577
2026-06-08T08:56:26.406182+00:00Z,gate,mexc,ALLOUSDT,0.8618,0.47117,0.47523,4.3e-05,-9.4e-05,-0.000137,0.862
2026-06-08T08:56:26.406182+00:00Z,bybit,mexc,ALLOUSDT,0.7357,0.47176,0.47523,5e-05,-9.4e-05,-0.000144,0.7358
2026-06-08T08:56:26.406182+00:00Z,bybit,mexc,ESPORTSUSDT,0.5406,0.07771,0.07812,5e-05,-0.012949,-0.012999,0.5536
2026-06-08T08:56:28.422665+00:00Z,gate,mexc,ESPORTSUSDT,1.1158,0.07727,0.07812,0.00277,-0.012949,-0.015719,1.1315
2026-06-08T08:56:28.422665+00:00Z,gate,mexc,ALLOUSDT,0.5396,0.47268,0.47523,4.3e-05,-9.4e-05,-0.000137,0.5398
2026-06-08T08:56:30.426613+00:00Z,gate,mexc,ESPORTSUSDT,0.9068,0.07743,0.07812,0.00277,-0.012949,-0.015719,0.9226
2026-06-08T08:56:32.428527+00:00Z,gate,mexc,ESPORTSUSDT,0.8548,0.07747,0.07812,0.00277,-0.012949,-0.015719,0.8705
2026-06-08T08:56:32.428527+00:00Z,gate,bybit,ESPORTSUSDT,0.6094,0.07747,0.07794,0.00277,5e-05,-0.00272,0.6121
2026-06-08T08:56:32.428527+00:00Z,gate,mexc,ALLOUSDT,0.5737,0.47252,0.47523,4.3e-05,-9.4e-05,-0.000137,0.5738
2026-06-08T08:56:34.432768+00:00Z,gate,mexc,ESPORTSUSDT,1.3782,0.07707,0.07812,0.002892,-0.012949,-0.015841,1.3941
2026-06-08T08:56:34.432768+00:00Z,gate,bybit,ESPORTSUSDT,0.6776,0.07707,0.07759,0.002892,5e-05,-0.002842,0.6804
2026-06-08T08:56:34.432768+00:00Z,gate,mexc,ALLOUSDT,0.6396,0.47221,0.47523,-1e-06,-9.4e-05,-9.3e-05,0.6397
2026-06-08T08:56:34.432768+00:00Z,bybit,mexc,ESPORTSUSDT,0.5794,0.07768,0.07812,5e-05,-0.012949,-0.012999,0.5924
2026-06-08T08:56:34.432768+00:00Z,bybit,mexc,ALLOUSDT,0.5013,0.47286,0.47523,5e-05,-9.4e-05,-0.000144,0.5015
2026-06-08T08:56:36.439741+00:00Z,gate,mexc,ESPORTSUSDT,1.1421,0.07725,0.07812,0.002892,-0.012949,-0.015841,1.1579
2026-06-08T08:56:36.439741+00:00Z,gate,mexc,ALLOUSDT,0.6929,0.47196,0.47523,-1e-06,-9.4e-05,-9.3e-05,0.693
2026-06-08T08:56:36.439741+00:00Z,bybit,mexc,ALLOUSDT,0.5545,0.47261,0.47523,5e-05,-9.4e-05,-0.000144,0.5547
2026-06-08T08:56:38.443550+00:00Z,gate,mexc,ESPORTSUSDT,1.1813,0.07722,0.07812,0.002892,-0.012949,-0.015841,1.1972
2026-06-08T08:56:38.443550+00:00Z,gate,mexc,ALLOUSDT,0.7271,0.4718,0.47523,-1e-06,-9.4e-05,-9.3e-05,0.7272
2026-06-08T08:56:38.443550+00:00Z,bybit,mexc,ALLOUSDT,0.5247,0.47275,0.47523,5e-05,-9.4e-05,-0.000144,0.5249
2026-06-08T08:56:40.447421+00:00Z,gate,mexc,ESPORTSUSDT,1.1421,0.07725,0.07812,0.002892,-0.012949,-0.015841,1.1579
2026-06-08T08:56:40.447421+00:00Z,gate,mexc,ALLOUSDT,0.7719,0.47159,0.47523,-1e-06,-9.4e-05,-9.3e-05,0.772
2026-06-08T08:56:40.447421+00:00Z,bybit,mexc,ALLOUSDT,0.6738,0.47205,0.47523,5e-05,-9.4e-05,-0.000144,0.6739
2026-06-08T08:56:42.454070+00:00Z,gate,mexc,ESPORTSUSDT,1.0113,0.07735,0.07812,0.002892,-0.012949,-0.015841,1.0272
2026-06-08T08:56:42.454070+00:00Z,gate,mexc,ALLOUSDT,0.6418,0.4722,0.47523,-1e-06,-9.4e-05,-9.3e-05,0.6419
2026-06-08T08:56:42.454070+00:00Z,gate,bybit,ESPORTSUSDT,0.5975,0.07735,0.07781,0.002892,5e-05,-0.002842,0.6004
2026-06-08T08:56:44.474540+00:00Z,gate,mexc,ESPORTSUSDT,0.8028,0.07751,0.07812,0.002892,-0.012949,-0.015841,0.8187
2026-06-08T08:56:44.474540+00:00Z,gate,mexc,ALLOUSDT,0.6098,0.47235,0.47523,-1e-06,-9.4e-05,-9.3e-05,0.6099
2026-06-08T08:56:46.477510+00:00Z,gate,mexc,ESPORTSUSDT,0.8549,0.07747,0.07812,0.002892,-0.012949,-0.015841,0.8707
2026-06-08T08:56:46.477510+00:00Z,gate,mexc,ALLOUSDT,0.5821,0.47248,0.47523,-1e-06,-9.4e-05,-9.3e-05,0.5822
2026-06-08T08:56:48.495273+00:00Z,gate,mexc,ESPORTSUSDT,0.9461,0.0774,0.07812,0.002892,-0.012949,-0.015841,0.9619
2026-06-08T08:56:48.495273+00:00Z,gate,mexc,ALLOUSDT,0.597,0.47241,0.47523,-1e-06,-9.4e-05,-9.3e-05,0.5971
2026-06-08T08:56:50.500002+00:00Z,gate,mexc,ESPORTSUSDT,1.0244,0.07734,0.07812,0.002892,-0.012949,-0.015841,1.0402
2026-06-08T08:56:50.500002+00:00Z,gate,bybit,ESPORTSUSDT,0.6752,0.07734,0.07786,0.002892,5e-05,-0.002842,0.678
2026-06-08T08:56:50.500002+00:00Z,gate,mexc,ALLOUSDT,0.6056,0.47237,0.47523,-1e-06,-9.4e-05,-9.3e-05,0.6056
2026-06-08T08:56:52.516653+00:00Z,gate,mexc,ESPORTSUSDT,1.1813,0.07722,0.07812,0.002892,-0.012949,-0.015841,1.1972
2026-06-08T08:56:52.516653+00:00Z,gate,mexc,ALLOUSDT,0.8639,0.47116,0.47523,-1e-06,-9.4e-05,-9.3e-05,0.864
2026-06-08T08:56:52.516653+00:00Z,bybit,mexc,ALLOUSDT,0.7229,0.47182,0.47523,5e-05,-9.4e-05,-0.000144,0.723
2026-06-08T08:56:52.516653+00:00Z,bybit,mexc,ESPORTSUSDT,0.5147,0.07773,0.07812,5e-05,-0.012949,-0.012999,0.5277
2026-06-08T08:56:54.523688+00:00Z,gate,mexc,ESPORTSUSDT,1.1682,0.07723,0.07812,0.002892,-0.012949,-0.015841,1.1841
2026-06-08T08:56:54.523688+00:00Z,gate,mexc,ALLOUSDT,0.7634,0.47163,0.47523,-1e-06,-9.4e-05,-9.3e-05,0.7635
2026-06-08T08:56:54.523688+00:00Z,bybit,mexc,ALLOUSDT,0.6077,0.47236,0.47523,5e-05,-9.4e-05,-0.000144,0.6079
2026-06-08T08:56:56.527294+00:00Z,gate,mexc,ESPORTSUSDT,1.4704,0.077,0.07812,0.002892,-0.012949,-0.015841,1.4862
2026-06-08T08:56:56.527294+00:00Z,gate,mexc,ALLOUSDT,0.881,0.47108,0.47523,-1e-06,-9.4e-05,-9.3e-05,0.8811
2026-06-08T08:56:56.527294+00:00Z,bybit,mexc,ESPORTSUSDT,0.8,0.07751,0.07812,5e-05,-0.012949,-0.012999,0.813
2026-06-08T08:56:56.527294+00:00Z,bybit,mexc,ALLOUSDT,0.6354,0.47223,0.47523,5e-05,-9.4e-05,-0.000144,0.6356
2026-06-08T08:56:56.527294+00:00Z,gate,bybit,ESPORTSUSDT,0.5093,0.077,0.07739,0.002892,5e-05,-0.002842,0.5122
2026-06-08T08:56:58.552004+00:00Z,gate,bybit,ESPORTSUSDT,0.6008,0.07693,0.07739,0.002892,5e-05,-0.002842,0.6036
2026-06-08T08:57:02.568570+00:00Z,gate,bybit,ESPORTSUSDT,0.5524,0.07642,0.07684,0.002892,5e-05,-0.002842,0.5553
2026-06-08T08:57:02.568570+00:00Z,gate,mexc,ESPORTSUSDT,0.5389,0.07642,0.07682,0.002892,-0.012613,-0.015505,0.5544
2026-06-08T08:57:08.605515+00:00Z,gate,mexc,ESPORTSUSDT,0.6412,0.07672,0.0772,0.002892,-0.012613,-0.015505,0.6567
2026-06-08T08:57:10.607698+00:00Z,gate,mexc,ESPORTSUSDT,0.5508,0.0766,0.07701,0.002892,-0.012613,-0.015505,0.5663
2026-06-08T08:57:10.607698+00:00Z,gate,bybit,ESPORTSUSDT,0.525,0.0766,0.077,0.002892,5e-05,-0.002842,0.5279
2026-06-08T08:57:12.620203+00:00Z,gate,mexc,ESPORTSUSDT,0.6543,0.07671,0.0772,0.002892,-0.012613,-0.015505,0.6698
2026-06-08T08:57:14.634084+00:00Z,gate,mexc,ESPORTSUSDT,0.5239,0.07671,0.0771,0.002892,-0.012613,-0.015505,0.5394
2026-06-08T08:57:16.651820+00:00Z,gate,mexc,ESPORTSUSDT,0.7483,0.07642,0.07698,0.002892,-0.012613,-0.015505,0.7638
2026-06-08T08:57:18.667188+00:00Z,gate,bybit,ESPORTSUSDT,0.6173,0.07649,0.07696,0.002892,5e-05,-0.002842,0.6201
2026-06-08T08:57:20.671228+00:00Z,gate,bybit,ESPORTSUSDT,0.616,0.07665,0.07712,0.002892,5e-05,-0.002842,0.6189
2026-06-08T08:57:24.674728+00:00Z,gate,mexc,ESPORTSUSDT,0.6287,0.07665,0.07712,0.002892,-0.012613,-0.015505,0.6442
2026-06-08T08:57:26.695245+00:00Z,gate,mexc,ESPORTSUSDT,0.5916,0.07638,0.07682,0.002892,-0.012613,-0.015505,0.6071
2026-06-08T08:57:28.697924+00:00Z,gate,bybit,ESPORTSUSDT,0.5132,0.07641,0.0768,0.002892,5e-05,-0.002842,0.5161
2026-06-08T08:57:30.718222+00:00Z,gate,bybit,ESPORTSUSDT,0.5735,0.07535,0.07578,0.002892,5e-05,-0.002842,0.5764
2026-06-08T08:57:32.720969+00:00Z,gate,bybit,ESPORTSUSDT,0.5974,0.07569,0.07614,0.002892,5e-05,-0.002842,0.6002
2026-06-08T08:57:36.739521+00:00Z,gate,bybit,ESPORTSUSDT,0.7843,0.0755,0.07609,0.002879,5e-05,-0.002829,0.7871
2026-06-08T08:57:36.739521+00:00Z,gate,mexc,ESPORTSUSDT,0.5453,0.0755,0.0759,0.002879,-0.012613,-0.015492,0.5608
2026-06-08T08:57:38.768459+00:00Z,gate,bybit,ESPORTSUSDT,0.5582,0.07563,0.07605,0.002879,5e-05,-0.002829,0.561
2026-06-08T08:57:40.783047+00:00Z,gate,mexc,ESPORTSUSDT,0.8645,0.07538,0.07602,0.002879,-0.012613,-0.015492,0.88
2026-06-08T08:57:40.783047+00:00Z,gate,bybit,ESPORTSUSDT,0.5467,0.07538,0.07579,0.002879,5e-05,-0.002829,0.5496
2026-06-08T08:57:46.801807+00:00Z,gate,bybit,ESPORTSUSDT,0.5454,0.07557,0.07598,0.002879,5e-05,-0.002829,0.5482
2026-06-08T08:57:48.817438+00:00Z,gate,bybit,ESPORTSUSDT,0.5588,0.07555,0.07597,0.002879,5e-05,-0.002829,0.5616
2026-06-08T08:57:50.832286+00:00Z,gate,bybit,ESPORTSUSDT,0.5176,0.07576,0.07615,0.002879,5e-05,-0.002829,0.5204
2026-06-08T08:57:52.834509+00:00Z,gate,bybit,ESPORTSUSDT,0.5054,0.07561,0.07599,0.002879,5e-05,-0.002829,0.5082
2026-06-08T08:57:58.858378+00:00Z,gate,mexc,ESPORTSUSDT,0.5456,0.07546,0.07586,0.002879,-0.012613,-0.015492,0.5611
2026-06-08T08:58:00.873580+00:00Z,gate,bybit,ESPORTSUSDT,0.5215,0.07519,0.07558,0.002879,5e-05,-0.002829,0.5243
2026-06-08T08:58:02.876719+00:00Z,gate,mexc,ESPORTSUSDT,0.7642,0.07478,0.07534,0.002879,-0.012446,-0.015325,0.7795
2026-06-08T08:58:02.876719+00:00Z,gate,bybit,ESPORTSUSDT,0.5645,0.07478,0.0752,0.002879,5e-05,-0.002829,0.5673
2026-06-08T08:58:04.899787+00:00Z,gate,mexc,ESPORTSUSDT,0.6708,0.07475,0.07524,0.002879,-0.012446,-0.015325,0.6862
2026-06-08T08:58:04.899787+00:00Z,gate,bybit,ESPORTSUSDT,0.645,0.07475,0.07523,0.002879,5e-05,-0.002829,0.6478
2026-06-08T08:58:06.907841+00:00Z,bybit,mexc,PIPPINUSDT,1.0124,0.01778,0.01796,5e-05,5e-05,0.0,1.0124
2026-06-08T08:58:06.907841+00:00Z,gate,bybit,ESPORTSUSDT,0.6475,0.07446,0.07494,0.002879,5e-05,-0.002829,0.6503
2026-06-08T08:58:06.907841+00:00Z,gate,mexc,ESPORTSUSDT,0.6331,0.07446,0.07492,0.002879,-0.012446,-0.015325,0.6484
2026-06-08T08:58:08.946339+00:00Z,gate,mexc,ESPORTSUSDT,0.8404,0.07393,0.07454,0.002879,-0.012446,-0.015325,0.8558
2026-06-08T08:58:08.946339+00:00Z,gate,bybit,ESPORTSUSDT,0.5709,0.07393,0.07435,0.002879,5e-05,-0.002829,0.5738
2026-06-08T08:58:10.950547+00:00Z,gate,bybit,ESPORTSUSDT,0.598,0.07393,0.07437,0.002879,5e-05,-0.002829,0.6008
2026-06-08T08:58:14.968512+00:00Z,gate,bybit,ESPORTSUSDT,2.0805,0.07364,0.07517,0.002879,5e-05,-0.002829,2.0833
2026-06-08T08:58:14.968512+00:00Z,mexc,bybit,ESPORTSUSDT,1.706,0.0739,0.07517,-0.012446,5e-05,0.012496,1.6935
2026-06-08T08:58:16.971716+00:00Z,gate,bybit,ESPORTSUSDT,0.5474,0.07529,0.0757,0.002879,5e-05,-0.002829,0.5502
2026-06-08T08:58:18.988095+00:00Z,gate,bybit,ESPORTSUSDT,0.5597,0.07542,0.07584,0.002879,5e-05,-0.002829,0.5625
2026-06-08T08:58:18.988095+00:00Z,gate,mexc,ESPORTSUSDT,0.5457,0.07542,0.07582,0.002879,-0.012446,-0.015325,0.561
2026-06-08T08:58:21.026794+00:00Z,gate,bybit,ESPORTSUSDT,0.5077,0.07527,0.07565,0.002879,5e-05,-0.002829,0.5105
2026-06-08T08:58:23.051038+00:00Z,gate,mexc,ESPORTSUSDT,0.7756,0.07497,0.07554,0.002879,-0.012446,-0.015325,0.791
2026-06-08T08:58:23.051038+00:00Z,gate,bybit,ESPORTSUSDT,0.5897,0.07497,0.07541,0.002879,5e-05,-0.002829,0.5926
2026-06-08T08:58:29.086494+00:00Z,gate,bybit,ESPORTSUSDT,0.6004,0.07531,0.07576,0.002879,5e-05,-0.002829,0.6032
2026-06-08T08:58:31.100134+00:00Z,gate,mexc,ESPORTSUSDT,0.5477,0.07514,0.07554,0.002879,-0.012446,-0.015325,0.563
2026-06-08T08:58:31.100134+00:00Z,gate,bybit,ESPORTSUSDT,0.5219,0.07514,0.07553,0.002879,5e-05,-0.002829,0.5247
2026-06-08T08:58:33.122445+00:00Z,gate,bybit,ESPORTSUSDT,0.6664,0.07535,0.07585,0.002879,5e-05,-0.002829,0.6692
2026-06-08T08:58:35.138298+00:00Z,gate,bybit,ESPORTSUSDT,0.6413,0.07517,0.07565,0.002773,5e-05,-0.002723,0.644
2026-06-08T08:58:35.138298+00:00Z,gate,mexc,ESPORTSUSDT,0.534,0.07517,0.07556,0.002773,-0.012446,-0.015219,0.5493
2026-06-08T08:58:37.154671+00:00Z,gate,bybit,ESPORTSUSDT,0.5889,0.07506,0.0755,0.002773,5e-05,-0.002723,0.5916
2026-06-08T08:58:39.171250+00:00Z,gate,bybit,ESPORTSUSDT,0.6164,0.07496,0.07542,0.002773,5e-05,-0.002723,0.6191
2026-06-08T08:58:41.185540+00:00Z,gate,bybit,ESPORTSUSDT,0.6426,0.07501,0.07549,0.002773,5e-05,-0.002723,0.6454
2026-06-08T08:58:43.199819+00:00Z,gate,bybit,ESPORTSUSDT,0.615,0.07513,0.07559,0.002773,5e-05,-0.002723,0.6177
2026-06-08T08:58:43.199819+00:00Z,gate,mexc,ESPORTSUSDT,0.5609,0.07513,0.07554,0.002773,-0.012446,-0.015219,0.5762
2026-06-08T08:58:45.229288+00:00Z,gate,bybit,ESPORTSUSDT,0.5094,0.075,0.07538,0.002773,5e-05,-0.002723,0.5121
2026-06-08T08:58:47.245038+00:00Z,gate,bybit,ESPORTSUSDT,0.7089,0.07505,0.07558,0.002773,5e-05,-0.002723,0.7116
2026-06-08T08:58:47.245038+00:00Z,gate,mexc,ESPORTSUSDT,0.6681,0.07505,0.07554,0.002773,-0.012446,-0.015219,0.6833
2026-06-08T08:58:49.260704+00:00Z,gate,bybit,ESPORTSUSDT,0.7624,0.07503,0.0756,0.002773,5e-05,-0.002723,0.7651
2026-06-08T08:58:51.277373+00:00Z,gate,bybit,ESPORTSUSDT,0.7506,0.07488,0.07544,0.002773,5e-05,-0.002723,0.7533
2026-06-08T08:58:53.279542+00:00Z,gate,bybit,ESPORTSUSDT,0.8179,0.07483,0.07544,0.002773,5e-05,-0.002723,0.8206
2026-06-08T08:58:53.279542+00:00Z,gate,mexc,ESPORTSUSDT,0.5364,0.07483,0.07522,0.002773,-0.012446,-0.015219,0.5516
2026-06-08T08:58:55.298264+00:00Z,gate,bybit,ESPORTSUSDT,0.6575,0.07483,0.07532,0.002773,5e-05,-0.002723,0.6603
2026-06-08T08:58:55.298264+00:00Z,gate,mexc,ESPORTSUSDT,0.5364,0.07483,0.07522,0.002773,-0.012446,-0.015219,0.5516
2026-06-08T08:58:59.303116+00:00Z,gate,bybit,ESPORTSUSDT,0.8561,0.075,0.07564,0.002773,5e-05,-0.002723,0.8588
2026-06-08T08:58:59.303116+00:00Z,gate,mexc,ESPORTSUSDT,0.5619,0.075,0.07541,0.002773,-0.012446,-0.015219,0.5771
2026-06-08T08:59:01.310498+00:00Z,gate,bybit,ESPORTSUSDT,0.7359,0.07502,0.07557,0.002773,5e-05,-0.002723,0.7386
2026-06-08T08:59:05.326095+00:00Z,gate,bybit,ESPORTSUSDT,0.6528,0.07538,0.07587,0.002773,5e-05,-0.002723,0.6555
2026-06-08T08:59:05.326095+00:00Z,mexc,bybit,ALLOUSDT,0.5708,0.45717,0.45978,-8.7e-05,5e-05,0.000137,0.5706
2026-06-08T08:59:07.341386+00:00Z,gate,bybit,ESPORTSUSDT,0.5458,0.0755,0.07591,0.002773,5e-05,-0.002723,0.5485
2026-06-08T08:59:09.359112+00:00Z,mexc,bybit,ESPORTSUSDT,1.1524,0.07554,0.07642,-0.012446,5e-05,0.012496,1.14
2026-06-08T08:59:09.359112+00:00Z,mexc,bybit,ALLOUSDT,0.737,0.45717,0.46054,-8.7e-05,5e-05,0.000137,0.7369
2026-06-08T08:59:09.359112+00:00Z,gate,bybit,ESPORTSUSDT,0.7144,0.07588,0.07642,0.002773,5e-05,-0.002723,0.7171
2026-06-08T08:59:09.359112+00:00Z,mexc,gate,PIPPINUSDT,0.7115,0.01827,0.0184,5e-05,0.000123,7.3e-05,0.7114
2026-06-08T08:59:09.359112+00:00Z,mexc,gate,ALLOUSDT,0.608,0.45717,0.45995,-8.7e-05,-9e-06,7.8e-05,0.6079
2026-06-08T08:59:09.359112+00:00Z,mexc,bybit,PIPPINUSDT,0.5473,0.01827,0.01837,5e-05,5e-05,0.0,0.5473
2026-06-08T08:59:11.365265+00:00Z,mexc,bybit,ESPORTSUSDT,0.9671,0.07554,0.07628,-0.012446,5e-05,0.012496,0.9546
2026-06-08T08:59:11.365265+00:00Z,mexc,bybit,PIPPINUSDT,0.9305,0.01827,0.01844,5e-05,5e-05,0.0,0.9305
2026-06-08T08:59:11.365265+00:00Z,mexc,bybit,ALLOUSDT,0.8836,0.45717,0.46121,-8.7e-05,5e-05,0.000137,0.8834
2026-06-08T08:59:11.365265+00:00Z,mexc,gate,ALLOUSDT,0.7961,0.45717,0.46081,-8.7e-05,-9e-06,7.8e-05,0.796
2026-06-08T08:59:11.365265+00:00Z,mexc,gate,PIPPINUSDT,0.7115,0.01827,0.0184,5e-05,0.000123,7.3e-05,0.7114
2026-06-08T08:59:11.365265+00:00Z,gate,bybit,ESPORTSUSDT,0.5829,0.07584,0.07628,0.002773,5e-05,-0.002723,0.5856
2026-06-08T08:59:13.396062+00:00Z,mexc,bybit,ESPORTSUSDT,1.2716,0.07554,0.07651,-0.012446,5e-05,0.012496,1.2591
2026-06-08T08:59:13.396062+00:00Z,mexc,bybit,ALLOUSDT,1.0236,0.45717,0.46185,-8.7e-05,5e-05,0.000137,1.0234
2026-06-08T08:59:13.396062+00:00Z,mexc,gate,ALLOUSDT,0.8355,0.45717,0.46099,-8.7e-05,-9e-06,7.8e-05,0.8354
2026-06-08T08:59:13.396062+00:00Z,mexc,bybit,PIPPINUSDT,0.7663,0.01827,0.01841,5e-05,5e-05,0.0,0.7663
2026-06-08T08:59:13.396062+00:00Z,mexc,gate,PIPPINUSDT,0.7115,0.01827,0.0184,5e-05,0.000123,7.3e-05,0.7114
2026-06-08T08:59:13.396062+00:00Z,gate,bybit,ESPORTSUSDT,0.6341,0.07603,0.07651,0.002773,5e-05,-0.002723,0.6368
2026-06-08T08:59:13.396062+00:00Z,mexc,gate,ESPORTSUSDT,0.5143,0.07554,0.07594,-0.012446,0.002773,0.015219,0.4991
2026-06-08T08:59:15.417414+00:00Z,mexc,bybit,ESPORTSUSDT,1.0598,0.07554,0.07635,-0.012446,5e-05,0.012496,1.0473
2026-06-08T08:59:15.417414+00:00Z,mexc,bybit,PIPPINUSDT,0.7663,0.01827,0.01841,5e-05,5e-05,0.0,0.7663
2026-06-08T08:59:15.417414+00:00Z,mexc,bybit,ALLOUSDT,0.7129,0.45717,0.46043,-8.7e-05,5e-05,0.000137,0.7128
2026-06-08T08:59:15.417414+00:00Z,mexc,gate,PIPPINUSDT,0.7115,0.01827,0.0184,5e-05,0.000123,7.3e-05,0.7114
2026-06-08T08:59:15.417414+00:00Z,gate,bybit,ESPORTSUSDT,0.5426,0.07594,0.07635,0.002773,5e-05,-0.002723,0.5453
2026-06-08T08:59:15.417414+00:00Z,mexc,gate,ALLOUSDT,0.5183,0.45717,0.45954,-8.7e-05,-9e-06,7.8e-05,0.5183
2026-06-08T08:59:17.437762+00:00Z,mexc,bybit,ESPORTSUSDT,1.3643,0.07554,0.07658,-0.012446,5e-05,0.012496,1.3518
2026-06-08T08:59:17.437762+00:00Z,mexc,bybit,ALLOUSDT,0.912,0.45717,0.46134,-8.7e-05,5e-05,0.000137,0.9119
2026-06-08T08:59:17.437762+00:00Z,mexc,gate,ALLOUSDT,0.713,0.45717,0.46043,-8.7e-05,-9e-06,7.8e-05,0.7129
2026-06-08T08:59:17.437762+00:00Z,gate,bybit,ESPORTSUSDT,0.7129,0.07604,0.07658,0.002773,5e-05,-0.002723,0.7156
2026-06-08T08:59:17.437762+00:00Z,mexc,gate,PIPPINUSDT,0.7115,0.01827,0.0184,5e-05,0.000123,7.3e-05,0.7114
2026-06-08T08:59:17.437762+00:00Z,mexc,bybit,PIPPINUSDT,0.6021,0.01827,0.01838,5e-05,5e-05,0.0,0.6021
2026-06-08T08:59:17.437762+00:00Z,mexc,gate,ESPORTSUSDT,0.5805,0.07554,0.07599,-0.012446,0.002773,0.015219,0.5653
2026-06-08T08:59:19.459012+00:00Z,mexc,bybit,ESPORTSUSDT,1.4569,0.07554,0.07665,-0.012446,5e-05,0.012496,1.4444
2026-06-08T08:59:19.459012+00:00Z,mexc,bybit,ALLOUSDT,0.9142,0.45717,0.46135,-8.7e-05,5e-05,0.000137,0.914
2026-06-08T08:59:19.459012+00:00Z,mexc,gate,ESPORTSUSDT,0.7658,0.07554,0.07613,-0.012446,0.002773,0.015219,0.7506
2026-06-08T08:59:19.459012+00:00Z,mexc,gate,ALLOUSDT,0.7305,0.45717,0.46051,-8.7e-05,-9e-06,7.8e-05,0.7304
2026-06-08T08:59:19.459012+00:00Z,mexc,gate,PIPPINUSDT,0.7115,0.01827,0.0184,5e-05,0.000123,7.3e-05,0.7114
2026-06-08T08:59:19.459012+00:00Z,gate,bybit,ESPORTSUSDT,0.6065,0.07619,0.07665,0.002773,5e-05,-0.002723,0.6092
2026-06-08T08:59:19.459012+00:00Z,mexc,bybit,PIPPINUSDT,0.5473,0.01827,0.01837,5e-05,5e-05,0.0,0.5473
2026-06-08T08:59:21.487423+00:00Z,mexc,bybit,ALLOUSDT,0.8617,0.45717,0.46111,-8.7e-05,5e-05,0.000137,0.8615
2026-06-08T08:59:21.487423+00:00Z,mexc,bybit,ESPORTSUSDT,0.7421,0.07554,0.07611,-0.012446,5e-05,0.012496,0.7296
2026-06-08T08:59:21.487423+00:00Z,mexc,gate,PIPPINUSDT,0.7115,0.01827,0.0184,5e-05,0.000123,7.3e-05,0.7114
2026-06-08T08:59:21.487423+00:00Z,mexc,gate,ALLOUSDT,0.6846,0.45717,0.4603,-8.7e-05,-9e-06,7.8e-05,0.6845
2026-06-08T08:59:23.662934+00:00Z,mexc,bybit,ESPORTSUSDT,1.0863,0.07554,0.07637,-0.012446,5e-05,0.012496,1.0738
2026-06-08T08:59:23.662934+00:00Z,mexc,bybit,ALLOUSDT,0.7983,0.45717,0.46082,-8.7e-05,5e-05,0.000137,0.7981
2026-06-08T08:59:23.662934+00:00Z,mexc,gate,PIPPINUSDT,0.7115,0.01827,0.0184,5e-05,0.000123,7.3e-05,0.7114
2026-06-08T08:59:23.662934+00:00Z,mexc,gate,ALLOUSDT,0.6496,0.45717,0.46014,-8.7e-05,-9e-06,7.8e-05,0.6495
2026-06-08T08:59:23.662934+00:00Z,gate,bybit,ESPORTSUSDT,0.5955,0.07592,0.07637,0.002773,5e-05,-0.002723,0.5982
2026-06-08T08:59:25.680970+00:00Z,mexc,bybit,ESPORTSUSDT,1.2186,0.07554,0.07647,-0.012446,5e-05,0.012496,1.2061
2026-06-08T08:59:25.680970+00:00Z,mexc,bybit,PIPPINUSDT,0.9852,0.01827,0.01845,5e-05,5e-05,0.0,0.9852
2026-06-08T08:59:25.680970+00:00Z,mexc,bybit,ALLOUSDT,0.8464,0.45717,0.46104,-8.7e-05,5e-05,0.000137,0.8462
2026-06-08T08:59:25.680970+00:00Z,gate,bybit,ESPORTSUSDT,0.767,0.07589,0.07647,0.002773,5e-05,-0.002723,0.7697
2026-06-08T08:59:25.680970+00:00Z,mexc,gate,PIPPINUSDT,0.7115,0.01827,0.0184,5e-05,0.000123,7.3e-05,0.7114
2026-06-08T08:59:25.680970+00:00Z,mexc,gate,ALLOUSDT,0.6868,0.45717,0.46031,-8.7e-05,-9e-06,7.8e-05,0.6867
2026-06-08T08:59:27.701630+00:00Z,mexc,bybit,ALLOUSDT,0.9798,0.45717,0.46165,-8.7e-05,5e-05,0.000137,0.9797
2026-06-08T08:59:27.701630+00:00Z,mexc,bybit,PIPPINUSDT,0.821,0.01827,0.01842,5e-05,5e-05,0.0,0.821
2026-06-08T08:59:27.701630+00:00Z,mexc,gate,ALLOUSDT,0.7786,0.45717,0.46073,-8.7e-05,-9e-06,7.8e-05,0.7785
2026-06-08T08:59:27.701630+00:00Z,mexc,bybit,ESPORTSUSDT,0.7156,0.07554,0.07609,-0.012446,5e-05,0.012496,0.7031
2026-06-08T08:59:27.701630+00:00Z,mexc,gate,PIPPINUSDT,0.7115,0.01827,0.0184,5e-05,0.000123,7.3e-05,0.7114
2026-06-08T08:59:27.701630+00:00Z,gate,bybit,ESPORTSUSDT,0.6509,0.0756,0.07609,0.002773,5e-05,-0.002723,0.6536
2026-06-08T08:59:29.721088+00:00Z,mexc,gate,PIPPINUSDT,1.2588,0.01827,0.0185,5e-05,0.000123,7.3e-05,1.2587
2026-06-08T08:59:29.721088+00:00Z,mexc,bybit,ESPORTSUSDT,0.8347,0.07554,0.07618,-0.012446,5e-05,0.012496,0.8222
2026-06-08T08:59:29.721088+00:00Z,mexc,bybit,ALLOUSDT,0.6101,0.45717,0.45996,-8.7e-05,5e-05,0.000137,0.61
2026-06-08T08:59:29.721088+00:00Z,gate,bybit,ESPORTSUSDT,0.5704,0.07575,0.07618,0.002773,5e-05,-0.002723,0.5731
2026-06-08T08:59:29.721088+00:00Z,mexc,gate,ALLOUSDT,0.5577,0.45717,0.45972,-8.7e-05,-9e-06,7.8e-05,0.5576
2026-06-08T08:59:31.747825+00:00Z,gate,bybit,ESPORTSUSDT,0.6225,0.07583,0.0763,0.002773,5e-05,-0.002723,0.6253
2026-06-08T08:59:33.763273+00:00Z,gate,bybit,ESPORTSUSDT,0.7148,0.07584,0.07638,0.002795,5e-05,-0.002745,0.7175
2026-06-08T08:59:35.778527+00:00Z,gate,mexc,ALLOUSDT,0.5202,0.45571,0.45808,0.0,-8.7e-05,-8.7e-05,0.5202
2026-06-08T08:59:37.795245+00:00Z,gate,bybit,ESPORTSUSDT,0.7532,0.07595,0.07652,0.002795,5e-05,-0.002745,0.756
2026-06-08T08:59:39.809958+00:00Z,gate,bybit,ESPORTSUSDT,0.7527,0.076,0.07657,0.002795,5e-05,-0.002745,0.7555
2026-06-08T08:59:41.827060+00:00Z,gate,bybit,ESPORTSUSDT,0.7006,0.07595,0.07648,0.002795,5e-05,-0.002745,0.7033
2026-06-08T08:59:43.838143+00:00Z,gate,bybit,ESPORTSUSDT,0.7414,0.07581,0.07637,0.002795,5e-05,-0.002745,0.7442
2026-06-08T08:59:43.838143+00:00Z,gate,mexc,ESPORTSUSDT,0.6616,0.07581,0.0763,0.002795,-0.012446,-0.015241,0.6768
2026-06-08T08:59:45.850525+00:00Z,gate,bybit,ESPORTSUSDT,0.7685,0.07574,0.07632,0.002795,5e-05,-0.002745,0.7713
2026-06-08T08:59:45.850525+00:00Z,gate,mexc,ESPORTSUSDT,0.5962,0.07574,0.07618,0.002795,-0.012446,-0.015241,0.6114
2026-06-08T08:59:47.854815+00:00Z,gate,bybit,ESPORTSUSDT,0.6762,0.07573,0.07624,0.002795,5e-05,-0.002745,0.6789
2026-06-08T08:59:47.854815+00:00Z,gate,mexc,ESPORTSUSDT,0.6095,0.07573,0.07618,0.002795,-0.012446,-0.015241,0.6247
2026-06-08T08:59:49.886784+00:00Z,gate,bybit,ESPORTSUSDT,0.7159,0.07572,0.07626,0.002795,5e-05,-0.002745,0.7186
2026-06-08T08:59:51.889602+00:00Z,gate,bybit,ESPORTSUSDT,0.7159,0.07572,0.07626,0.002795,5e-05,-0.002745,0.7186
2026-06-08T08:59:51.889602+00:00Z,gate,mexc,ESPORTSUSDT,0.6624,0.07572,0.07621,0.002795,-0.012446,-0.015241,0.6776
2026-06-08T08:59:53.905650+00:00Z,gate,bybit,ESPORTSUSDT,0.8747,0.07569,0.07635,0.002795,5e-05,-0.002745,0.8775
2026-06-08T08:59:53.905650+00:00Z,gate,mexc,ESPORTSUSDT,0.6758,0.07569,0.07619,0.002795,-0.012446,-0.015241,0.6911
2026-06-08T08:59:55.921665+00:00Z,gate,bybit,ESPORTSUSDT,0.7857,0.07536,0.07595,0.002795,5e-05,-0.002745,0.7884
2026-06-08T08:59:57.936105+00:00Z,gate,bybit,ESPORTSUSDT,0.8899,0.07552,0.07619,0.002795,5e-05,-0.002745,0.8927
2026-06-08T08:59:57.936105+00:00Z,gate,mexc,ESPORTSUSDT,0.5846,0.07552,0.07595,0.002795,-0.012446,-0.015241,0.5999
2026-06-08T08:59:59.941276+00:00Z,gate,bybit,ESPORTSUSDT,0.7226,0.07501,0.07555,0.002795,5e-05,-0.002745,0.7254
2026-06-08T09:00:01.957703+00:00Z,gate,bybit,ESPORTSUSDT,0.696,0.07501,0.07553,0.002795,5e-05,-0.002745,0.6987
2026-06-08T09:00:01.957703+00:00Z,gate,mexc,ESPORTSUSDT,0.5483,0.07501,0.07541,0.002795,-0.012282,-0.015077,0.5634
2026-06-08T09:00:03.973868+00:00Z,gate,bybit,ESPORTSUSDT,0.8305,0.0749,0.07552,0.002795,5e-05,-0.002745,0.8333
2026-06-08T09:00:05.994218+00:00Z,gate,bybit,ESPORTSUSDT,0.7373,0.07488,0.07543,0.002795,5e-05,-0.002745,0.74
2026-06-08T09:00:05.994218+00:00Z,gate,mexc,ESPORTSUSDT,0.6828,0.07488,0.07538,0.002795,-0.012282,-0.015077,0.6979
2026-06-08T09:00:08.002753+00:00Z,gate,bybit,ESPORTSUSDT,0.9098,0.07497,0.07565,0.002795,5e-05,-0.002745,0.9125
2026-06-08T09:00:08.002753+00:00Z,gate,mexc,ESPORTSUSDT,0.602,0.07497,0.07541,0.002795,-0.012282,-0.015077,0.6171
2026-06-08T09:00:10.019922+00:00Z,gate,bybit,ESPORTSUSDT,0.5216,0.07516,0.07555,0.002795,5e-05,-0.002745,0.5244
2026-06-08T09:00:12.034955+00:00Z,gate,mexc,ESPORTSUSDT,0.8408,0.07509,0.07571,0.002795,-0.012282,-0.015077,0.8558
2026-06-08T09:00:12.034955+00:00Z,gate,bybit,ESPORTSUSDT,0.6553,0.07509,0.07558,0.002795,5e-05,-0.002745,0.658
2026-06-08T09:00:14.050756+00:00Z,gate,bybit,ESPORTSUSDT,0.8024,0.07503,0.07563,0.002795,5e-05,-0.002745,0.8052
2026-06-08T09:00:14.050756+00:00Z,gate,mexc,ESPORTSUSDT,0.6948,0.07503,0.07554,0.002795,-0.012282,-0.015077,0.7099
2026-06-08T09:00:16.066798+00:00Z,gate,mexc,ESPORTSUSDT,0.5887,0.07496,0.07539,0.002795,-0.012282,-0.015077,0.6038
2026-06-08T09:00:18.069980+00:00Z,gate,bybit,ESPORTSUSDT,0.8461,0.0747,0.07533,0.002795,5e-05,-0.002745,0.8489
2026-06-08T09:00:18.069980+00:00Z,gate,mexc,ESPORTSUSDT,0.6576,0.0747,0.07518,0.002795,-0.012282,-0.015077,0.6727
2026-06-08T09:00:20.087784+00:00Z,gate,bybit,ESPORTSUSDT,0.8447,0.07483,0.07546,0.002795,5e-05,-0.002745,0.8474
2026-06-08T09:00:20.087784+00:00Z,gate,mexc,ESPORTSUSDT,0.5496,0.07483,0.07523,0.002795,-0.012282,-0.015077,0.5647
2026-06-08T09:00:22.110736+00:00Z,gate,mexc,ESPORTSUSDT,0.6948,0.07503,0.07554,0.002795,-0.012282,-0.015077,0.7099
2026-06-08T09:00:22.110736+00:00Z,gate,bybit,ESPORTSUSDT,0.6025,0.07503,0.07548,0.002795,5e-05,-0.002745,0.6052
2026-06-08T09:00:24.128722+00:00Z,gate,bybit,ESPORTSUSDT,0.666,0.07539,0.07589,0.002795,5e-05,-0.002745,0.6687
2026-06-08T09:00:26.144430+00:00Z,gate,bybit,ESPORTSUSDT,0.6416,0.07513,0.07561,0.002795,5e-05,-0.002745,0.6444
2026-06-08T09:00:26.144430+00:00Z,gate,mexc,ESPORTSUSDT,0.5608,0.07513,0.07554,0.002795,-0.012282,-0.015077,0.5759
2026-06-08T09:00:28.160910+00:00Z,gate,mexc,ESPORTSUSDT,0.8927,0.0752,0.07586,0.002795,-0.012282,-0.015077,0.9078
2026-06-08T09:00:28.160910+00:00Z,gate,bybit,ESPORTSUSDT,0.8006,0.0752,0.0758,0.002795,5e-05,-0.002745,0.8034
2026-06-08T09:00:30.168998+00:00Z,gate,bybit,ESPORTSUSDT,0.8529,0.07528,0.07592,0.002795,5e-05,-0.002745,0.8556
2026-06-08T09:00:30.168998+00:00Z,gate,mexc,ESPORTSUSDT,0.7855,0.07528,0.07586,0.002795,-0.012282,-0.015077,0.8006
2026-06-08T09:00:32.185238+00:00Z,gate,mexc,ESPORTSUSDT,0.7321,0.07531,0.07585,0.002795,-0.012282,-0.015077,0.7472
2026-06-08T09:00:32.185238+00:00Z,gate,bybit,ESPORTSUSDT,0.7065,0.07531,0.07584,0.002795,5e-05,-0.002745,0.7092
2026-06-08T09:00:34.189740+00:00Z,gate,mexc,ESPORTSUSDT,0.7587,0.0753,0.07586,0.002707,-0.012282,-0.014989,0.7737
2026-06-08T09:00:34.189740+00:00Z,gate,bybit,ESPORTSUSDT,0.5737,0.0753,0.07573,0.002707,5e-05,-0.002657,0.5764
2026-06-08T09:00:36.206724+00:00Z,gate,mexc,ESPORTSUSDT,0.8219,0.0756,0.07621,0.002707,-0.012282,-0.014989,0.8369
2026-06-08T09:00:36.206724+00:00Z,gate,bybit,ESPORTSUSDT,0.5318,0.0756,0.076,0.002707,5e-05,-0.002657,0.5344
2026-06-08T09:00:38.218270+00:00Z,gate,mexc,ESPORTSUSDT,1.0225,0.07543,0.07619,0.002707,-0.012282,-0.014989,1.0375
2026-06-08T09:00:38.218270+00:00Z,gate,bybit,ESPORTSUSDT,0.8114,0.07543,0.07604,0.002707,5e-05,-0.002657,0.814
2026-06-08T09:00:40.239975+00:00Z,gate,bybit,ESPORTSUSDT,0.8428,0.07499,0.07562,0.002707,5e-05,-0.002657,0.8454
2026-06-08T09:00:40.239975+00:00Z,gate,mexc,ESPORTSUSDT,0.7484,0.07499,0.07554,0.002707,-0.012282,-0.014989,0.7634
2026-06-08T09:00:42.258333+00:00Z,gate,bybit,ESPORTSUSDT,0.9884,0.07507,0.07581,0.002707,5e-05,-0.002657,0.9911
2026-06-08T09:00:42.258333+00:00Z,gate,mexc,ESPORTSUSDT,0.6411,0.07507,0.07554,0.002707,-0.012282,-0.014989,0.6561
2026-06-08T09:00:44.261422+00:00Z,gate,mexc,ESPORTSUSDT,0.7619,0.07498,0.07554,0.002707,-0.012282,-0.014989,0.7768
2026-06-08T09:00:44.261422+00:00Z,gate,bybit,ESPORTSUSDT,0.5628,0.07498,0.0754,0.002707,5e-05,-0.002657,0.5655
2026-06-08T09:00:46.283395+00:00Z,gate,mexc,ESPORTSUSDT,0.6545,0.07506,0.07554,0.002707,-0.012282,-0.014989,0.6695
2026-06-08T09:00:48.287874+00:00Z,gate,mexc,ESPORTSUSDT,0.6277,0.07508,0.07554,0.002707,-0.012282,-0.014989,0.6427
2026-06-08T09:00:48.287874+00:00Z,gate,bybit,ESPORTSUSDT,0.5754,0.07508,0.07551,0.002707,5e-05,-0.002657,0.578
2026-06-08T09:00:50.303511+00:00Z,gate,bybit,ESPORTSUSDT,0.8432,0.07495,0.07558,0.002707,5e-05,-0.002657,0.8459
2026-06-08T09:00:50.303511+00:00Z,gate,mexc,ESPORTSUSDT,0.8022,0.07495,0.07554,0.002707,-0.012282,-0.014989,0.8172
2026-06-08T09:00:52.323431+00:00Z,gate,mexc,ESPORTSUSDT,0.9773,0.07482,0.07554,0.002707,-0.012282,-0.014989,0.9923
2026-06-08T09:00:52.323431+00:00Z,gate,bybit,ESPORTSUSDT,0.7645,0.07482,0.07539,0.002707,5e-05,-0.002657,0.7671
2026-06-08T09:00:54.345564+00:00Z,gate,mexc,ESPORTSUSDT,0.8695,0.0749,0.07554,0.002707,-0.012282,-0.014989,0.8845
2026-06-08T09:00:54.345564+00:00Z,gate,bybit,ESPORTSUSDT,0.8571,0.0749,0.07554,0.002707,5e-05,-0.002657,0.8598
2026-06-08T09:00:56.361868+00:00Z,gate,mexc,ESPORTSUSDT,1.0178,0.07479,0.07554,0.002707,-0.012282,-0.014989,1.0328
2026-06-08T09:00:58.376972+00:00Z,gate,mexc,ESPORTSUSDT,1.126,0.07471,0.07554,0.002707,-0.012282,-0.014989,1.1409
2026-06-08T09:00:58.376972+00:00Z,gate,bybit,ESPORTSUSDT,0.8861,0.07471,0.07537,0.002707,5e-05,-0.002657,0.8887
2026-06-08T09:01:00.380579+00:00Z,gate,mexc,ESPORTSUSDT,1.3158,0.07457,0.07554,0.002707,-0.012282,-0.014989,1.3308
2026-06-08T09:01:00.380579+00:00Z,gate,bybit,ESPORTSUSDT,0.5659,0.07457,0.07499,0.002707,5e-05,-0.002657,0.5685
2026-06-08T09:01:02.396257+00:00Z,gate,mexc,ESPORTSUSDT,1.7113,0.07428,0.07554,0.002707,-0.012282,-0.014989,1.7263
2026-06-08T09:01:02.396257+00:00Z,gate,bybit,ESPORTSUSDT,0.8373,0.07428,0.0749,0.002707,5e-05,-0.002657,0.84
2026-06-08T09:01:02.396257+00:00Z,bybit,mexc,ESPORTSUSDT,0.7995,0.07495,0.07554,5e-05,-0.012282,-0.012332,0.8119
2026-06-08T09:01:02.396257+00:00Z,mexc,bybit,ALLOUSDT,0.5819,0.45358,0.45622,-8.6e-05,5e-05,0.000136,0.5818
2026-06-08T09:01:04.420689+00:00Z,gate,mexc,ESPORTSUSDT,1.9446,0.07411,0.07554,0.002707,-0.012282,-0.014989,1.9595
2026-06-08T09:01:04.420689+00:00Z,bybit,mexc,ESPORTSUSDT,0.8264,0.07493,0.07554,5e-05,-0.012282,-0.012332,0.8388
2026-06-08T09:01:04.420689+00:00Z,gate,bybit,ESPORTSUSDT,0.8258,0.07411,0.07472,0.002707,5e-05,-0.002657,0.8284
2026-06-08T09:01:04.420689+00:00Z,mexc,bybit,ALLOUSDT,0.7208,0.45358,0.45685,-8.6e-05,5e-05,0.000136,0.7207
2026-06-08T09:01:04.420689+00:00Z,mexc,gate,ALLOUSDT,0.5864,0.45358,0.45624,-8.6e-05,-3e-06,8.3e-05,0.5863
2026-06-08T09:01:06.440725+00:00Z,gate,mexc,ESPORTSUSDT,2.2619,0.07388,0.07554,0.002707,-0.012282,-0.014989,2.2769
2026-06-08T09:01:06.440725+00:00Z,bybit,mexc,ESPORTSUSDT,1.1233,0.07471,0.07554,5e-05,-0.012282,-0.012332,1.1356
2026-06-08T09:01:06.440725+00:00Z,mexc,bybit,ALLOUSDT,0.7384,0.45358,0.45693,-8.6e-05,5e-05,0.000136,0.7383
2026-06-08T09:01:06.440725+00:00Z,gate,bybit,ESPORTSUSDT,0.693,0.07388,0.07439,0.002707,5e-05,-0.002657,0.6956
2026-06-08T09:01:06.440725+00:00Z,mexc,gate,ALLOUSDT,0.5621,0.45358,0.45613,-8.6e-05,-3e-06,8.3e-05,0.562
2026-06-08T09:01:08.445106+00:00Z,gate,mexc,ESPORTSUSDT,2.1927,0.07393,0.07554,0.002707,-0.012282,-0.014989,2.2077
2026-06-08T09:01:08.445106+00:00Z,bybit,mexc,ESPORTSUSDT,1.2181,0.07464,0.07554,5e-05,-0.012282,-0.012332,1.2305
2026-06-08T09:01:08.445106+00:00Z,gate,bybit,ESPORTSUSDT,0.8548,0.07393,0.07456,0.002707,5e-05,-0.002657,0.8575
2026-06-08T09:01:08.445106+00:00Z,mexc,bybit,ALLOUSDT,0.6282,0.45358,0.45643,-8.6e-05,5e-05,0.000136,0.6281
2026-06-08T09:01:08.445106+00:00Z,mexc,gate,ALLOUSDT,0.5621,0.45358,0.45613,-8.6e-05,-3e-06,8.3e-05,0.562
2026-06-08T09:01:10.450984+00:00Z,gate,mexc,ESPORTSUSDT,2.2757,0.07387,0.07554,0.002707,-0.012282,-0.014989,2.2907
2026-06-08T09:01:10.450984+00:00Z,bybit,mexc,ESPORTSUSDT,1.2995,0.07458,0.07554,5e-05,-0.012282,-0.012332,1.3119
2026-06-08T09:01:10.450984+00:00Z,gate,bybit,ESPORTSUSDT,0.8284,0.07387,0.07448,0.002707,5e-05,-0.002657,0.8311
2026-06-08T09:01:10.450984+00:00Z,mexc,bybit,ALLOUSDT,0.7803,0.45358,0.45712,-8.6e-05,5e-05,0.000136,0.7802
2026-06-08T09:01:10.450984+00:00Z,mexc,gate,ALLOUSDT,0.5996,0.45358,0.4563,-8.6e-05,-3e-06,8.3e-05,0.5995
2026-06-08T09:01:12.456989+00:00Z,gate,mexc,ESPORTSUSDT,0.8259,0.07399,0.07459,0.002707,-0.012282,-0.014989,0.8409
2026-06-08T09:01:12.456989+00:00Z,gate,bybit,ESPORTSUSDT,0.7865,0.07399,0.07457,0.002707,5e-05,-0.002657,0.7892
2026-06-08T09:01:14.477358+00:00Z,gate,bybit,ESPORTSUSDT,0.5455,0.07368,0.07408,0.002707,5e-05,-0.002657,0.5482
2026-06-08T09:01:16.479323+00:00Z,gate,bybit,ESPORTSUSDT,0.9489,0.07398,0.07468,0.002707,5e-05,-0.002657,0.9515
2026-06-08T09:01:18.498398+00:00Z,gate,bybit,ESPORTSUSDT,0.8366,0.07435,0.07497,0.002707,5e-05,-0.002657,0.8392
2026-06-08T09:01:20.501962+00:00Z,gate,bybit,ESPORTSUSDT,0.757,0.07424,0.0748,0.002707,5e-05,-0.002657,0.7596
2026-06-08T09:01:22.504398+00:00Z,gate,bybit,ESPORTSUSDT,0.7279,0.07446,0.075,0.002707,5e-05,-0.002657,0.7305
2026-06-08T09:01:24.508577+00:00Z,gate,bybit,ESPORTSUSDT,0.8803,0.07406,0.07471,0.002707,5e-05,-0.002657,0.883
2026-06-08T09:01:24.508577+00:00Z,gate,mexc,ESPORTSUSDT,0.7171,0.07406,0.07458,0.002707,-0.012282,-0.014989,0.7321
2026-06-08T09:01:26.523974+00:00Z,gate,bybit,ESPORTSUSDT,0.7732,0.07397,0.07454,0.002707,5e-05,-0.002657,0.7759
2026-06-08T09:01:26.523974+00:00Z,gate,mexc,ESPORTSUSDT,0.6504,0.07397,0.07444,0.002707,-0.012282,-0.014989,0.6654
2026-06-08T09:01:28.541361+00:00Z,gate,bybit,ESPORTSUSDT,0.8001,0.07399,0.07458,0.002707,5e-05,-0.002657,0.8027
2026-06-08T09:01:30.556876+00:00Z,gate,mexc,ESPORTSUSDT,0.6625,0.07413,0.07461,0.002707,-0.012282,-0.014989,0.6775
2026-06-08T09:01:32.572828+00:00Z,gate,bybit,ESPORTSUSDT,0.6482,0.07436,0.07484,0.002707,5e-05,-0.002657,0.6508
2026-06-08T09:01:34.587870+00:00Z,gate,bybit,ESPORTSUSDT,0.794,0.07455,0.07514,0.002642,5e-05,-0.002592,0.7966
2026-06-08T09:01:36.602858+00:00Z,gate,bybit,ESPORTSUSDT,0.631,0.07479,0.07526,0.002642,5e-05,-0.002592,0.6336
2026-06-08T09:01:36.602858+00:00Z,gate,mexc,ESPORTSUSDT,0.63,0.07479,0.07525,0.002642,-0.012282,-0.014924,0.6449
2026-06-08T09:01:38.605493+00:00Z,gate,bybit,ESPORTSUSDT,0.512,0.07459,0.07497,0.002642,5e-05,-0.002592,0.5146
2026-06-08T09:01:40.609634+00:00Z,gate,mexc,ESPORTSUSDT,0.6008,0.0751,0.07554,0.002642,-0.012282,-0.014924,0.6157
2026-06-08T09:01:40.609634+00:00Z,gate,bybit,ESPORTSUSDT,0.5485,0.0751,0.07551,0.002642,5e-05,-0.002592,0.5511
2026-06-08T09:01:42.625612+00:00Z,gate,mexc,ESPORTSUSDT,0.762,0.07496,0.07552,0.002642,-0.012282,-0.014924,0.7769
2026-06-08T09:01:42.625612+00:00Z,gate,bybit,ESPORTSUSDT,0.723,0.07496,0.0755,0.002642,5e-05,-0.002592,0.7256
2026-06-08T09:01:44.629609+00:00Z,gate,bybit,ESPORTSUSDT,0.6704,0.07487,0.07537,0.002642,5e-05,-0.002592,0.673
2026-06-08T09:01:46.631387+00:00Z,gate,mexc,ESPORTSUSDT,0.6167,0.07478,0.07523,0.002642,-0.012282,-0.014924,0.6316
2026-06-08T09:01:46.631387+00:00Z,gate,bybit,ESPORTSUSDT,0.591,0.07478,0.07522,0.002642,5e-05,-0.002592,0.5936
2026-06-08T09:01:48.647716+00:00Z,gate,bybit,ESPORTSUSDT,0.6448,0.07474,0.07522,0.002642,5e-05,-0.002592,0.6474
2026-06-08T09:01:50.649619+00:00Z,gate,bybit,ESPORTSUSDT,0.6828,0.07498,0.07549,0.002642,5e-05,-0.002592,0.6854
2026-06-08T09:01:52.664455+00:00Z,gate,bybit,ESPORTSUSDT,0.6537,0.07526,0.07575,0.002642,5e-05,-0.002592,0.6563
2026-06-08T09:01:56.668853+00:00Z,gate,bybit,ESPORTSUSDT,0.6801,0.07528,0.07579,0.002642,5e-05,-0.002592,0.6827
2026-06-08T09:01:56.668853+00:00Z,gate,mexc,ESPORTSUSDT,0.6127,0.07528,0.07573,0.002642,-0.012282,-0.014924,0.6276
2026-06-08T09:01:58.685336+00:00Z,gate,bybit,ESPORTSUSDT,0.6018,0.0751,0.07555,0.002642,5e-05,-0.002592,0.6044
2026-06-08T09:02:00.700358+00:00Z,gate,bybit,ESPORTSUSDT,0.8821,0.07504,0.0757,0.002642,5e-05,-0.002592,0.8847
2026-06-08T09:02:00.700358+00:00Z,gate,mexc,ESPORTSUSDT,0.6812,0.07504,0.07554,0.002642,-0.012282,-0.014924,0.6962
2026-06-08T09:02:02.715644+00:00Z,gate,bybit,ESPORTSUSDT,0.6937,0.07524,0.07576,0.002642,5e-05,-0.002592,0.6963
2026-06-08T09:02:02.715644+00:00Z,gate,mexc,ESPORTSUSDT,0.6527,0.07524,0.07572,0.002642,-0.012109,-0.014751,0.6675
2026-06-08T09:02:04.733009+00:00Z,gate,bybit,ESPORTSUSDT,0.7749,0.0751,0.07568,0.002642,5e-05,-0.002592,0.7775
2026-06-08T09:02:04.733009+00:00Z,gate,mexc,ESPORTSUSDT,0.6006,0.0751,0.07554,0.002642,-0.012109,-0.014751,0.6154
2026-06-08T09:02:06.751352+00:00Z,gate,bybit,ESPORTSUSDT,0.8171,0.07489,0.0755,0.002642,5e-05,-0.002592,0.8197
2026-06-08T09:02:08.767751+00:00Z,gate,mexc,ESPORTSUSDT,0.5896,0.0748,0.07523,0.002642,-0.012109,-0.014751,0.6044
2026-06-08T09:02:08.767751+00:00Z,gate,bybit,ESPORTSUSDT,0.5641,0.0748,0.07522,0.002642,5e-05,-0.002592,0.5667
2026-06-08T09:02:10.783240+00:00Z,gate,bybit,ESPORTSUSDT,0.7122,0.07469,0.07522,0.002642,5e-05,-0.002592,0.7148
2026-06-08T09:02:12.798183+00:00Z,gate,mexc,ESPORTSUSDT,0.7094,0.07486,0.07538,0.002642,-0.012109,-0.014751,0.7241
2026-06-08T09:02:12.798183+00:00Z,gate,bybit,ESPORTSUSDT,0.5503,0.07486,0.07527,0.002642,5e-05,-0.002592,0.5529
2026-06-08T09:02:14.818496+00:00Z,gate,bybit,ESPORTSUSDT,0.7214,0.07512,0.07566,0.002642,5e-05,-0.002592,0.724
2026-06-08T09:02:14.818496+00:00Z,gate,mexc,ESPORTSUSDT,0.5739,0.07512,0.07554,0.002642,-0.012109,-0.014751,0.5886
